cidade,data_previsao,temperatura,umidade,proba_chuva,latitude,longitude
Uruçuí,2025-12-23 12:00:00,21.08,86,0.0,-7.2294,-44.5561
Uruçuí,2025-12-23 15:00:00,24.68,70,0.0,-7.2294,-44.5561
Uruçuí,2025-12-23 18:00:00,27.27,62,0.0,-7.2294,-44.5561
Uruçuí,2025-12-23 21:00:00,24.67,74,0.0,-7.2294,-44.5561
Uruçuí,2025-12-24 00:00:00,22.62,79,0.0,-7.2294,-44.5561
Uruçuí,2025-12-24 03:00:00,21.69,83,37.0,-7.2294,-44.5561
Uruçuí,2025-12-24 06:00:00,21.45,88,87.0,-7.2294,-44.5561
Uruçuí,2025-12-24 09:00:00,20.96,93,100.0,-7.2294,-44.5561
Uruçuí,2025-12-24 12:00:00,24.1,82,80.0,-7.2294,-44.5561
Uruçuí,2025-12-24 15:00:00,27.73,67,100.0,-7.2294,-44.5561
Uruçuí,2025-12-24 18:00:00,28.8,61,99.0,-7.2294,-44.5561
Uruçuí,2025-12-24 21:00:00,26.29,74,45.0,-7.2294,-44.5561
Uruçuí,2025-12-25 00:00:00,25.07,79,21.0,-7.2294,-44.5561
Uruçuí,2025-12-25 03:00:00,24.18,83,0.0,-7.2294,-44.5561
Uruçuí,2025-12-25 06:00:00,23.39,87,0.0,-7.2294,-44.5561
Uruçuí,2025-12-25 09:00:00,22.95,89,100.0,-7.2294,-44.5561
Uruçuí,2025-12-25 12:00:00,26.66,75,100.0,-7.2294,-44.5561
Uruçuí,2025-12-25 15:00:00,28.02,64,98.0,-7.2294,-44.5561
Uruçuí,2025-12-25 18:00:00,25.81,78,93.0,-7.2294,-44.5561
Uruçuí,2025-12-25 21:00:00,25.69,74,0.0,-7.2294,-44.5561
Uruçuí,2025-12-26 00:00:00,24.75,79,0.0,-7.2294,-44.5561
Uruçuí,2025-12-26 03:00:00,23.84,84,0.0,-7.2294,-44.5561
Uruçuí,2025-12-26 06:00:00,22.52,91,0.0,-7.2294,-44.5561
Uruçuí,2025-12-26 09:00:00,22.17,93,0.0,-7.2294,-44.5561
Uruçuí,2025-12-26 12:00:00,27.0,71,0.0,-7.2294,-44.5561
Uruçuí,2025-12-26 15:00:00,30.68,55,34.0,-7.2294,-44.5561
Uruçuí,2025-12-26 18:00:00,28.06,71,58.0,-7.2294,-44.5561
Uruçuí,2025-12-26 21:00:00,25.92,83,100.0,-7.2294,-44.5561
Uruçuí,2025-12-27 00:00:00,24.26,85,78.0,-7.2294,-44.5561
Uruçuí,2025-12-27 03:00:00,23.63,86,0.0,-7.2294,-44.5561
Uruçuí,2025-12-27 06:00:00,22.67,89,0.0,-7.2294,-44.5561
Uruçuí,2025-12-27 09:00:00,23.22,86,0.0,-7.2294,-44.5561
Uruçuí,2025-12-27 12:00:00,28.39,67,30.0,-7.2294,-44.5561
Uruçuí,2025-12-27 15:00:00,29.56,64,100.0,-7.2294,-44.5561
Uruçuí,2025-12-27 18:00:00,29.83,63,100.0,-7.2294,-44.5561
Uruçuí,2025-12-27 21:00:00,26.99,75,33.0,-7.2294,-44.5561
Uruçuí,2025-12-28 00:00:00,24.55,83,13.0,-7.2294,-44.5561
Uruçuí,2025-12-28 03:00:00,23.22,88,0.0,-7.2294,-44.5561
Uruçuí,2025-12-28 06:00:00,22.87,88,0.0,-7.2294,-44.5561
Uruçuí,2025-12-28 09:00:00,22.38,90,0.0,-7.2294,-44.5561
Barreiras,2025-12-23 12:00:00,20.09,90,77.0,-12.1528,-44.99
Barreiras,2025-12-23 15:00:00,25.7,66,0.0,-12.1528,-44.99
Barreiras,2025-12-23 18:00:00,27.72,57,0.0,-12.1528,-44.99
Barreiras,2025-12-23 21:00:00,24.58,75,56.0,-12.1528,-44.99
Barreiras,2025-12-24 00:00:00,21.65,85,37.0,-12.1528,-44.99
Barreiras,2025-12-24 03:00:00,20.84,88,0.0,-12.1528,-44.99
Barreiras,2025-12-24 06:00:00,19.97,88,0.0,-12.1528,-44.99
Barreiras,2025-12-24 09:00:00,19.21,89,0.0,-12.1528,-44.99
Barreiras,2025-12-24 12:00:00,24.09,69,0.0,-12.1528,-44.99
Barreiras,2025-12-24 15:00:00,29.78,46,0.0,-12.1528,-44.99
Barreiras,2025-12-24 18:00:00,29.89,45,0.0,-12.1528,-44.99
Barreiras,2025-12-24 21:00:00,23.87,69,0.0,-12.1528,-44.99
Barreiras,2025-12-25 00:00:00,22.26,71,0.0,-12.1528,-44.99
Barreiras,2025-12-25 03:00:00,22.26,78,33.0,-12.1528,-44.99
Barreiras,2025-12-25 06:00:00,20.35,86,11.0,-12.1528,-44.99
Barreiras,2025-12-25 09:00:00,20.04,87,0.0,-12.1528,-44.99
Barreiras,2025-12-25 12:00:00,26.49,61,0.0,-12.1528,-44.99
Barreiras,2025-12-25 15:00:00,28.93,54,0.0,-12.1528,-44.99
Barreiras,2025-12-25 18:00:00,30.05,52,0.0,-12.1528,-44.99
Barreiras,2025-12-25 21:00:00,25.92,74,3.0,-12.1528,-44.99
Barreiras,2025-12-26 00:00:00,24.09,76,0.0,-12.1528,-44.99
Barreiras,2025-12-26 03:00:00,23.43,77,0.0,-12.1528,-44.99
Barreiras,2025-12-26 06:00:00,22.08,83,0.0,-12.1528,-44.99
Barreiras,2025-12-26 09:00:00,21.82,86,0.0,-12.1528,-44.99
Barreiras,2025-12-26 12:00:00,27.93,64,0.0,-12.1528,-44.99
Barreiras,2025-12-26 15:00:00,31.78,47,0.0,-12.1528,-44.99
Barreiras,2025-12-26 18:00:00,33.25,38,0.0,-12.1528,-44.99
Barreiras,2025-12-26 21:00:00,27.42,64,0.0,-12.1528,-44.99
Barreiras,2025-12-27 00:00:00,25.16,64,0.0,-12.1528,-44.99
Barreiras,2025-12-27 03:00:00,22.88,73,0.0,-12.1528,-44.99
Barreiras,2025-12-27 06:00:00,21.94,77,0.0,-12.1528,-44.99
Barreiras,2025-12-27 09:00:00,21.52,78,0.0,-12.1528,-44.99
Barreiras,2025-12-27 12:00:00,29.14,53,0.0,-12.1528,-44.99
Barreiras,2025-12-27 15:00:00,32.7,41,0.0,-12.1528,-44.99
Barreiras,2025-12-27 18:00:00,32.41,48,0.0,-12.1528,-44.99
Barreiras,2025-12-27 21:00:00,28.24,63,0.0,-12.1528,-44.99
Barreiras,2025-12-28 00:00:00,24.44,68,0.0,-12.1528,-44.99
Barreiras,2025-12-28 03:00:00,25.14,64,0.0,-12.1528,-44.99
Barreiras,2025-12-28 06:00:00,24.78,66,0.0,-12.1528,-44.99
Barreiras,2025-12-28 09:00:00,22.74,80,62.0,-12.1528,-44.99
Balsas,2025-12-23 12:00:00,20.45,89,0.0,-7.5325,-46.0356
Balsas,2025-12-23 15:00:00,24.12,73,0.0,-7.5325,-46.0356
Balsas,2025-12-23 18:00:00,26.2,70,0.0,-7.5325,-46.0356
Balsas,2025-12-23 21:00:00,24.19,79,70.0,-7.5325,-46.0356
Balsas,2025-12-24 00:00:00,22.55,86,54.0,-7.5325,-46.0356
Balsas,2025-12-24 03:00:00,21.56,89,0.0,-7.5325,-46.0356
Balsas,2025-12-24 06:00:00,21.74,88,0.0,-7.5325,-46.0356
Balsas,2025-12-24 09:00:00,21.18,90,0.0,-7.5325,-46.0356
Balsas,2025-12-24 12:00:00,24.63,76,0.0,-7.5325,-46.0356
Balsas,2025-12-24 15:00:00,25.38,76,90.0,-7.5325,-46.0356
Balsas,2025-12-24 18:00:00,27.7,66,91.0,-7.5325,-46.0356
Balsas,2025-12-24 21:00:00,24.26,86,100.0,-7.5325,-46.0356
Balsas,2025-12-25 00:00:00,22.94,90,96.0,-7.5325,-46.0356
Balsas,2025-12-25 03:00:00,23.13,89,38.0,-7.5325,-46.0356
Balsas,2025-12-25 06:00:00,22.4,94,100.0,-7.5325,-46.0356
Balsas,2025-12-25 09:00:00,22.06,95,9.0,-7.5325,-46.0356
Balsas,2025-12-25 12:00:00,23.06,92,31.0,-7.5325,-46.0356
Balsas,2025-12-25 15:00:00,26.84,73,100.0,-7.5325,-46.0356
Balsas,2025-12-25 18:00:00,26.61,76,100.0,-7.5325,-46.0356
Balsas,2025-12-25 21:00:00,23.57,92,100.0,-7.5325,-46.0356
Balsas,2025-12-26 00:00:00,22.93,91,100.0,-7.5325,-46.0356
Balsas,2025-12-26 03:00:00,22.79,91,0.0,-7.5325,-46.0356
Balsas,2025-12-26 06:00:00,22.41,92,0.0,-7.5325,-46.0356
Balsas,2025-12-26 09:00:00,21.96,93,0.0,-7.5325,-46.0356
Balsas,2025-12-26 12:00:00,26.34,76,0.0,-7.5325,-46.0356
Balsas,2025-12-26 15:00:00,30.6,56,100.0,-7.5325,-46.0356
Balsas,2025-12-26 18:00:00,30.82,54,100.0,-7.5325,-46.0356
Balsas,2025-12-26 21:00:00,26.44,78,82.0,-7.5325,-46.0356
Balsas,2025-12-27 00:00:00,24.53,83,100.0,-7.5325,-46.0356
Balsas,2025-12-27 03:00:00,23.69,87,0.0,-7.5325,-46.0356
Balsas,2025-12-27 06:00:00,22.77,90,0.0,-7.5325,-46.0356
Balsas,2025-12-27 09:00:00,22.3,92,0.0,-7.5325,-46.0356
Balsas,2025-12-27 12:00:00,28.64,67,0.0,-7.5325,-46.0356
Balsas,2025-12-27 15:00:00,31.55,55,92.0,-7.5325,-46.0356
Balsas,2025-12-27 18:00:00,31.49,52,100.0,-7.5325,-46.0356
Balsas,2025-12-27 21:00:00,26.52,78,55.0,-7.5325,-46.0356
Balsas,2025-12-28 00:00:00,22.74,94,100.0,-7.5325,-46.0356
Balsas,2025-12-28 03:00:00,22.32,95,0.0,-7.5325,-46.0356
Balsas,2025-12-28 06:00:00,21.94,93,0.0,-7.5325,-46.0356
Balsas,2025-12-28 09:00:00,21.71,93,0.0,-7.5325,-46.0356
Gurupi,2025-12-23 12:00:00,21.67,87,0.0,-11.7292,-49.0686
Gurupi,2025-12-23 15:00:00,26.66,64,0.0,-11.7292,-49.0686
Gurupi,2025-12-23 18:00:00,31.35,42,0.0,-11.7292,-49.0686
Gurupi,2025-12-23 21:00:00,26.87,61,0.0,-11.7292,-49.0686
Gurupi,2025-12-24 00:00:00,22.84,78,29.0,-11.7292,-49.0686
Gurupi,2025-12-24 03:00:00,20.74,89,10.0,-11.7292,-49.0686
Gurupi,2025-12-24 06:00:00,21.5,83,0.0,-11.7292,-49.0686
Gurupi,2025-12-24 09:00:00,20.81,87,20.0,-11.7292,-49.0686
Gurupi,2025-12-24 12:00:00,25.77,67,0.0,-11.7292,-49.0686
Gurupi,2025-12-24 15:00:00,28.55,60,95.0,-11.7292,-49.0686
Gurupi,2025-12-24 18:00:00,29.08,53,67.0,-11.7292,-49.0686
Gurupi,2025-12-24 21:00:00,25.15,70,0.0,-11.7292,-49.0686
Gurupi,2025-12-25 00:00:00,21.78,80,39.0,-11.7292,-49.0686
Gurupi,2025-12-25 03:00:00,20.66,91,100.0,-11.7292,-49.0686
Gurupi,2025-12-25 06:00:00,20.4,93,80.0,-11.7292,-49.0686
Gurupi,2025-12-25 09:00:00,20.06,93,0.0,-11.7292,-49.0686
Gurupi,2025-12-25 12:00:00,24.15,75,0.0,-11.7292,-49.0686
Gurupi,2025-12-25 15:00:00,30.87,49,0.0,-11.7292,-49.0686
Gurupi,2025-12-25 18:00:00,30.62,52,0.0,-11.7292,-49.0686
Gurupi,2025-12-25 21:00:00,26.2,72,44.0,-11.7292,-49.0686
Gurupi,2025-12-26 00:00:00,23.52,85,51.0,-11.7292,-49.0686
Gurupi,2025-12-26 03:00:00,23.43,83,0.0,-11.7292,-49.0686
Gurupi,2025-12-26 06:00:00,22.41,92,49.0,-11.7292,-49.0686
Gurupi,2025-12-26 09:00:00,22.05,93,0.0,-11.7292,-49.0686
Gurupi,2025-12-26 12:00:00,23.79,87,0.0,-11.7292,-49.0686
Gurupi,2025-12-26 15:00:00,29.01,63,0.0,-11.7292,-49.0686
Gurupi,2025-12-26 18:00:00,31.43,50,50.0,-11.7292,-49.0686
Gurupi,2025-12-26 21:00:00,28.08,68,78.0,-11.7292,-49.0686
Gurupi,2025-12-27 00:00:00,23.58,87,100.0,-11.7292,-49.0686
Gurupi,2025-12-27 03:00:00,22.72,90,0.0,-11.7292,-49.0686
Gurupi,2025-12-27 06:00:00,22.24,91,0.0,-11.7292,-49.0686
Gurupi,2025-12-27 09:00:00,21.83,91,0.0,-11.7292,-49.0686
Gurupi,2025-12-27 12:00:00,28.47,66,0.0,-11.7292,-49.0686
Gurupi,2025-12-27 15:00:00,33.97,46,0.0,-11.7292,-49.0686
Gurupi,2025-12-27 18:00:00,34.02,42,0.0,-11.7292,-49.0686
Gurupi,2025-12-27 21:00:00,28.13,64,0.0,-11.7292,-49.0686
Gurupi,2025-12-28 00:00:00,23.51,87,97.0,-11.7292,-49.0686
Gurupi,2025-12-28 03:00:00,23.32,86,0.0,-11.7292,-49.0686
Gurupi,2025-12-28 06:00:00,22.4,91,0.0,-11.7292,-49.0686
Gurupi,2025-12-28 09:00:00,22.13,90,1.0,-11.7292,-49.0686
Uruçuí,2025-12-24 12:00:00,22.01,89,80.0,-7.2294,-44.5561
Uruçuí,2025-12-24 15:00:00,25.47,75,100.0,-7.2294,-44.5561
Uruçuí,2025-12-24 18:00:00,28.8,61,99.0,-7.2294,-44.5561
Uruçuí,2025-12-24 21:00:00,26.29,74,45.0,-7.2294,-44.5561
Uruçuí,2025-12-25 00:00:00,25.07,79,21.0,-7.2294,-44.5561
Uruçuí,2025-12-25 03:00:00,24.18,83,0.0,-7.2294,-44.5561
Uruçuí,2025-12-25 06:00:00,23.39,87,0.0,-7.2294,-44.5561
Uruçuí,2025-12-25 09:00:00,22.95,89,100.0,-7.2294,-44.5561
Uruçuí,2025-12-25 12:00:00,26.66,75,100.0,-7.2294,-44.5561
Uruçuí,2025-12-25 15:00:00,28.02,64,98.0,-7.2294,-44.5561
Uruçuí,2025-12-25 18:00:00,25.81,78,93.0,-7.2294,-44.5561
Uruçuí,2025-12-25 21:00:00,25.69,74,0.0,-7.2294,-44.5561
Uruçuí,2025-12-26 00:00:00,24.75,79,0.0,-7.2294,-44.5561
Uruçuí,2025-12-26 03:00:00,23.84,84,0.0,-7.2294,-44.5561
Uruçuí,2025-12-26 06:00:00,22.52,91,0.0,-7.2294,-44.5561
Uruçuí,2025-12-26 09:00:00,22.17,93,0.0,-7.2294,-44.5561
Uruçuí,2025-12-26 12:00:00,27.0,71,0.0,-7.2294,-44.5561
Uruçuí,2025-12-26 15:00:00,30.68,55,34.0,-7.2294,-44.5561
Uruçuí,2025-12-26 18:00:00,28.06,71,58.0,-7.2294,-44.5561
Uruçuí,2025-12-26 21:00:00,25.92,83,100.0,-7.2294,-44.5561
Uruçuí,2025-12-27 00:00:00,24.26,85,78.0,-7.2294,-44.5561
Uruçuí,2025-12-27 03:00:00,23.63,86,0.0,-7.2294,-44.5561
Uruçuí,2025-12-27 06:00:00,22.67,89,0.0,-7.2294,-44.5561
Uruçuí,2025-12-27 09:00:00,23.22,86,0.0,-7.2294,-44.5561
Uruçuí,2025-12-27 12:00:00,28.39,67,30.0,-7.2294,-44.5561
Uruçuí,2025-12-27 15:00:00,29.56,64,100.0,-7.2294,-44.5561
Uruçuí,2025-12-27 18:00:00,29.83,63,100.0,-7.2294,-44.5561
Uruçuí,2025-12-27 21:00:00,26.99,75,33.0,-7.2294,-44.5561
Uruçuí,2025-12-28 00:00:00,24.55,83,13.0,-7.2294,-44.5561
Uruçuí,2025-12-28 03:00:00,23.22,88,0.0,-7.2294,-44.5561
Uruçuí,2025-12-28 06:00:00,22.87,88,0.0,-7.2294,-44.5561
Uruçuí,2025-12-28 09:00:00,22.38,90,0.0,-7.2294,-44.5561
Uruçuí,2025-12-28 12:00:00,27.64,70,0.0,-7.2294,-44.5561
Uruçuí,2025-12-28 15:00:00,29.18,67,100.0,-7.2294,-44.5561
Uruçuí,2025-12-28 18:00:00,30.21,64,100.0,-7.2294,-44.5561
Uruçuí,2025-12-28 21:00:00,26.26,82,100.0,-7.2294,-44.5561
Uruçuí,2025-12-29 00:00:00,24.58,88,80.0,-7.2294,-44.5561
Uruçuí,2025-12-29 03:00:00,23.69,89,0.0,-7.2294,-44.5561
Uruçuí,2025-12-29 06:00:00,22.93,92,0.0,-7.2294,-44.5561
Uruçuí,2025-12-29 09:00:00,22.28,94,0.0,-7.2294,-44.5561
Barreiras,2025-12-24 12:00:00,20.84,82,0.0,-12.1528,-44.99
Barreiras,2025-12-24 15:00:00,26.26,60,0.0,-12.1528,-44.99
Barreiras,2025-12-24 18:00:00,29.89,45,0.0,-12.1528,-44.99
Barreiras,2025-12-24 21:00:00,23.87,69,0.0,-12.1528,-44.99
Barreiras,2025-12-25 00:00:00,22.26,71,0.0,-12.1528,-44.99
Barreiras,2025-12-25 03:00:00,22.26,78,33.0,-12.1528,-44.99
Barreiras,2025-12-25 06:00:00,20.35,86,11.0,-12.1528,-44.99
Barreiras,2025-12-25 09:00:00,20.04,87,0.0,-12.1528,-44.99
Barreiras,2025-12-25 12:00:00,26.49,61,0.0,-12.1528,-44.99
Barreiras,2025-12-25 15:00:00,28.93,54,0.0,-12.1528,-44.99
Barreiras,2025-12-25 18:00:00,30.05,52,0.0,-12.1528,-44.99
Barreiras,2025-12-25 21:00:00,25.92,74,3.0,-12.1528,-44.99
Barreiras,2025-12-26 00:00:00,24.09,76,0.0,-12.1528,-44.99
Barreiras,2025-12-26 03:00:00,23.43,77,0.0,-12.1528,-44.99
Barreiras,2025-12-26 06:00:00,22.08,83,0.0,-12.1528,-44.99
Barreiras,2025-12-26 09:00:00,21.82,86,0.0,-12.1528,-44.99
Barreiras,2025-12-26 12:00:00,27.93,64,0.0,-12.1528,-44.99
Barreiras,2025-12-26 15:00:00,31.78,47,0.0,-12.1528,-44.99
Barreiras,2025-12-26 18:00:00,33.25,38,0.0,-12.1528,-44.99
Barreiras,2025-12-26 21:00:00,27.42,64,0.0,-12.1528,-44.99
Barreiras,2025-12-27 00:00:00,25.16,64,0.0,-12.1528,-44.99
Barreiras,2025-12-27 03:00:00,22.88,73,0.0,-12.1528,-44.99
Barreiras,2025-12-27 06:00:00,21.94,77,0.0,-12.1528,-44.99
Barreiras,2025-12-27 09:00:00,21.52,78,0.0,-12.1528,-44.99
Barreiras,2025-12-27 12:00:00,29.14,53,0.0,-12.1528,-44.99
Barreiras,2025-12-27 15:00:00,32.7,41,0.0,-12.1528,-44.99
Barreiras,2025-12-27 18:00:00,32.41,48,0.0,-12.1528,-44.99
Barreiras,2025-12-27 21:00:00,28.24,63,0.0,-12.1528,-44.99
Barreiras,2025-12-28 00:00:00,24.44,68,0.0,-12.1528,-44.99
Barreiras,2025-12-28 03:00:00,25.14,64,0.0,-12.1528,-44.99
Barreiras,2025-12-28 06:00:00,24.78,66,0.0,-12.1528,-44.99
Barreiras,2025-12-28 09:00:00,22.74,80,62.0,-12.1528,-44.99
Barreiras,2025-12-28 12:00:00,29.82,55,22.0,-12.1528,-44.99
Barreiras,2025-12-28 15:00:00,34.45,39,0.0,-12.1528,-44.99
Barreiras,2025-12-28 18:00:00,32.37,44,0.0,-12.1528,-44.99
Barreiras,2025-12-28 21:00:00,28.63,54,0.0,-12.1528,-44.99
Barreiras,2025-12-29 00:00:00,25.09,69,0.0,-12.1528,-44.99
Barreiras,2025-12-29 03:00:00,22.99,76,0.0,-12.1528,-44.99
Barreiras,2025-12-29 06:00:00,22.26,79,0.0,-12.1528,-44.99
Barreiras,2025-12-29 09:00:00,21.73,82,0.0,-12.1528,-44.99
Balsas,2025-12-24 12:00:00,22.33,85,0.0,-7.5325,-46.0356
Balsas,2025-12-24 15:00:00,23.98,80,90.0,-7.5325,-46.0356
Balsas,2025-12-24 18:00:00,27.7,66,91.0,-7.5325,-46.0356
Balsas,2025-12-24 21:00:00,24.26,86,100.0,-7.5325,-46.0356
Balsas,2025-12-25 00:00:00,22.94,90,96.0,-7.5325,-46.0356
Balsas,2025-12-25 03:00:00,23.13,89,38.0,-7.5325,-46.0356
Balsas,2025-12-25 06:00:00,22.4,94,100.0,-7.5325,-46.0356
Balsas,2025-12-25 09:00:00,22.06,95,9.0,-7.5325,-46.0356
Balsas,2025-12-25 12:00:00,23.06,92,31.0,-7.5325,-46.0356
Balsas,2025-12-25 15:00:00,26.84,73,100.0,-7.5325,-46.0356
Balsas,2025-12-25 18:00:00,26.61,76,100.0,-7.5325,-46.0356
Balsas,2025-12-25 21:00:00,23.57,92,100.0,-7.5325,-46.0356
Balsas,2025-12-26 00:00:00,22.93,91,100.0,-7.5325,-46.0356
Balsas,2025-12-26 03:00:00,22.79,91,0.0,-7.5325,-46.0356
Balsas,2025-12-26 06:00:00,22.41,92,0.0,-7.5325,-46.0356
Balsas,2025-12-26 09:00:00,21.96,93,0.0,-7.5325,-46.0356
Balsas,2025-12-26 12:00:00,26.34,76,0.0,-7.5325,-46.0356
Balsas,2025-12-26 15:00:00,30.6,56,100.0,-7.5325,-46.0356
Balsas,2025-12-26 18:00:00,30.82,54,100.0,-7.5325,-46.0356
Balsas,2025-12-26 21:00:00,26.44,78,82.0,-7.5325,-46.0356
Balsas,2025-12-27 00:00:00,24.53,83,100.0,-7.5325,-46.0356
Balsas,2025-12-27 03:00:00,23.69,87,0.0,-7.5325,-46.0356
Balsas,2025-12-27 06:00:00,22.77,90,0.0,-7.5325,-46.0356
Balsas,2025-12-27 09:00:00,22.3,92,0.0,-7.5325,-46.0356
Balsas,2025-12-27 12:00:00,28.64,67,0.0,-7.5325,-46.0356
Balsas,2025-12-27 15:00:00,31.55,55,92.0,-7.5325,-46.0356
Balsas,2025-12-27 18:00:00,31.49,52,100.0,-7.5325,-46.0356
Balsas,2025-12-27 21:00:00,26.52,78,55.0,-7.5325,-46.0356
Balsas,2025-12-28 00:00:00,22.74,94,100.0,-7.5325,-46.0356
Balsas,2025-12-28 03:00:00,22.32,95,0.0,-7.5325,-46.0356
Balsas,2025-12-28 06:00:00,21.94,93,0.0,-7.5325,-46.0356
Balsas,2025-12-28 09:00:00,21.71,93,0.0,-7.5325,-46.0356
Balsas,2025-12-28 12:00:00,27.27,69,0.0,-7.5325,-46.0356
Balsas,2025-12-28 15:00:00,31.45,51,0.0,-7.5325,-46.0356
Balsas,2025-12-28 18:00:00,31.14,54,22.0,-7.5325,-46.0356
Balsas,2025-12-28 21:00:00,26.18,80,100.0,-7.5325,-46.0356
Balsas,2025-12-29 00:00:00,23.92,87,100.0,-7.5325,-46.0356
Balsas,2025-12-29 03:00:00,23.17,91,63.0,-7.5325,-46.0356
Balsas,2025-12-29 06:00:00,22.78,90,22.0,-7.5325,-46.0356
Balsas,2025-12-29 09:00:00,22.15,93,0.0,-7.5325,-46.0356
Gurupi,2025-12-24 12:00:00,22.46,80,0.0,-11.7292,-49.0686
Gurupi,2025-12-24 15:00:00,25.97,69,95.0,-11.7292,-49.0686
Gurupi,2025-12-24 18:00:00,29.08,53,67.0,-11.7292,-49.0686
Gurupi,2025-12-24 21:00:00,25.15,70,0.0,-11.7292,-49.0686
Gurupi,2025-12-25 00:00:00,21.78,80,39.0,-11.7292,-49.0686
Gurupi,2025-12-25 03:00:00,20.66,91,100.0,-11.7292,-49.0686
Gurupi,2025-12-25 06:00:00,20.4,93,80.0,-11.7292,-49.0686
Gurupi,2025-12-25 09:00:00,20.06,93,0.0,-11.7292,-49.0686
Gurupi,2025-12-25 12:00:00,24.15,75,0.0,-11.7292,-49.0686
Gurupi,2025-12-25 15:00:00,30.87,49,0.0,-11.7292,-49.0686
Gurupi,2025-12-25 18:00:00,30.62,52,0.0,-11.7292,-49.0686
Gurupi,2025-12-25 21:00:00,26.2,72,44.0,-11.7292,-49.0686
Gurupi,2025-12-26 00:00:00,23.52,85,51.0,-11.7292,-49.0686
Gurupi,2025-12-26 03:00:00,23.43,83,0.0,-11.7292,-49.0686
Gurupi,2025-12-26 06:00:00,22.41,92,49.0,-11.7292,-49.0686
Gurupi,2025-12-26 09:00:00,22.05,93,0.0,-11.7292,-49.0686
Gurupi,2025-12-26 12:00:00,23.79,87,0.0,-11.7292,-49.0686
Gurupi,2025-12-26 15:00:00,29.01,63,0.0,-11.7292,-49.0686
Gurupi,2025-12-26 18:00:00,31.43,50,50.0,-11.7292,-49.0686
Gurupi,2025-12-26 21:00:00,28.08,68,78.0,-11.7292,-49.0686
Gurupi,2025-12-27 00:00:00,23.58,87,100.0,-11.7292,-49.0686
Gurupi,2025-12-27 03:00:00,22.72,90,0.0,-11.7292,-49.0686
Gurupi,2025-12-27 06:00:00,22.24,91,0.0,-11.7292,-49.0686
Gurupi,2025-12-27 09:00:00,21.83,91,0.0,-11.7292,-49.0686
Gurupi,2025-12-27 12:00:00,28.47,66,0.0,-11.7292,-49.0686
Gurupi,2025-12-27 15:00:00,33.97,46,0.0,-11.7292,-49.0686
Gurupi,2025-12-27 18:00:00,34.02,42,0.0,-11.7292,-49.0686
Gurupi,2025-12-27 21:00:00,28.13,64,0.0,-11.7292,-49.0686
Gurupi,2025-12-28 00:00:00,23.51,87,97.0,-11.7292,-49.0686
Gurupi,2025-12-28 03:00:00,23.32,86,0.0,-11.7292,-49.0686
Gurupi,2025-12-28 06:00:00,22.4,91,0.0,-11.7292,-49.0686
Gurupi,2025-12-28 09:00:00,22.13,90,1.0,-11.7292,-49.0686
Gurupi,2025-12-28 12:00:00,28.7,64,0.0,-11.7292,-49.0686
Gurupi,2025-12-28 15:00:00,34.21,45,0.0,-11.7292,-49.0686
Gurupi,2025-12-28 18:00:00,35.83,37,0.0,-11.7292,-49.0686
Gurupi,2025-12-28 21:00:00,26.09,74,100.0,-11.7292,-49.0686
Gurupi,2025-12-29 00:00:00,21.93,87,100.0,-11.7292,-49.0686
Gurupi,2025-12-29 03:00:00,21.73,92,99.0,-11.7292,-49.0686
Gurupi,2025-12-29 06:00:00,21.31,91,99.0,-11.7292,-49.0686
Gurupi,2025-12-29 09:00:00,21.38,89,84.0,-11.7292,-49.0686
Uruçuí,2025-12-25 12:00:00,25.32,65,0.0,-7.2294,-44.5561
Uruçuí,2025-12-25 15:00:00,28.94,53,0.0,-7.2294,-44.5561
Uruçuí,2025-12-25 18:00:00,28.96,54,0.0,-7.2294,-44.5561
Uruçuí,2025-12-25 21:00:00,24.03,84,55.0,-7.2294,-44.5561
Uruçuí,2025-12-26 00:00:00,23.14,90,15.0,-7.2294,-44.5561
Uruçuí,2025-12-26 03:00:00,22.73,89,0.0,-7.2294,-44.5561
Uruçuí,2025-12-26 06:00:00,21.68,92,0.0,-7.2294,-44.5561
Uruçuí,2025-12-26 09:00:00,21.55,93,0.0,-7.2294,-44.5561
Uruçuí,2025-12-26 12:00:00,27.98,63,0.0,-7.2294,-44.5561
Uruçuí,2025-12-26 15:00:00,32.02,48,0.0,-7.2294,-44.5561
Uruçuí,2025-12-26 18:00:00,30.29,57,0.0,-7.2294,-44.5561
Uruçuí,2025-12-26 21:00:00,28.05,64,0.0,-7.2294,-44.5561
Uruçuí,2025-12-27 00:00:00,25.39,71,0.0,-7.2294,-44.5561
Uruçuí,2025-12-27 03:00:00,24.34,75,0.0,-7.2294,-44.5561
Uruçuí,2025-12-27 06:00:00,23.66,78,0.0,-7.2294,-44.5561
Uruçuí,2025-12-27 09:00:00,23.95,78,0.0,-7.2294,-44.5561
Uruçuí,2025-12-27 12:00:00,26.28,71,0.0,-7.2294,-44.5561
Uruçuí,2025-12-27 15:00:00,31.56,52,40.0,-7.2294,-44.5561
Uruçuí,2025-12-27 18:00:00,32.58,48,23.0,-7.2294,-44.5561
Uruçuí,2025-12-27 21:00:00,28.5,65,0.0,-7.2294,-44.5561
Uruçuí,2025-12-28 00:00:00,25.67,73,0.0,-7.2294,-44.5561
Uruçuí,2025-12-28 03:00:00,24.62,77,0.0,-7.2294,-44.5561
Uruçuí,2025-12-28 06:00:00,23.71,81,0.0,-7.2294,-44.5561
Uruçuí,2025-12-28 09:00:00,23.25,83,0.0,-7.2294,-44.5561
Uruçuí,2025-12-28 12:00:00,29.19,61,4.0,-7.2294,-44.5561
Uruçuí,2025-12-28 15:00:00,34.95,44,56.0,-7.2294,-44.5561
Uruçuí,2025-12-28 18:00:00,29.52,62,19.0,-7.2294,-44.5561
Uruçuí,2025-12-28 21:00:00,29.19,59,0.0,-7.2294,-44.5561
Uruçuí,2025-12-29 00:00:00,25.81,72,0.0,-7.2294,-44.5561
Uruçuí,2025-12-29 03:00:00,24.69,77,0.0,-7.2294,-44.5561
Uruçuí,2025-12-29 06:00:00,23.94,80,0.0,-7.2294,-44.5561
Uruçuí,2025-12-29 09:00:00,23.48,83,0.0,-7.2294,-44.5561
Uruçuí,2025-12-29 12:00:00,28.81,62,0.0,-7.2294,-44.5561
Uruçuí,2025-12-29 15:00:00,30.34,60,100.0,-7.2294,-44.5561
Uruçuí,2025-12-29 18:00:00,33.33,46,100.0,-7.2294,-44.5561
Uruçuí,2025-12-29 21:00:00,28.88,64,0.0,-7.2294,-44.5561
Uruçuí,2025-12-30 00:00:00,28.04,64,0.0,-7.2294,-44.5561
Uruçuí,2025-12-30 03:00:00,25.59,73,0.0,-7.2294,-44.5561
Uruçuí,2025-12-30 06:00:00,23.5,85,30.0,-7.2294,-44.5561
Uruçuí,2025-12-30 09:00:00,22.97,90,0.0,-7.2294,-44.5561
Barreiras,2025-12-25 12:00:00,22.83,69,0.0,-12.1528,-44.99
Barreiras,2025-12-25 15:00:00,28.08,54,0.0,-12.1528,-44.99
Barreiras,2025-12-25 18:00:00,33.19,36,0.0,-12.1528,-44.99
Barreiras,2025-12-25 21:00:00,27.54,58,0.0,-12.1528,-44.99
Barreiras,2025-12-26 00:00:00,24.22,68,0.0,-12.1528,-44.99
Barreiras,2025-12-26 03:00:00,22.89,72,0.0,-12.1528,-44.99
Barreiras,2025-12-26 06:00:00,22.31,75,0.0,-12.1528,-44.99
Barreiras,2025-12-26 09:00:00,21.16,81,0.0,-12.1528,-44.99
Barreiras,2025-12-26 12:00:00,28.5,54,0.0,-12.1528,-44.99
Barreiras,2025-12-26 15:00:00,32.66,37,0.0,-12.1528,-44.99
Barreiras,2025-12-26 18:00:00,33.8,32,0.0,-12.1528,-44.99
Barreiras,2025-12-26 21:00:00,28.18,55,0.0,-12.1528,-44.99
Barreiras,2025-12-27 00:00:00,24.99,55,0.0,-12.1528,-44.99
Barreiras,2025-12-27 03:00:00,23.42,60,0.0,-12.1528,-44.99
Barreiras,2025-12-27 06:00:00,21.63,67,0.0,-12.1528,-44.99
Barreiras,2025-12-27 09:00:00,21.17,71,0.0,-12.1528,-44.99
Barreiras,2025-12-27 12:00:00,29.77,47,0.0,-12.1528,-44.99
Barreiras,2025-12-27 15:00:00,34.03,35,0.0,-12.1528,-44.99
Barreiras,2025-12-27 18:00:00,34.55,32,0.0,-12.1528,-44.99
Barreiras,2025-12-27 21:00:00,28.55,57,0.0,-12.1528,-44.99
Barreiras,2025-12-28 00:00:00,25.35,59,0.0,-12.1528,-44.99
Barreiras,2025-12-28 03:00:00,23.57,63,0.0,-12.1528,-44.99
Barreiras,2025-12-28 06:00:00,24.55,60,0.0,-12.1528,-44.99
Barreiras,2025-12-28 09:00:00,23.02,68,0.0,-12.1528,-44.99
Barreiras,2025-12-28 12:00:00,28.23,55,0.0,-12.1528,-44.99
Barreiras,2025-12-28 15:00:00,29.99,50,0.0,-12.1528,-44.99
Barreiras,2025-12-28 18:00:00,32.07,43,0.0,-12.1528,-44.99
Barreiras,2025-12-28 21:00:00,29.04,57,0.0,-12.1528,-44.99
Barreiras,2025-12-29 00:00:00,25.01,64,0.0,-12.1528,-44.99
Barreiras,2025-12-29 03:00:00,22.92,73,0.0,-12.1528,-44.99
Barreiras,2025-12-29 06:00:00,22.26,76,0.0,-12.1528,-44.99
Barreiras,2025-12-29 09:00:00,21.81,79,0.0,-12.1528,-44.99
Barreiras,2025-12-29 12:00:00,30.79,51,0.0,-12.1528,-44.99
Barreiras,2025-12-29 15:00:00,34.71,38,0.0,-12.1528,-44.99
Barreiras,2025-12-29 18:00:00,34.39,37,0.0,-12.1528,-44.99
Barreiras,2025-12-29 21:00:00,28.82,60,0.0,-12.1528,-44.99
Barreiras,2025-12-30 00:00:00,25.57,66,20.0,-12.1528,-44.99
Barreiras,2025-12-30 03:00:00,22.94,78,0.0,-12.1528,-44.99
Barreiras,2025-12-30 06:00:00,21.8,84,0.0,-12.1528,-44.99
Barreiras,2025-12-30 09:00:00,21.6,85,0.0,-12.1528,-44.99
Balsas,2025-12-25 12:00:00,23.43,89,100.0,-7.5325,-46.0356
Balsas,2025-12-25 15:00:00,24.98,82,100.0,-7.5325,-46.0356
Balsas,2025-12-25 18:00:00,24.82,84,100.0,-7.5325,-46.0356
Balsas,2025-12-25 21:00:00,21.97,94,100.0,-7.5325,-46.0356
Balsas,2025-12-26 00:00:00,21.64,95,100.0,-7.5325,-46.0356
Balsas,2025-12-26 03:00:00,21.09,95,0.0,-7.5325,-46.0356
Balsas,2025-12-26 06:00:00,20.38,96,0.0,-7.5325,-46.0356
Balsas,2025-12-26 09:00:00,20.41,95,0.0,-7.5325,-46.0356
Balsas,2025-12-26 12:00:00,26.45,73,0.0,-7.5325,-46.0356
Balsas,2025-12-26 15:00:00,31.45,53,0.0,-7.5325,-46.0356
Balsas,2025-12-26 18:00:00,29.12,67,23.0,-7.5325,-46.0356
Balsas,2025-12-26 21:00:00,27.29,71,44.0,-7.5325,-46.0356
Balsas,2025-12-27 00:00:00,25.5,77,20.0,-7.5325,-46.0356
Balsas,2025-12-27 03:00:00,23.71,84,0.0,-7.5325,-46.0356
Balsas,2025-12-27 06:00:00,23.77,82,0.0,-7.5325,-46.0356
Balsas,2025-12-27 09:00:00,23.83,82,0.0,-7.5325,-46.0356
Balsas,2025-12-27 12:00:00,26.55,74,0.0,-7.5325,-46.0356
Balsas,2025-12-27 15:00:00,32.2,50,100.0,-7.5325,-46.0356
Balsas,2025-12-27 18:00:00,32.48,49,80.0,-7.5325,-46.0356
Balsas,2025-12-27 21:00:00,27.28,74,44.0,-7.5325,-46.0356
Balsas,2025-12-28 00:00:00,26.36,75,31.0,-7.5325,-46.0356
Balsas,2025-12-28 03:00:00,24.33,82,0.0,-7.5325,-46.0356
Balsas,2025-12-28 06:00:00,23.24,86,0.0,-7.5325,-46.0356
Balsas,2025-12-28 09:00:00,22.78,87,0.0,-7.5325,-46.0356
Balsas,2025-12-28 12:00:00,27.32,71,0.0,-7.5325,-46.0356
Balsas,2025-12-28 15:00:00,30.65,60,100.0,-7.5325,-46.0356
Balsas,2025-12-28 18:00:00,32.01,54,100.0,-7.5325,-46.0356
Balsas,2025-12-28 21:00:00,26.57,81,78.0,-7.5325,-46.0356
Balsas,2025-12-29 00:00:00,24.42,84,54.0,-7.5325,-46.0356
Balsas,2025-12-29 03:00:00,24.8,80,0.0,-7.5325,-46.0356
Balsas,2025-12-29 06:00:00,23.56,84,0.0,-7.5325,-46.0356
Balsas,2025-12-29 09:00:00,22.86,89,24.0,-7.5325,-46.0356
Balsas,2025-12-29 12:00:00,27.97,69,0.0,-7.5325,-46.0356
Balsas,2025-12-29 15:00:00,30.86,59,100.0,-7.5325,-46.0356
Balsas,2025-12-29 18:00:00,31.51,55,100.0,-7.5325,-46.0356
Balsas,2025-12-29 21:00:00,26.72,79,100.0,-7.5325,-46.0356
Balsas,2025-12-30 00:00:00,24.9,86,80.0,-7.5325,-46.0356
Balsas,2025-12-30 03:00:00,23.66,88,7.0,-7.5325,-46.0356
Balsas,2025-12-30 06:00:00,22.84,90,0.0,-7.5325,-46.0356
Balsas,2025-12-30 09:00:00,22.43,92,0.0,-7.5325,-46.0356
Gurupi,2025-12-25 12:00:00,23.34,79,0.0,-11.7292,-49.0686
Gurupi,2025-12-25 15:00:00,27.88,64,0.0,-11.7292,-49.0686
Gurupi,2025-12-25 18:00:00,30.6,54,0.0,-11.7292,-49.0686
Gurupi,2025-12-25 21:00:00,25.94,76,62.0,-11.7292,-49.0686
Gurupi,2025-12-26 00:00:00,23.98,82,22.0,-11.7292,-49.0686
Gurupi,2025-12-26 03:00:00,22.31,87,0.0,-11.7292,-49.0686
Gurupi,2025-12-26 06:00:00,21.99,84,0.0,-11.7292,-49.0686
Gurupi,2025-12-26 09:00:00,22.26,80,0.0,-11.7292,-49.0686
Gurupi,2025-12-26 12:00:00,25.27,72,0.0,-11.7292,-49.0686
Gurupi,2025-12-26 15:00:00,29.73,57,0.0,-11.7292,-49.0686
Gurupi,2025-12-26 18:00:00,31.83,50,0.0,-11.7292,-49.0686
Gurupi,2025-12-26 21:00:00,28.66,65,0.0,-11.7292,-49.0686
Gurupi,2025-12-27 00:00:00,26.08,70,0.0,-11.7292,-49.0686
Gurupi,2025-12-27 03:00:00,23.8,80,24.0,-11.7292,-49.0686
Gurupi,2025-12-27 06:00:00,22.88,86,0.0,-11.7292,-49.0686
Gurupi,2025-12-27 09:00:00,22.41,88,0.0,-11.7292,-49.0686
Gurupi,2025-12-27 12:00:00,28.47,66,0.0,-11.7292,-49.0686
Gurupi,2025-12-27 15:00:00,33.91,47,0.0,-11.7292,-49.0686
Gurupi,2025-12-27 18:00:00,34.94,39,0.0,-11.7292,-49.0686
Gurupi,2025-12-27 21:00:00,30.27,57,0.0,-11.7292,-49.0686
Gurupi,2025-12-28 00:00:00,25.32,75,37.0,-11.7292,-49.0686
Gurupi,2025-12-28 03:00:00,23.04,86,64.0,-11.7292,-49.0686
Gurupi,2025-12-28 06:00:00,22.84,87,18.0,-11.7292,-49.0686
Gurupi,2025-12-28 09:00:00,22.67,87,0.0,-11.7292,-49.0686
Gurupi,2025-12-28 12:00:00,28.83,64,0.0,-11.7292,-49.0686
Gurupi,2025-12-28 15:00:00,33.51,48,0.0,-11.7292,-49.0686
Gurupi,2025-12-28 18:00:00,34.99,41,0.0,-11.7292,-49.0686
Gurupi,2025-12-28 21:00:00,23.24,78,60.0,-11.7292,-49.0686
Gurupi,2025-12-29 00:00:00,22.25,87,100.0,-11.7292,-49.0686
Gurupi,2025-12-29 03:00:00,23.55,85,17.0,-11.7292,-49.0686
Gurupi,2025-12-29 06:00:00,23.23,86,28.0,-11.7292,-49.0686
Gurupi,2025-12-29 09:00:00,22.49,90,65.0,-11.7292,-49.0686
Gurupi,2025-12-29 12:00:00,26.52,75,49.0,-11.7292,-49.0686
Gurupi,2025-12-29 15:00:00,33.6,50,0.0,-11.7292,-49.0686
Gurupi,2025-12-29 18:00:00,34.92,42,0.0,-11.7292,-49.0686
Gurupi,2025-12-29 21:00:00,27.44,73,45.0,-11.7292,-49.0686
Gurupi,2025-12-30 00:00:00,25.57,76,89.0,-11.7292,-49.0686
Gurupi,2025-12-30 03:00:00,23.9,84,76.0,-11.7292,-49.0686
Gurupi,2025-12-30 06:00:00,22.71,88,100.0,-11.7292,-49.0686
Gurupi,2025-12-30 09:00:00,22.63,91,22.0,-11.7292,-49.0686
Uruçuí,2025-12-26 12:00:00,25.26,69,0.0,-7.2294,-44.5561
Uruçuí,2025-12-26 15:00:00,30.5,50,0.0,-7.2294,-44.5561
Uruçuí,2025-12-26 18:00:00,35.39,34,0.0,-7.2294,-44.5561
Uruçuí,2025-12-26 21:00:00,29.75,53,0.0,-7.2294,-44.5561
Uruçuí,2025-12-27 00:00:00,27.41,55,0.0,-7.2294,-44.5561
Uruçuí,2025-12-27 03:00:00,26.55,57,0.0,-7.2294,-44.5561
Uruçuí,2025-12-27 06:00:00,26.38,58,0.0,-7.2294,-44.5561
Uruçuí,2025-12-27 09:00:00,24.23,73,0.0,-7.2294,-44.5561
Uruçuí,2025-12-27 12:00:00,29.1,63,0.0,-7.2294,-44.5561
Uruçuí,2025-12-27 15:00:00,32.11,54,100.0,-7.2294,-44.5561
Uruçuí,2025-12-27 18:00:00,32.73,46,80.0,-7.2294,-44.5561
Uruçuí,2025-12-27 21:00:00,28.92,61,0.0,-7.2294,-44.5561
Uruçuí,2025-12-28 00:00:00,26.38,66,0.0,-7.2294,-44.5561
Uruçuí,2025-12-28 03:00:00,25.13,72,0.0,-7.2294,-44.5561
Uruçuí,2025-12-28 06:00:00,24.16,76,0.0,-7.2294,-44.5561
Uruçuí,2025-12-28 09:00:00,24.5,76,20.0,-7.2294,-44.5561
Uruçuí,2025-12-28 12:00:00,29.78,58,0.0,-7.2294,-44.5561
Uruçuí,2025-12-28 15:00:00,34.16,43,0.0,-7.2294,-44.5561
Uruçuí,2025-12-28 18:00:00,32.21,49,0.0,-7.2294,-44.5561
Uruçuí,2025-12-28 21:00:00,29.07,61,0.0,-7.2294,-44.5561
Uruçuí,2025-12-29 00:00:00,27.09,65,0.0,-7.2294,-44.5561
Uruçuí,2025-12-29 03:00:00,25.32,71,0.0,-7.2294,-44.5561
Uruçuí,2025-12-29 06:00:00,25.45,71,0.0,-7.2294,-44.5561
Uruçuí,2025-12-29 09:00:00,24.07,78,0.0,-7.2294,-44.5561
Uruçuí,2025-12-29 12:00:00,28.5,67,69.0,-7.2294,-44.5561
Uruçuí,2025-12-29 15:00:00,32.53,50,100.0,-7.2294,-44.5561
Uruçuí,2025-12-29 18:00:00,32.24,50,80.0,-7.2294,-44.5561
Uruçuí,2025-12-29 21:00:00,28.54,65,20.0,-7.2294,-44.5561
Uruçuí,2025-12-30 00:00:00,27.08,67,0.0,-7.2294,-44.5561
Uruçuí,2025-12-30 03:00:00,25.35,75,0.0,-7.2294,-44.5561
Uruçuí,2025-12-30 06:00:00,23.6,86,20.0,-7.2294,-44.5561
Uruçuí,2025-12-30 09:00:00,23.03,90,0.0,-7.2294,-44.5561
Uruçuí,2025-12-30 12:00:00,29.55,63,0.0,-7.2294,-44.5561
Uruçuí,2025-12-30 15:00:00,32.17,53,100.0,-7.2294,-44.5561
Uruçuí,2025-12-30 18:00:00,31.97,53,100.0,-7.2294,-44.5561
Uruçuí,2025-12-30 21:00:00,28.23,69,72.0,-7.2294,-44.5561
Uruçuí,2025-12-31 00:00:00,26.3,77,17.0,-7.2294,-44.5561
Uruçuí,2025-12-31 03:00:00,25.45,79,0.0,-7.2294,-44.5561
Uruçuí,2025-12-31 06:00:00,24.58,83,22.0,-7.2294,-44.5561
Uruçuí,2025-12-31 09:00:00,22.98,90,26.0,-7.2294,-44.5561
Barreiras,2025-12-26 12:00:00,24.24,62,0.0,-12.1528,-44.99
Barreiras,2025-12-26 15:00:00,29.15,46,0.0,-12.1528,-44.99
Barreiras,2025-12-26 18:00:00,34.51,29,0.0,-12.1528,-44.99
Barreiras,2025-12-26 21:00:00,28.68,50,0.0,-12.1528,-44.99
Barreiras,2025-12-27 00:00:00,24.83,57,0.0,-12.1528,-44.99
Barreiras,2025-12-27 03:00:00,23.39,61,0.0,-12.1528,-44.99
Barreiras,2025-12-27 06:00:00,21.92,65,0.0,-12.1528,-44.99
Barreiras,2025-12-27 09:00:00,21.59,68,0.0,-12.1528,-44.99
Barreiras,2025-12-27 12:00:00,30.7,43,0.0,-12.1528,-44.99
Barreiras,2025-12-27 15:00:00,35.31,30,0.0,-12.1528,-44.99
Barreiras,2025-12-27 18:00:00,33.68,33,0.0,-12.1528,-44.99
Barreiras,2025-12-27 21:00:00,27.83,51,0.0,-12.1528,-44.99
Barreiras,2025-12-28 00:00:00,25.27,53,0.0,-12.1528,-44.99
Barreiras,2025-12-28 03:00:00,23.47,59,0.0,-12.1528,-44.99
Barreiras,2025-12-28 06:00:00,22.25,61,0.0,-12.1528,-44.99
Barreiras,2025-12-28 09:00:00,21.37,66,0.0,-12.1528,-44.99
Barreiras,2025-12-28 12:00:00,31.7,39,0.0,-12.1528,-44.99
Barreiras,2025-12-28 15:00:00,35.73,30,0.0,-12.1528,-44.99
Barreiras,2025-12-28 18:00:00,32.89,36,0.0,-12.1528,-44.99
Barreiras,2025-12-28 21:00:00,29.09,46,0.0,-12.1528,-44.99
Barreiras,2025-12-29 00:00:00,25.69,57,0.0,-12.1528,-44.99
Barreiras,2025-12-29 03:00:00,25.22,58,0.0,-12.1528,-44.99
Barreiras,2025-12-29 06:00:00,22.59,68,0.0,-12.1528,-44.99
Barreiras,2025-12-29 09:00:00,23.46,66,0.0,-12.1528,-44.99
Barreiras,2025-12-29 12:00:00,30.52,45,0.0,-12.1528,-44.99
Barreiras,2025-12-29 15:00:00,35.45,32,0.0,-12.1528,-44.99
Barreiras,2025-12-29 18:00:00,35.38,32,0.0,-12.1528,-44.99
Barreiras,2025-12-29 21:00:00,30.1,45,0.0,-12.1528,-44.99
Barreiras,2025-12-30 00:00:00,27.19,55,0.0,-12.1528,-44.99
Barreiras,2025-12-30 03:00:00,23.66,71,0.0,-12.1528,-44.99
Barreiras,2025-12-30 06:00:00,25.12,65,0.0,-12.1528,-44.99
Barreiras,2025-12-30 09:00:00,22.89,76,0.0,-12.1528,-44.99
Barreiras,2025-12-30 12:00:00,31.59,44,0.0,-12.1528,-44.99
Barreiras,2025-12-30 15:00:00,35.68,33,0.0,-12.1528,-44.99
Barreiras,2025-12-30 18:00:00,37.63,25,0.0,-12.1528,-44.99
Barreiras,2025-12-30 21:00:00,25.43,76,91.0,-12.1528,-44.99
Barreiras,2025-12-31 00:00:00,21.97,95,100.0,-12.1528,-44.99
Barreiras,2025-12-31 03:00:00,22.07,93,93.0,-12.1528,-44.99
Barreiras,2025-12-31 06:00:00,21.31,94,81.0,-12.1528,-44.99
Barreiras,2025-12-31 09:00:00,21.12,92,20.0,-12.1528,-44.99
Balsas,2025-12-26 12:00:00,23.8,83,0.0,-7.5325,-46.0356
Balsas,2025-12-26 15:00:00,29.0,61,0.0,-7.5325,-46.0356
Balsas,2025-12-26 18:00:00,34.55,37,0.0,-7.5325,-46.0356
Balsas,2025-12-26 21:00:00,29.11,63,0.0,-7.5325,-46.0356
Balsas,2025-12-27 00:00:00,26.13,71,0.0,-7.5325,-46.0356
Balsas,2025-12-27 03:00:00,24.98,72,0.0,-7.5325,-46.0356
Balsas,2025-12-27 06:00:00,24.01,75,0.0,-7.5325,-46.0356
Balsas,2025-12-27 09:00:00,24.35,75,0.0,-7.5325,-46.0356
Balsas,2025-12-27 12:00:00,28.19,65,0.0,-7.5325,-46.0356
Balsas,2025-12-27 15:00:00,31.94,54,20.0,-7.5325,-46.0356
Balsas,2025-12-27 18:00:00,32.01,52,32.0,-7.5325,-46.0356
Balsas,2025-12-27 21:00:00,25.13,81,93.0,-7.5325,-46.0356
Balsas,2025-12-28 00:00:00,24.46,83,78.0,-7.5325,-46.0356
Balsas,2025-12-28 03:00:00,23.67,84,0.0,-7.5325,-46.0356
Balsas,2025-12-28 06:00:00,22.79,86,0.0,-7.5325,-46.0356
Balsas,2025-12-28 09:00:00,22.56,85,0.0,-7.5325,-46.0356
Balsas,2025-12-28 12:00:00,28.49,65,0.0,-7.5325,-46.0356
Balsas,2025-12-28 15:00:00,31.82,54,100.0,-7.5325,-46.0356
Balsas,2025-12-28 18:00:00,30.12,59,100.0,-7.5325,-46.0356
Balsas,2025-12-28 21:00:00,26.3,80,97.0,-7.5325,-46.0356
Balsas,2025-12-29 00:00:00,24.64,82,63.0,-7.5325,-46.0356
Balsas,2025-12-29 03:00:00,23.84,85,0.0,-7.5325,-46.0356
Balsas,2025-12-29 06:00:00,23.17,85,0.0,-7.5325,-46.0356
Balsas,2025-12-29 09:00:00,21.85,92,100.0,-7.5325,-46.0356
Balsas,2025-12-29 12:00:00,27.47,74,100.0,-7.5325,-46.0356
Balsas,2025-12-29 15:00:00,30.69,59,100.0,-7.5325,-46.0356
Balsas,2025-12-29 18:00:00,31.05,58,100.0,-7.5325,-46.0356
Balsas,2025-12-29 21:00:00,27.48,76,83.0,-7.5325,-46.0356
Balsas,2025-12-30 00:00:00,24.66,87,100.0,-7.5325,-46.0356
Balsas,2025-12-30 03:00:00,23.82,87,0.0,-7.5325,-46.0356
Balsas,2025-12-30 06:00:00,22.95,89,0.0,-7.5325,-46.0356
Balsas,2025-12-30 09:00:00,22.56,92,27.0,-7.5325,-46.0356
Balsas,2025-12-30 12:00:00,27.06,75,0.0,-7.5325,-46.0356
Balsas,2025-12-30 15:00:00,30.84,60,100.0,-7.5325,-46.0356
Balsas,2025-12-30 18:00:00,29.38,69,100.0,-7.5325,-46.0356
Balsas,2025-12-30 21:00:00,26.65,82,100.0,-7.5325,-46.0356
Balsas,2025-12-31 00:00:00,24.79,84,100.0,-7.5325,-46.0356
Balsas,2025-12-31 03:00:00,24.34,86,0.0,-7.5325,-46.0356
Balsas,2025-12-31 06:00:00,23.53,89,0.0,-7.5325,-46.0356
Balsas,2025-12-31 09:00:00,23.0,91,41.0,-7.5325,-46.0356
Gurupi,2025-12-26 12:00:00,24.36,75,0.0,-11.7292,-49.0686
Gurupi,2025-12-26 15:00:00,29.38,57,0.0,-11.7292,-49.0686
Gurupi,2025-12-26 18:00:00,33.6,41,0.0,-11.7292,-49.0686
Gurupi,2025-12-26 21:00:00,30.47,55,0.0,-11.7292,-49.0686
Gurupi,2025-12-27 00:00:00,28.37,57,20.0,-11.7292,-49.0686
Gurupi,2025-12-27 03:00:00,25.49,67,0.0,-11.7292,-49.0686
Gurupi,2025-12-27 06:00:00,24.31,79,33.0,-11.7292,-49.0686
Gurupi,2025-12-27 09:00:00,24.11,79,0.0,-11.7292,-49.0686
Gurupi,2025-12-27 12:00:00,29.67,58,0.0,-11.7292,-49.0686
Gurupi,2025-12-27 15:00:00,35.11,41,0.0,-11.7292,-49.0686
Gurupi,2025-12-27 18:00:00,33.81,42,0.0,-11.7292,-49.0686
Gurupi,2025-12-27 21:00:00,27.66,66,9.0,-11.7292,-49.0686
Gurupi,2025-12-28 00:00:00,24.8,77,1.0,-11.7292,-49.0686
Gurupi,2025-12-28 03:00:00,24.25,75,0.0,-11.7292,-49.0686
Gurupi,2025-12-28 06:00:00,24.41,72,0.0,-11.7292,-49.0686
Gurupi,2025-12-28 09:00:00,22.95,77,37.0,-11.7292,-49.0686
Gurupi,2025-12-28 12:00:00,29.58,56,39.0,-11.7292,-49.0686
Gurupi,2025-12-28 15:00:00,35.05,40,0.0,-11.7292,-49.0686
Gurupi,2025-12-28 18:00:00,35.86,35,0.0,-11.7292,-49.0686
Gurupi,2025-12-28 21:00:00,30.73,57,5.0,-11.7292,-49.0686
Gurupi,2025-12-29 00:00:00,26.39,75,85.0,-11.7292,-49.0686
Gurupi,2025-12-29 03:00:00,23.95,87,26.0,-11.7292,-49.0686
Gurupi,2025-12-29 06:00:00,22.29,94,69.0,-11.7292,-49.0686
Gurupi,2025-12-29 09:00:00,22.04,95,100.0,-11.7292,-49.0686
Gurupi,2025-12-29 12:00:00,27.5,71,79.0,-11.7292,-49.0686
Gurupi,2025-12-29 15:00:00,32.81,49,0.0,-11.7292,-49.0686
Gurupi,2025-12-29 18:00:00,34.96,40,0.0,-11.7292,-49.0686
Gurupi,2025-12-29 21:00:00,25.95,80,72.0,-11.7292,-49.0686
Gurupi,2025-12-30 00:00:00,24.31,68,97.0,-11.7292,-49.0686
Gurupi,2025-12-30 03:00:00,24.49,72,2.0,-11.7292,-49.0686
Gurupi,2025-12-30 06:00:00,22.93,80,51.0,-11.7292,-49.0686
Gurupi,2025-12-30 09:00:00,22.77,87,77.0,-11.7292,-49.0686
Gurupi,2025-12-30 12:00:00,27.01,77,100.0,-11.7292,-49.0686
Gurupi,2025-12-30 15:00:00,32.14,51,100.0,-11.7292,-49.0686
Gurupi,2025-12-30 18:00:00,34.22,43,80.0,-11.7292,-49.0686
Gurupi,2025-12-30 21:00:00,29.59,61,0.0,-11.7292,-49.0686
Gurupi,2025-12-31 00:00:00,23.12,92,76.0,-11.7292,-49.0686
Gurupi,2025-12-31 03:00:00,23.08,88,82.0,-11.7292,-49.0686
Gurupi,2025-12-31 06:00:00,22.27,89,20.0,-11.7292,-49.0686
Gurupi,2025-12-31 09:00:00,22.37,87,0.0,-11.7292,-49.0686
Uruçuí,2025-12-27 12:00:00,26.04,67,0.0,-7.2294,-44.5561
Uruçuí,2025-12-27 15:00:00,31.21,53,0.0,-7.2294,-44.5561
Uruçuí,2025-12-27 18:00:00,31.84,50,0.0,-7.2294,-44.5561
Uruçuí,2025-12-27 21:00:00,29.35,58,0.0,-7.2294,-44.5561
Uruçuí,2025-12-28 00:00:00,26.39,66,0.0,-7.2294,-44.5561
Uruçuí,2025-12-28 03:00:00,24.91,71,0.0,-7.2294,-44.5561
Uruçuí,2025-12-28 06:00:00,24.32,73,0.0,-7.2294,-44.5561
Uruçuí,2025-12-28 09:00:00,24.59,74,21.0,-7.2294,-44.5561
Uruçuí,2025-12-28 12:00:00,26.01,78,66.0,-7.2294,-44.5561
Uruçuí,2025-12-28 15:00:00,31.37,54,100.0,-7.2294,-44.5561
Uruçuí,2025-12-28 18:00:00,32.08,51,80.0,-7.2294,-44.5561
Uruçuí,2025-12-28 21:00:00,28.11,70,0.0,-7.2294,-44.5561
Uruçuí,2025-12-29 00:00:00,25.67,75,20.0,-7.2294,-44.5561
Uruçuí,2025-12-29 03:00:00,25.06,78,0.0,-7.2294,-44.5561
Uruçuí,2025-12-29 06:00:00,23.83,84,0.0,-7.2294,-44.5561
Uruçuí,2025-12-29 09:00:00,23.48,88,100.0,-7.2294,-44.5561
Uruçuí,2025-12-29 12:00:00,26.86,78,100.0,-7.2294,-44.5561
Uruçuí,2025-12-29 15:00:00,31.37,57,100.0,-7.2294,-44.5561
Uruçuí,2025-12-29 18:00:00,30.89,59,100.0,-7.2294,-44.5561
Uruçuí,2025-12-29 21:00:00,27.74,74,75.0,-7.2294,-44.5561
Uruçuí,2025-12-30 00:00:00,25.95,78,51.0,-7.2294,-44.5561
Uruçuí,2025-12-30 03:00:00,24.64,83,0.0,-7.2294,-44.5561
Uruçuí,2025-12-30 06:00:00,24.83,81,0.0,-7.2294,-44.5561
Uruçuí,2025-12-30 09:00:00,23.66,86,14.0,-7.2294,-44.5561
Uruçuí,2025-12-30 12:00:00,28.68,68,3.0,-7.2294,-44.5561
Uruçuí,2025-12-30 15:00:00,31.83,58,100.0,-7.2294,-44.5561
Uruçuí,2025-12-30 18:00:00,30.64,62,100.0,-7.2294,-44.5561
Uruçuí,2025-12-30 21:00:00,28.15,73,53.0,-7.2294,-44.5561
Uruçuí,2025-12-31 00:00:00,26.5,75,36.0,-7.2294,-44.5561
Uruçuí,2025-12-31 03:00:00,25.15,79,0.0,-7.2294,-44.5561
Uruçuí,2025-12-31 06:00:00,24.37,83,0.0,-7.2294,-44.5561
Uruçuí,2025-12-31 09:00:00,23.63,86,0.0,-7.2294,-44.5561
Uruçuí,2025-12-31 12:00:00,28.45,65,0.0,-7.2294,-44.5561
Uruçuí,2025-12-31 15:00:00,32.23,58,100.0,-7.2294,-44.5561
Uruçuí,2025-12-31 18:00:00,32.54,51,100.0,-7.2294,-44.5561
Uruçuí,2025-12-31 21:00:00,29.02,66,0.0,-7.2294,-44.5561
Uruçuí,2026-01-01 00:00:00,27.86,68,1.0,-7.2294,-44.5561
Uruçuí,2026-01-01 03:00:00,25.96,75,0.0,-7.2294,-44.5561
Uruçuí,2026-01-01 06:00:00,24.8,81,0.0,-7.2294,-44.5561
Uruçuí,2026-01-01 09:00:00,22.87,93,100.0,-7.2294,-44.5561
Barreiras,2025-12-27 12:00:00,23.22,69,0.0,-12.1528,-44.99
Barreiras,2025-12-27 15:00:00,28.98,51,0.0,-12.1528,-44.99
Barreiras,2025-12-27 18:00:00,33.68,36,0.0,-12.1528,-44.99
Barreiras,2025-12-27 21:00:00,28.13,58,0.0,-12.1528,-44.99
Barreiras,2025-12-28 00:00:00,24.95,61,0.0,-12.1528,-44.99
Barreiras,2025-12-28 03:00:00,23.52,65,0.0,-12.1528,-44.99
Barreiras,2025-12-28 06:00:00,22.04,71,0.0,-12.1528,-44.99
Barreiras,2025-12-28 09:00:00,21.84,71,0.0,-12.1528,-44.99
Barreiras,2025-12-28 12:00:00,28.62,53,0.0,-12.1528,-44.99
Barreiras,2025-12-28 15:00:00,32.0,42,0.0,-12.1528,-44.99
Barreiras,2025-12-28 18:00:00,34.05,37,0.0,-12.1528,-44.99
Barreiras,2025-12-28 21:00:00,28.31,61,0.0,-12.1528,-44.99
Barreiras,2025-12-29 00:00:00,24.76,65,0.0,-12.1528,-44.99
Barreiras,2025-12-29 03:00:00,23.72,67,0.0,-12.1528,-44.99
Barreiras,2025-12-29 06:00:00,22.21,72,0.0,-12.1528,-44.99
Barreiras,2025-12-29 09:00:00,21.83,75,0.0,-12.1528,-44.99
Barreiras,2025-12-29 12:00:00,28.94,54,0.0,-12.1528,-44.99
Barreiras,2025-12-29 15:00:00,33.83,39,0.0,-12.1528,-44.99
Barreiras,2025-12-29 18:00:00,34.9,34,0.0,-12.1528,-44.99
Barreiras,2025-12-29 21:00:00,27.84,66,0.0,-12.1528,-44.99
Barreiras,2025-12-30 00:00:00,23.88,73,0.0,-12.1528,-44.99
Barreiras,2025-12-30 03:00:00,22.73,76,0.0,-12.1528,-44.99
Barreiras,2025-12-30 06:00:00,21.17,88,20.0,-12.1528,-44.99
Barreiras,2025-12-30 09:00:00,21.78,88,0.0,-12.1528,-44.99
Barreiras,2025-12-30 12:00:00,29.16,61,24.0,-12.1528,-44.99
Barreiras,2025-12-30 15:00:00,34.95,41,70.0,-12.1528,-44.99
Barreiras,2025-12-30 18:00:00,31.18,55,43.0,-12.1528,-44.99
Barreiras,2025-12-30 21:00:00,29.56,59,0.0,-12.1528,-44.99
Barreiras,2025-12-31 00:00:00,21.93,96,100.0,-12.1528,-44.99
Barreiras,2025-12-31 03:00:00,21.81,97,75.0,-12.1528,-44.99
Barreiras,2025-12-31 06:00:00,21.45,97,62.0,-12.1528,-44.99
Barreiras,2025-12-31 09:00:00,21.76,95,0.0,-12.1528,-44.99
Barreiras,2025-12-31 12:00:00,26.91,74,0.0,-12.1528,-44.99
Barreiras,2025-12-31 15:00:00,32.23,51,0.0,-12.1528,-44.99
Barreiras,2025-12-31 18:00:00,34.77,40,0.0,-12.1528,-44.99
Barreiras,2025-12-31 21:00:00,29.57,57,0.0,-12.1528,-44.99
Barreiras,2026-01-01 00:00:00,23.96,85,20.0,-12.1528,-44.99
Barreiras,2026-01-01 03:00:00,21.15,96,97.0,-12.1528,-44.99
Barreiras,2026-01-01 06:00:00,21.08,96,52.0,-12.1528,-44.99
Barreiras,2026-01-01 09:00:00,21.26,95,0.0,-12.1528,-44.99
Balsas,2025-12-27 12:00:00,25.46,72,0.0,-7.5325,-46.0356
Balsas,2025-12-27 15:00:00,30.39,56,1.0,-7.5325,-46.0356
Balsas,2025-12-27 18:00:00,30.97,53,0.0,-7.5325,-46.0356
Balsas,2025-12-27 21:00:00,28.19,64,0.0,-7.5325,-46.0356
Balsas,2025-12-28 00:00:00,25.67,74,0.0,-7.5325,-46.0356
Balsas,2025-12-28 03:00:00,24.49,76,0.0,-7.5325,-46.0356
Balsas,2025-12-28 06:00:00,23.52,80,0.0,-7.5325,-46.0356
Balsas,2025-12-28 09:00:00,24.18,78,0.0,-7.5325,-46.0356
Balsas,2025-12-28 12:00:00,29.07,62,0.0,-7.5325,-46.0356
Balsas,2025-12-28 15:00:00,34.43,46,2.0,-7.5325,-46.0356
Balsas,2025-12-28 18:00:00,25.21,86,100.0,-7.5325,-46.0356
Balsas,2025-12-28 21:00:00,23.14,92,100.0,-7.5325,-46.0356
Balsas,2025-12-29 00:00:00,22.83,94,100.0,-7.5325,-46.0356
Balsas,2025-12-29 03:00:00,22.76,92,0.0,-7.5325,-46.0356
Balsas,2025-12-29 06:00:00,22.51,91,0.0,-7.5325,-46.0356
Balsas,2025-12-29 09:00:00,22.72,91,0.0,-7.5325,-46.0356
Balsas,2025-12-29 12:00:00,27.82,71,0.0,-7.5325,-46.0356
Balsas,2025-12-29 15:00:00,30.19,63,100.0,-7.5325,-46.0356
Balsas,2025-12-29 18:00:00,31.31,56,100.0,-7.5325,-46.0356
Balsas,2025-12-29 21:00:00,26.55,81,100.0,-7.5325,-46.0356
Balsas,2025-12-30 00:00:00,24.8,87,80.0,-7.5325,-46.0356
Balsas,2025-12-30 03:00:00,24.06,90,32.0,-7.5325,-46.0356
Balsas,2025-12-30 06:00:00,23.12,91,14.0,-7.5325,-46.0356
Balsas,2025-12-30 09:00:00,22.62,92,0.0,-7.5325,-46.0356
Balsas,2025-12-30 12:00:00,27.77,72,0.0,-7.5325,-46.0356
Balsas,2025-12-30 15:00:00,31.21,58,89.0,-7.5325,-46.0356
Balsas,2025-12-30 18:00:00,29.03,71,100.0,-7.5325,-46.0356
Balsas,2025-12-30 21:00:00,27.07,81,100.0,-7.5325,-46.0356
Balsas,2025-12-31 00:00:00,25.05,87,100.0,-7.5325,-46.0356
Balsas,2025-12-31 03:00:00,24.05,91,100.0,-7.5325,-46.0356
Balsas,2025-12-31 06:00:00,23.43,92,85.0,-7.5325,-46.0356
Balsas,2025-12-31 09:00:00,22.83,93,27.0,-7.5325,-46.0356
Balsas,2025-12-31 12:00:00,28.16,72,25.0,-7.5325,-46.0356
Balsas,2025-12-31 15:00:00,31.88,59,100.0,-7.5325,-46.0356
Balsas,2025-12-31 18:00:00,32.62,51,100.0,-7.5325,-46.0356
Balsas,2025-12-31 21:00:00,27.93,72,31.0,-7.5325,-46.0356
Balsas,2026-01-01 00:00:00,27.49,73,0.0,-7.5325,-46.0356
Balsas,2026-01-01 03:00:00,26.34,78,21.0,-7.5325,-46.0356
Balsas,2026-01-01 06:00:00,24.49,85,34.0,-7.5325,-46.0356
Balsas,2026-01-01 09:00:00,24.15,86,35.0,-7.5325,-46.0356
Gurupi,2025-12-27 12:00:00,26.04,66,0.0,-11.7292,-49.0686
Gurupi,2025-12-27 15:00:00,31.07,49,0.0,-11.7292,-49.0686
Gurupi,2025-12-27 18:00:00,36.34,30,0.0,-11.7292,-49.0686
Gurupi,2025-12-27 21:00:00,32.65,41,0.0,-11.7292,-49.0686
Gurupi,2025-12-28 00:00:00,28.28,46,0.0,-11.7292,-49.0686
Gurupi,2025-12-28 03:00:00,26.01,60,0.0,-11.7292,-49.0686
Gurupi,2025-12-28 06:00:00,24.96,72,0.0,-11.7292,-49.0686
Gurupi,2025-12-28 09:00:00,23.95,78,0.0,-11.7292,-49.0686
Gurupi,2025-12-28 12:00:00,30.46,56,0.0,-11.7292,-49.0686
Gurupi,2025-12-28 15:00:00,35.79,38,0.0,-11.7292,-49.0686
Gurupi,2025-12-28 18:00:00,35.27,36,0.0,-11.7292,-49.0686
Gurupi,2025-12-28 21:00:00,31.83,49,1.0,-11.7292,-49.0686
Gurupi,2025-12-29 00:00:00,24.97,75,28.0,-11.7292,-49.0686
Gurupi,2025-12-29 03:00:00,24.82,75,37.0,-11.7292,-49.0686
Gurupi,2025-12-29 06:00:00,21.63,91,99.0,-11.7292,-49.0686
Gurupi,2025-12-29 09:00:00,21.6,94,85.0,-11.7292,-49.0686
Gurupi,2025-12-29 12:00:00,27.93,66,3.0,-11.7292,-49.0686
Gurupi,2025-12-29 15:00:00,35.0,42,0.0,-11.7292,-49.0686
Gurupi,2025-12-29 18:00:00,36.49,33,0.0,-11.7292,-49.0686
Gurupi,2025-12-29 21:00:00,31.21,51,13.0,-11.7292,-49.0686
Gurupi,2025-12-30 00:00:00,26.25,69,24.0,-11.7292,-49.0686
Gurupi,2025-12-30 03:00:00,23.54,85,85.0,-11.7292,-49.0686
Gurupi,2025-12-30 06:00:00,22.65,80,69.0,-11.7292,-49.0686
Gurupi,2025-12-30 09:00:00,22.34,85,0.0,-11.7292,-49.0686
Gurupi,2025-12-30 12:00:00,29.32,61,1.0,-11.7292,-49.0686
Gurupi,2025-12-30 15:00:00,35.23,41,0.0,-11.7292,-49.0686
Gurupi,2025-12-30 18:00:00,34.71,41,0.0,-11.7292,-49.0686
Gurupi,2025-12-30 21:00:00,31.0,54,0.0,-11.7292,-49.0686
Gurupi,2025-12-31 00:00:00,23.34,94,100.0,-11.7292,-49.0686
Gurupi,2025-12-31 03:00:00,23.04,89,100.0,-11.7292,-49.0686
Gurupi,2025-12-31 06:00:00,22.22,91,100.0,-11.7292,-49.0686
Gurupi,2025-12-31 09:00:00,21.36,90,100.0,-11.7292,-49.0686
Gurupi,2025-12-31 12:00:00,27.89,64,76.0,-11.7292,-49.0686
Gurupi,2025-12-31 15:00:00,32.81,49,0.0,-11.7292,-49.0686
Gurupi,2025-12-31 18:00:00,34.66,42,0.0,-11.7292,-49.0686
Gurupi,2025-12-31 21:00:00,31.04,58,3.0,-11.7292,-49.0686
Gurupi,2026-01-01 00:00:00,24.95,82,34.0,-11.7292,-49.0686
Gurupi,2026-01-01 03:00:00,22.98,90,77.0,-11.7292,-49.0686
Gurupi,2026-01-01 06:00:00,23.33,89,56.0,-11.7292,-49.0686
Gurupi,2026-01-01 09:00:00,23.19,92,100.0,-11.7292,-49.0686
Uruçuí,2025-12-28 12:00:00,25.31,74,0.0,-7.2294,-44.5561
Uruçuí,2025-12-28 15:00:00,29.01,61,80.0,-7.2294,-44.5561
Uruçuí,2025-12-28 18:00:00,31.71,53,56.0,-7.2294,-44.5561
Uruçuí,2025-12-28 21:00:00,28.81,64,0.0,-7.2294,-44.5561
Uruçuí,2025-12-29 00:00:00,26.24,71,0.0,-7.2294,-44.5561
Uruçuí,2025-12-29 03:00:00,26.22,70,0.0,-7.2294,-44.5561
Uruçuí,2025-12-29 06:00:00,24.86,74,0.0,-7.2294,-44.5561
Uruçuí,2025-12-29 09:00:00,23.32,87,100.0,-7.2294,-44.5561
Uruçuí,2025-12-29 12:00:00,27.5,72,100.0,-7.2294,-44.5561
Uruçuí,2025-12-29 15:00:00,31.48,55,100.0,-7.2294,-44.5561
Uruçuí,2025-12-29 18:00:00,33.22,47,100.0,-7.2294,-44.5561
Uruçuí,2025-12-29 21:00:00,28.26,68,20.0,-7.2294,-44.5561
Uruçuí,2025-12-30 00:00:00,26.72,75,0.0,-7.2294,-44.5561
Uruçuí,2025-12-30 03:00:00,25.31,79,20.0,-7.2294,-44.5561
Uruçuí,2025-12-30 06:00:00,24.02,86,53.0,-7.2294,-44.5561
Uruçuí,2025-12-30 09:00:00,23.31,89,21.0,-7.2294,-44.5561
Uruçuí,2025-12-30 12:00:00,28.77,68,0.0,-7.2294,-44.5561
Uruçuí,2025-12-30 15:00:00,32.88,54,100.0,-7.2294,-44.5561
Uruçuí,2025-12-30 18:00:00,30.53,63,100.0,-7.2294,-44.5561
Uruçuí,2025-12-30 21:00:00,28.96,67,0.0,-7.2294,-44.5561
Uruçuí,2025-12-31 00:00:00,26.92,71,0.0,-7.2294,-44.5561
Uruçuí,2025-12-31 03:00:00,25.74,75,0.0,-7.2294,-44.5561
Uruçuí,2025-12-31 06:00:00,24.25,84,26.0,-7.2294,-44.5561
Uruçuí,2025-12-31 09:00:00,23.2,88,100.0,-7.2294,-44.5561
Uruçuí,2025-12-31 12:00:00,28.16,65,85.0,-7.2294,-44.5561
Uruçuí,2025-12-31 15:00:00,32.99,50,3.0,-7.2294,-44.5561
Uruçuí,2025-12-31 18:00:00,30.91,58,0.0,-7.2294,-44.5561
Uruçuí,2025-12-31 21:00:00,29.21,64,0.0,-7.2294,-44.5561
Uruçuí,2026-01-01 00:00:00,28.64,62,0.0,-7.2294,-44.5561
Uruçuí,2026-01-01 03:00:00,25.58,71,0.0,-7.2294,-44.5561
Uruçuí,2026-01-01 06:00:00,24.71,74,0.0,-7.2294,-44.5561
Uruçuí,2026-01-01 09:00:00,23.84,81,1.0,-7.2294,-44.5561
Uruçuí,2026-01-01 12:00:00,28.43,64,0.0,-7.2294,-44.5561
Uruçuí,2026-01-01 15:00:00,30.01,56,48.0,-7.2294,-44.5561
Uruçuí,2026-01-01 18:00:00,31.38,54,38.0,-7.2294,-44.5561
Uruçuí,2026-01-01 21:00:00,27.78,70,54.0,-7.2294,-44.5561
Uruçuí,2026-01-02 00:00:00,27.33,70,0.0,-7.2294,-44.5561
Uruçuí,2026-01-02 03:00:00,25.32,76,0.0,-7.2294,-44.5561
Uruçuí,2026-01-02 06:00:00,23.89,82,0.0,-7.2294,-44.5561
Uruçuí,2026-01-02 09:00:00,23.13,85,0.0,-7.2294,-44.5561
Barreiras,2025-12-28 12:00:00,23.81,68,0.0,-12.1528,-44.99
Barreiras,2025-12-28 15:00:00,27.42,57,0.0,-12.1528,-44.99
Barreiras,2025-12-28 18:00:00,33.96,36,0.0,-12.1528,-44.99
Barreiras,2025-12-28 21:00:00,28.75,57,0.0,-12.1528,-44.99
Barreiras,2025-12-29 00:00:00,26.58,61,0.0,-12.1528,-44.99
Barreiras,2025-12-29 03:00:00,23.97,69,0.0,-12.1528,-44.99
Barreiras,2025-12-29 06:00:00,22.6,73,0.0,-12.1528,-44.99
Barreiras,2025-12-29 09:00:00,21.82,77,0.0,-12.1528,-44.99
Barreiras,2025-12-29 12:00:00,29.43,53,0.0,-12.1528,-44.99
Barreiras,2025-12-29 15:00:00,33.53,39,0.0,-12.1528,-44.99
Barreiras,2025-12-29 18:00:00,34.99,35,0.0,-12.1528,-44.99
Barreiras,2025-12-29 21:00:00,29.14,61,0.0,-12.1528,-44.99
Barreiras,2025-12-30 00:00:00,25.29,66,0.0,-12.1528,-44.99
Barreiras,2025-12-30 03:00:00,23.69,71,0.0,-12.1528,-44.99
Barreiras,2025-12-30 06:00:00,22.96,74,0.0,-12.1528,-44.99
Barreiras,2025-12-30 09:00:00,22.29,80,0.0,-12.1528,-44.99
Barreiras,2025-12-30 12:00:00,29.97,56,0.0,-12.1528,-44.99
Barreiras,2025-12-30 15:00:00,34.3,41,12.0,-12.1528,-44.99
Barreiras,2025-12-30 18:00:00,33.92,41,1.0,-12.1528,-44.99
Barreiras,2025-12-30 21:00:00,23.07,89,89.0,-12.1528,-44.99
Barreiras,2025-12-31 00:00:00,22.24,97,100.0,-12.1528,-44.99
Barreiras,2025-12-31 03:00:00,21.87,98,20.0,-12.1528,-44.99
Barreiras,2025-12-31 06:00:00,21.18,97,0.0,-12.1528,-44.99
Barreiras,2025-12-31 09:00:00,21.19,95,0.0,-12.1528,-44.99
Barreiras,2025-12-31 12:00:00,28.59,63,0.0,-12.1528,-44.99
Barreiras,2025-12-31 15:00:00,33.77,42,0.0,-12.1528,-44.99
Barreiras,2025-12-31 18:00:00,33.68,42,0.0,-12.1528,-44.99
Barreiras,2025-12-31 21:00:00,27.57,67,46.0,-12.1528,-44.99
Barreiras,2026-01-01 00:00:00,22.35,91,65.0,-12.1528,-44.99
Barreiras,2026-01-01 03:00:00,21.62,94,100.0,-12.1528,-44.99
Barreiras,2026-01-01 06:00:00,21.4,95,80.0,-12.1528,-44.99
Barreiras,2026-01-01 09:00:00,21.57,94,8.0,-12.1528,-44.99
Barreiras,2026-01-01 12:00:00,28.48,68,41.0,-12.1528,-44.99
Barreiras,2026-01-01 15:00:00,32.72,50,100.0,-12.1528,-44.99
Barreiras,2026-01-01 18:00:00,31.78,51,80.0,-12.1528,-44.99
Barreiras,2026-01-01 21:00:00,28.99,68,0.0,-12.1528,-44.99
Barreiras,2026-01-02 00:00:00,23.1,90,86.0,-12.1528,-44.99
Barreiras,2026-01-02 03:00:00,22.61,93,93.0,-12.1528,-44.99
Barreiras,2026-01-02 06:00:00,21.78,95,84.0,-12.1528,-44.99
Barreiras,2026-01-02 09:00:00,21.49,96,32.0,-12.1528,-44.99
Balsas,2025-12-28 12:00:00,24.73,77,0.0,-7.5325,-46.0356
Balsas,2025-12-28 15:00:00,29.98,60,0.0,-7.5325,-46.0356
Balsas,2025-12-28 18:00:00,30.51,59,0.0,-7.5325,-46.0356
Balsas,2025-12-28 21:00:00,27.58,69,3.0,-7.5325,-46.0356
Balsas,2025-12-29 00:00:00,25.76,74,0.0,-7.5325,-46.0356
Balsas,2025-12-29 03:00:00,24.67,79,0.0,-7.5325,-46.0356
Balsas,2025-12-29 06:00:00,23.88,82,0.0,-7.5325,-46.0356
Balsas,2025-12-29 09:00:00,23.41,85,0.0,-7.5325,-46.0356
Balsas,2025-12-29 12:00:00,28.49,70,24.0,-7.5325,-46.0356
Balsas,2025-12-29 15:00:00,30.81,57,100.0,-7.5325,-46.0356
Balsas,2025-12-29 18:00:00,30.27,62,100.0,-7.5325,-46.0356
Balsas,2025-12-29 21:00:00,27.41,77,100.0,-7.5325,-46.0356
Balsas,2025-12-30 00:00:00,25.05,86,94.0,-7.5325,-46.0356
Balsas,2025-12-30 03:00:00,24.11,88,0.0,-7.5325,-46.0356
Balsas,2025-12-30 06:00:00,23.31,89,0.0,-7.5325,-46.0356
Balsas,2025-12-30 09:00:00,22.79,89,0.0,-7.5325,-46.0356
Balsas,2025-12-30 12:00:00,27.83,70,0.0,-7.5325,-46.0356
Balsas,2025-12-30 15:00:00,31.45,59,99.0,-7.5325,-46.0356
Balsas,2025-12-30 18:00:00,29.44,67,100.0,-7.5325,-46.0356
Balsas,2025-12-30 21:00:00,28.12,74,66.0,-7.5325,-46.0356
Balsas,2025-12-31 00:00:00,26.44,81,63.0,-7.5325,-46.0356
Balsas,2025-12-31 03:00:00,24.45,89,0.0,-7.5325,-46.0356
Balsas,2025-12-31 06:00:00,23.66,90,0.0,-7.5325,-46.0356
Balsas,2025-12-31 09:00:00,22.58,94,100.0,-7.5325,-46.0356
Balsas,2025-12-31 12:00:00,27.3,75,100.0,-7.5325,-46.0356
Balsas,2025-12-31 15:00:00,32.33,55,100.0,-7.5325,-46.0356
Balsas,2025-12-31 18:00:00,31.65,57,94.0,-7.5325,-46.0356
Balsas,2025-12-31 21:00:00,28.54,69,21.0,-7.5325,-46.0356
Balsas,2026-01-01 00:00:00,27.53,71,0.0,-7.5325,-46.0356
Balsas,2026-01-01 03:00:00,26.84,74,0.0,-7.5325,-46.0356
Balsas,2026-01-01 06:00:00,24.59,82,0.0,-7.5325,-46.0356
Balsas,2026-01-01 09:00:00,23.35,88,97.0,-7.5325,-46.0356
Balsas,2026-01-01 12:00:00,27.9,71,81.0,-7.5325,-46.0356
Balsas,2026-01-01 15:00:00,31.25,60,100.0,-7.5325,-46.0356
Balsas,2026-01-01 18:00:00,29.88,63,100.0,-7.5325,-46.0356
Balsas,2026-01-01 21:00:00,27.44,77,98.0,-7.5325,-46.0356
Balsas,2026-01-02 00:00:00,25.11,86,100.0,-7.5325,-46.0356
Balsas,2026-01-02 03:00:00,24.14,89,0.0,-7.5325,-46.0356
Balsas,2026-01-02 06:00:00,24.49,86,0.0,-7.5325,-46.0356
Balsas,2026-01-02 09:00:00,23.65,87,0.0,-7.5325,-46.0356
Gurupi,2025-12-28 12:00:00,26.05,59,0.0,-11.7292,-49.0686
Gurupi,2025-12-28 15:00:00,31.82,46,0.0,-11.7292,-49.0686
Gurupi,2025-12-28 18:00:00,36.39,32,0.0,-11.7292,-49.0686
Gurupi,2025-12-28 21:00:00,30.36,50,0.0,-11.7292,-49.0686
Gurupi,2025-12-29 00:00:00,27.04,63,20.0,-11.7292,-49.0686
Gurupi,2025-12-29 03:00:00,24.94,76,98.0,-11.7292,-49.0686
Gurupi,2025-12-29 06:00:00,23.71,84,79.0,-11.7292,-49.0686
Gurupi,2025-12-29 09:00:00,22.48,89,0.0,-11.7292,-49.0686
Gurupi,2025-12-29 12:00:00,29.88,58,0.0,-11.7292,-49.0686
Gurupi,2025-12-29 15:00:00,35.8,41,0.0,-11.7292,-49.0686
Gurupi,2025-12-29 18:00:00,36.39,34,0.0,-11.7292,-49.0686
Gurupi,2025-12-29 21:00:00,29.8,60,35.0,-11.7292,-49.0686
Gurupi,2025-12-30 00:00:00,25.09,79,46.0,-11.7292,-49.0686
Gurupi,2025-12-30 03:00:00,24.45,79,3.0,-11.7292,-49.0686
Gurupi,2025-12-30 06:00:00,23.46,85,53.0,-11.7292,-49.0686
Gurupi,2025-12-30 09:00:00,22.85,89,45.0,-11.7292,-49.0686
Gurupi,2025-12-30 12:00:00,28.5,69,100.0,-11.7292,-49.0686
Gurupi,2025-12-30 15:00:00,35.24,41,0.0,-11.7292,-49.0686
Gurupi,2025-12-30 18:00:00,30.08,59,29.0,-11.7292,-49.0686
Gurupi,2025-12-30 21:00:00,28.05,69,39.0,-11.7292,-49.0686
Gurupi,2025-12-31 00:00:00,23.28,93,100.0,-11.7292,-49.0686
Gurupi,2025-12-31 03:00:00,23.19,94,100.0,-11.7292,-49.0686
Gurupi,2025-12-31 06:00:00,22.5,88,80.0,-11.7292,-49.0686
Gurupi,2025-12-31 09:00:00,21.88,88,0.0,-11.7292,-49.0686
Gurupi,2025-12-31 12:00:00,28.11,66,0.0,-11.7292,-49.0686
Gurupi,2025-12-31 15:00:00,33.45,49,0.0,-11.7292,-49.0686
Gurupi,2025-12-31 18:00:00,33.78,48,20.0,-11.7292,-49.0686
Gurupi,2025-12-31 21:00:00,21.68,96,100.0,-11.7292,-49.0686
Gurupi,2026-01-01 00:00:00,24.11,82,100.0,-11.7292,-49.0686
Gurupi,2026-01-01 03:00:00,23.5,77,0.0,-11.7292,-49.0686
Gurupi,2026-01-01 06:00:00,22.94,81,20.0,-11.7292,-49.0686
Gurupi,2026-01-01 09:00:00,22.61,81,34.0,-11.7292,-49.0686
Gurupi,2026-01-01 12:00:00,27.43,68,0.0,-11.7292,-49.0686
Gurupi,2026-01-01 15:00:00,32.99,51,0.0,-11.7292,-49.0686
Gurupi,2026-01-01 18:00:00,33.52,48,0.0,-11.7292,-49.0686
Gurupi,2026-01-01 21:00:00,25.47,81,79.0,-11.7292,-49.0686
Gurupi,2026-01-02 00:00:00,24.05,86,100.0,-11.7292,-49.0686
Gurupi,2026-01-02 03:00:00,23.72,90,40.0,-11.7292,-49.0686
Gurupi,2026-01-02 06:00:00,23.04,90,12.0,-11.7292,-49.0686
Gurupi,2026-01-02 09:00:00,22.95,91,0.0,-11.7292,-49.0686
Uruçuí,2025-12-29 12:00:00,24.45,81,98.0,-7.2294,-44.5561
Uruçuí,2025-12-29 15:00:00,27.66,70,100.0,-7.2294,-44.5561
Uruçuí,2025-12-29 18:00:00,31.08,55,100.0,-7.2294,-44.5561
Uruçuí,2025-12-29 21:00:00,27.01,76,37.0,-7.2294,-44.5561
Uruçuí,2025-12-30 00:00:00,25.27,80,4.0,-7.2294,-44.5561
Uruçuí,2025-12-30 03:00:00,25.11,81,0.0,-7.2294,-44.5561
Uruçuí,2025-12-30 06:00:00,23.78,86,0.0,-7.2294,-44.5561
Uruçuí,2025-12-30 09:00:00,23.18,89,0.0,-7.2294,-44.5561
Uruçuí,2025-12-30 12:00:00,28.68,69,0.0,-7.2294,-44.5561
Uruçuí,2025-12-30 15:00:00,31.8,58,100.0,-7.2294,-44.5561
Uruçuí,2025-12-30 18:00:00,30.87,60,100.0,-7.2294,-44.5561
Uruçuí,2025-12-30 21:00:00,28.35,71,8.0,-7.2294,-44.5561
Uruçuí,2025-12-31 00:00:00,26.14,77,0.0,-7.2294,-44.5561
Uruçuí,2025-12-31 03:00:00,24.91,80,0.0,-7.2294,-44.5561
Uruçuí,2025-12-31 06:00:00,25.51,76,0.0,-7.2294,-44.5561
Uruçuí,2025-12-31 09:00:00,23.39,85,2.0,-7.2294,-44.5561
Uruçuí,2025-12-31 12:00:00,28.12,66,0.0,-7.2294,-44.5561
Uruçuí,2025-12-31 15:00:00,32.64,50,20.0,-7.2294,-44.5561
Uruçuí,2025-12-31 18:00:00,29.32,64,3.0,-7.2294,-44.5561
Uruçuí,2025-12-31 21:00:00,28.4,68,11.0,-7.2294,-44.5561
Uruçuí,2026-01-01 00:00:00,26.62,70,0.0,-7.2294,-44.5561
Uruçuí,2026-01-01 03:00:00,25.29,74,0.0,-7.2294,-44.5561
Uruçuí,2026-01-01 06:00:00,24.48,77,0.0,-7.2294,-44.5561
Uruçuí,2026-01-01 09:00:00,22.75,91,99.0,-7.2294,-44.5561
Uruçuí,2026-01-01 12:00:00,27.78,68,87.0,-7.2294,-44.5561
Uruçuí,2026-01-01 15:00:00,31.49,53,55.0,-7.2294,-44.5561
Uruçuí,2026-01-01 18:00:00,28.86,67,75.0,-7.2294,-44.5561
Uruçuí,2026-01-01 21:00:00,26.9,74,85.0,-7.2294,-44.5561
Uruçuí,2026-01-02 00:00:00,25.55,78,68.0,-7.2294,-44.5561
Uruçuí,2026-01-02 03:00:00,23.89,85,0.0,-7.2294,-44.5561
Uruçuí,2026-01-02 06:00:00,23.04,87,20.0,-7.2294,-44.5561
Uruçuí,2026-01-02 09:00:00,22.46,89,27.0,-7.2294,-44.5561
Uruçuí,2026-01-02 12:00:00,27.86,66,0.0,-7.2294,-44.5561
Uruçuí,2026-01-02 15:00:00,32.74,48,23.0,-7.2294,-44.5561
Uruçuí,2026-01-02 18:00:00,28.84,65,39.0,-7.2294,-44.5561
Uruçuí,2026-01-02 21:00:00,26.66,72,31.0,-7.2294,-44.5561
Uruçuí,2026-01-03 00:00:00,25.65,76,23.0,-7.2294,-44.5561
Uruçuí,2026-01-03 03:00:00,25.02,78,5.0,-7.2294,-44.5561
Uruçuí,2026-01-03 06:00:00,23.55,82,0.0,-7.2294,-44.5561
Uruçuí,2026-01-03 09:00:00,22.85,84,0.0,-7.2294,-44.5561
Barreiras,2025-12-29 12:00:00,25.22,67,0.0,-12.1528,-44.99
Barreiras,2025-12-29 15:00:00,32.08,47,0.0,-12.1528,-44.99
Barreiras,2025-12-29 18:00:00,31.05,53,0.0,-12.1528,-44.99
Barreiras,2025-12-29 21:00:00,25.66,80,100.0,-12.1528,-44.99
Barreiras,2025-12-30 00:00:00,24.41,81,100.0,-12.1528,-44.99
Barreiras,2025-12-30 03:00:00,22.26,88,0.0,-12.1528,-44.99
Barreiras,2025-12-30 06:00:00,21.88,88,0.0,-12.1528,-44.99
Barreiras,2025-12-30 09:00:00,21.76,88,0.0,-12.1528,-44.99
Barreiras,2025-12-30 12:00:00,30.95,55,0.0,-12.1528,-44.99
Barreiras,2025-12-30 15:00:00,36.07,36,0.0,-12.1528,-44.99
Barreiras,2025-12-30 18:00:00,32.22,45,0.0,-12.1528,-44.99
Barreiras,2025-12-30 21:00:00,28.26,63,20.0,-12.1528,-44.99
Barreiras,2025-12-31 00:00:00,22.01,94,100.0,-12.1528,-44.99
Barreiras,2025-12-31 03:00:00,21.17,97,98.0,-12.1528,-44.99
Barreiras,2025-12-31 06:00:00,20.93,94,74.0,-12.1528,-44.99
Barreiras,2025-12-31 09:00:00,20.82,94,0.0,-12.1528,-44.99
Barreiras,2025-12-31 12:00:00,28.68,62,0.0,-12.1528,-44.99
Barreiras,2025-12-31 15:00:00,34.47,41,0.0,-12.1528,-44.99
Barreiras,2025-12-31 18:00:00,33.45,45,0.0,-12.1528,-44.99
Barreiras,2025-12-31 21:00:00,28.27,62,22.0,-12.1528,-44.99
Barreiras,2026-01-01 00:00:00,23.16,88,92.0,-12.1528,-44.99
Barreiras,2026-01-01 03:00:00,23.0,89,0.0,-12.1528,-44.99
Barreiras,2026-01-01 06:00:00,21.78,92,34.0,-12.1528,-44.99
Barreiras,2026-01-01 09:00:00,21.64,94,20.0,-12.1528,-44.99
Barreiras,2026-01-01 12:00:00,29.71,61,0.0,-12.1528,-44.99
Barreiras,2026-01-01 15:00:00,34.51,41,0.0,-12.1528,-44.99
Barreiras,2026-01-01 18:00:00,30.78,56,0.0,-12.1528,-44.99
Barreiras,2026-01-01 21:00:00,28.73,64,5.0,-12.1528,-44.99
Barreiras,2026-01-02 00:00:00,25.55,74,21.0,-12.1528,-44.99
Barreiras,2026-01-02 03:00:00,21.65,97,100.0,-12.1528,-44.99
Barreiras,2026-01-02 06:00:00,21.39,95,66.0,-12.1528,-44.99
Barreiras,2026-01-02 09:00:00,21.83,93,0.0,-12.1528,-44.99
Barreiras,2026-01-02 12:00:00,29.23,61,0.0,-12.1528,-44.99
Barreiras,2026-01-02 15:00:00,35.18,37,0.0,-12.1528,-44.99
Barreiras,2026-01-02 18:00:00,30.47,54,0.0,-12.1528,-44.99
Barreiras,2026-01-02 21:00:00,26.37,71,58.0,-12.1528,-44.99
Barreiras,2026-01-03 00:00:00,22.55,95,91.0,-12.1528,-44.99
Barreiras,2026-01-03 03:00:00,21.92,97,3.0,-12.1528,-44.99
Barreiras,2026-01-03 06:00:00,20.89,97,29.0,-12.1528,-44.99
Barreiras,2026-01-03 09:00:00,20.72,94,70.0,-12.1528,-44.99
Balsas,2025-12-29 12:00:00,24.42,86,20.0,-7.5325,-46.0356
Balsas,2025-12-29 15:00:00,27.6,72,100.0,-7.5325,-46.0356
Balsas,2025-12-29 18:00:00,30.78,59,100.0,-7.5325,-46.0356
Balsas,2025-12-29 21:00:00,26.91,80,92.0,-7.5325,-46.0356
Balsas,2025-12-30 00:00:00,24.68,86,84.0,-7.5325,-46.0356
Balsas,2025-12-30 03:00:00,24.41,85,0.0,-7.5325,-46.0356
Balsas,2025-12-30 06:00:00,23.59,87,0.0,-7.5325,-46.0356
Balsas,2025-12-30 09:00:00,22.85,89,0.0,-7.5325,-46.0356
Balsas,2025-12-30 12:00:00,28.08,70,0.0,-7.5325,-46.0356
Balsas,2025-12-30 15:00:00,31.48,59,75.0,-7.5325,-46.0356
Balsas,2025-12-30 18:00:00,29.59,68,100.0,-7.5325,-46.0356
Balsas,2025-12-30 21:00:00,26.38,83,100.0,-7.5325,-46.0356
Balsas,2025-12-31 00:00:00,25.3,87,100.0,-7.5325,-46.0356
Balsas,2025-12-31 03:00:00,23.81,92,0.0,-7.5325,-46.0356
Balsas,2025-12-31 06:00:00,23.21,92,0.0,-7.5325,-46.0356
Balsas,2025-12-31 09:00:00,22.65,93,0.0,-7.5325,-46.0356
Balsas,2025-12-31 12:00:00,26.81,76,0.0,-7.5325,-46.0356
Balsas,2025-12-31 15:00:00,30.15,63,100.0,-7.5325,-46.0356
Balsas,2025-12-31 18:00:00,32.02,55,100.0,-7.5325,-46.0356
Balsas,2025-12-31 21:00:00,27.41,76,100.0,-7.5325,-46.0356
Balsas,2026-01-01 00:00:00,25.78,82,76.0,-7.5325,-46.0356
Balsas,2026-01-01 03:00:00,24.86,86,27.0,-7.5325,-46.0356
Balsas,2026-01-01 06:00:00,23.47,90,3.0,-7.5325,-46.0356
Balsas,2026-01-01 09:00:00,23.06,92,96.0,-7.5325,-46.0356
Balsas,2026-01-01 12:00:00,26.96,75,100.0,-7.5325,-46.0356
Balsas,2026-01-01 15:00:00,30.78,58,66.0,-7.5325,-46.0356
Balsas,2026-01-01 18:00:00,29.95,64,100.0,-7.5325,-46.0356
Balsas,2026-01-01 21:00:00,26.77,81,100.0,-7.5325,-46.0356
Balsas,2026-01-02 00:00:00,25.16,84,100.0,-7.5325,-46.0356
Balsas,2026-01-02 03:00:00,24.67,86,20.0,-7.5325,-46.0356
Balsas,2026-01-02 06:00:00,23.08,90,0.0,-7.5325,-46.0356
Balsas,2026-01-02 09:00:00,22.74,91,0.0,-7.5325,-46.0356
Balsas,2026-01-02 12:00:00,27.74,71,36.0,-7.5325,-46.0356
Balsas,2026-01-02 15:00:00,30.12,63,100.0,-7.5325,-46.0356
Balsas,2026-01-02 18:00:00,30.51,60,100.0,-7.5325,-46.0356
Balsas,2026-01-02 21:00:00,27.72,77,93.0,-7.5325,-46.0356
Balsas,2026-01-03 00:00:00,24.59,86,100.0,-7.5325,-46.0356
Balsas,2026-01-03 03:00:00,24.41,87,24.0,-7.5325,-46.0356
Balsas,2026-01-03 06:00:00,23.98,88,25.0,-7.5325,-46.0356
Balsas,2026-01-03 09:00:00,23.72,87,0.0,-7.5325,-46.0356
Gurupi,2025-12-29 12:00:00,24.32,83,27.0,-11.7292,-49.0686
Gurupi,2025-12-29 15:00:00,30.03,61,0.0,-11.7292,-49.0686
Gurupi,2025-12-29 18:00:00,35.15,41,0.0,-11.7292,-49.0686
Gurupi,2025-12-29 21:00:00,28.0,68,58.0,-11.7292,-49.0686
Gurupi,2025-12-30 00:00:00,26.55,58,50.0,-11.7292,-49.0686
Gurupi,2025-12-30 03:00:00,24.7,79,100.0,-11.7292,-49.0686
Gurupi,2025-12-30 06:00:00,22.49,92,100.0,-11.7292,-49.0686
Gurupi,2025-12-30 09:00:00,22.59,94,52.0,-11.7292,-49.0686
Gurupi,2025-12-30 12:00:00,28.09,73,42.0,-11.7292,-49.0686
Gurupi,2025-12-30 15:00:00,33.4,50,0.0,-11.7292,-49.0686
Gurupi,2025-12-30 18:00:00,34.99,43,0.0,-11.7292,-49.0686
Gurupi,2025-12-30 21:00:00,30.89,63,0.0,-11.7292,-49.0686
Gurupi,2025-12-31 00:00:00,23.43,94,95.0,-11.7292,-49.0686
Gurupi,2025-12-31 03:00:00,23.71,88,27.0,-11.7292,-49.0686
Gurupi,2025-12-31 06:00:00,23.05,89,10.0,-11.7292,-49.0686
Gurupi,2025-12-31 09:00:00,22.59,92,0.0,-11.7292,-49.0686
Gurupi,2025-12-31 12:00:00,28.27,71,0.0,-11.7292,-49.0686
Gurupi,2025-12-31 15:00:00,34.01,49,0.0,-11.7292,-49.0686
Gurupi,2025-12-31 18:00:00,35.16,41,0.0,-11.7292,-49.0686
Gurupi,2025-12-31 21:00:00,26.04,79,56.0,-11.7292,-49.0686
Gurupi,2026-01-01 00:00:00,23.2,66,63.0,-11.7292,-49.0686
Gurupi,2026-01-01 03:00:00,23.33,84,20.0,-11.7292,-49.0686
Gurupi,2026-01-01 06:00:00,23.68,78,0.0,-11.7292,-49.0686
Gurupi,2026-01-01 09:00:00,22.6,80,0.0,-11.7292,-49.0686
Gurupi,2026-01-01 12:00:00,28.08,68,32.0,-11.7292,-49.0686
Gurupi,2026-01-01 15:00:00,33.6,49,0.0,-11.7292,-49.0686
Gurupi,2026-01-01 18:00:00,34.35,45,0.0,-11.7292,-49.0686
Gurupi,2026-01-01 21:00:00,24.68,88,70.0,-11.7292,-49.0686
Gurupi,2026-01-02 00:00:00,23.3,80,93.0,-11.7292,-49.0686
Gurupi,2026-01-02 03:00:00,23.47,84,44.0,-11.7292,-49.0686
Gurupi,2026-01-02 06:00:00,23.27,86,15.0,-11.7292,-49.0686
Gurupi,2026-01-02 09:00:00,22.76,92,16.0,-11.7292,-49.0686
Gurupi,2026-01-02 12:00:00,28.22,71,8.0,-11.7292,-49.0686
Gurupi,2026-01-02 15:00:00,31.32,59,100.0,-11.7292,-49.0686
Gurupi,2026-01-02 18:00:00,33.79,45,79.0,-11.7292,-49.0686
Gurupi,2026-01-02 21:00:00,29.69,65,67.0,-11.7292,-49.0686
Gurupi,2026-01-03 00:00:00,24.03,92,100.0,-11.7292,-49.0686
Gurupi,2026-01-03 03:00:00,23.24,95,100.0,-11.7292,-49.0686
Gurupi,2026-01-03 06:00:00,22.22,93,80.0,-11.7292,-49.0686
Gurupi,2026-01-03 09:00:00,21.58,96,100.0,-11.7292,-49.0686
Uruçuí,2025-12-30 12:00:00,25.27,82,0.0,-7.2294,-44.5561
Uruçuí,2025-12-30 15:00:00,29.54,65,100.0,-7.2294,-44.5561
Uruçuí,2025-12-30 18:00:00,30.0,65,100.0,-7.2294,-44.5561
Uruçuí,2025-12-30 21:00:00,28.09,75,96.0,-7.2294,-44.5561
Uruçuí,2025-12-31 00:00:00,26.35,79,59.0,-7.2294,-44.5561
Uruçuí,2025-12-31 03:00:00,24.81,84,0.0,-7.2294,-44.5561
Uruçuí,2025-12-31 06:00:00,23.84,86,0.0,-7.2294,-44.5561
Uruçuí,2025-12-31 09:00:00,22.82,92,37.0,-7.2294,-44.5561
Uruçuí,2025-12-31 12:00:00,28.12,68,15.0,-7.2294,-44.5561
Uruçuí,2025-12-31 15:00:00,31.86,57,100.0,-7.2294,-44.5561
Uruçuí,2025-12-31 18:00:00,32.0,53,100.0,-7.2294,-44.5561
Uruçuí,2025-12-31 21:00:00,28.28,69,100.0,-7.2294,-44.5561
Uruçuí,2026-01-01 00:00:00,26.59,75,100.0,-7.2294,-44.5561
Uruçuí,2026-01-01 03:00:00,24.51,82,0.0,-7.2294,-44.5561
Uruçuí,2026-01-01 06:00:00,23.73,85,0.0,-7.2294,-44.5561
Uruçuí,2026-01-01 09:00:00,22.92,89,0.0,-7.2294,-44.5561
Uruçuí,2026-01-01 12:00:00,27.99,67,0.0,-7.2294,-44.5561
Uruçuí,2026-01-01 15:00:00,30.09,61,100.0,-7.2294,-44.5561
Uruçuí,2026-01-01 18:00:00,31.86,53,100.0,-7.2294,-44.5561
Uruçuí,2026-01-01 21:00:00,27.54,72,74.0,-7.2294,-44.5561
Uruçuí,2026-01-02 00:00:00,25.15,82,84.0,-7.2294,-44.5561
Uruçuí,2026-01-02 03:00:00,24.18,85,0.0,-7.2294,-44.5561
Uruçuí,2026-01-02 06:00:00,23.28,90,0.0,-7.2294,-44.5561
Uruçuí,2026-01-02 09:00:00,22.84,91,0.0,-7.2294,-44.5561
Uruçuí,2026-01-02 12:00:00,28.51,62,0.0,-7.2294,-44.5561
Uruçuí,2026-01-02 15:00:00,33.42,45,27.0,-7.2294,-44.5561
Uruçuí,2026-01-02 18:00:00,30.5,60,30.0,-7.2294,-44.5561
Uruçuí,2026-01-02 21:00:00,27.69,70,20.0,-7.2294,-44.5561
Uruçuí,2026-01-03 00:00:00,25.29,77,95.0,-7.2294,-44.5561
Uruçuí,2026-01-03 03:00:00,24.52,81,20.0,-7.2294,-44.5561
Uruçuí,2026-01-03 06:00:00,23.99,84,0.0,-7.2294,-44.5561
Uruçuí,2026-01-03 09:00:00,22.43,88,0.0,-7.2294,-44.5561
Uruçuí,2026-01-03 12:00:00,26.52,68,0.0,-7.2294,-44.5561
Uruçuí,2026-01-03 15:00:00,30.59,53,29.0,-7.2294,-44.5561
Uruçuí,2026-01-03 18:00:00,30.01,57,20.0,-7.2294,-44.5561
Uruçuí,2026-01-03 21:00:00,27.84,67,0.0,-7.2294,-44.5561
Uruçuí,2026-01-04 00:00:00,26.49,70,48.0,-7.2294,-44.5561
Uruçuí,2026-01-04 03:00:00,24.42,83,94.0,-7.2294,-44.5561
Uruçuí,2026-01-04 06:00:00,23.85,85,100.0,-7.2294,-44.5561
Uruçuí,2026-01-04 09:00:00,22.53,91,98.0,-7.2294,-44.5561
Barreiras,2025-12-30 12:00:00,24.54,75,0.0,-12.1528,-44.99
Barreiras,2025-12-30 15:00:00,31.73,50,0.0,-12.1528,-44.99
Barreiras,2025-12-30 18:00:00,29.39,55,23.0,-12.1528,-44.99
Barreiras,2025-12-30 21:00:00,23.56,68,73.0,-12.1528,-44.99
Barreiras,2025-12-31 00:00:00,21.03,92,100.0,-12.1528,-44.99
Barreiras,2025-12-31 03:00:00,20.53,94,0.0,-12.1528,-44.99
Barreiras,2025-12-31 06:00:00,20.46,95,0.0,-12.1528,-44.99
Barreiras,2025-12-31 09:00:00,20.18,94,0.0,-12.1528,-44.99
Barreiras,2025-12-31 12:00:00,29.41,57,0.0,-12.1528,-44.99
Barreiras,2025-12-31 15:00:00,36.31,34,0.0,-12.1528,-44.99
Barreiras,2025-12-31 18:00:00,33.99,40,0.0,-12.1528,-44.99
Barreiras,2025-12-31 21:00:00,29.86,52,0.0,-12.1528,-44.99
Barreiras,2026-01-01 00:00:00,24.31,78,94.0,-12.1528,-44.99
Barreiras,2026-01-01 03:00:00,23.11,88,100.0,-12.1528,-44.99
Barreiras,2026-01-01 06:00:00,21.89,92,83.0,-12.1528,-44.99
Barreiras,2026-01-01 09:00:00,21.88,92,26.0,-12.1528,-44.99
Barreiras,2026-01-01 12:00:00,29.2,63,67.0,-12.1528,-44.99
Barreiras,2026-01-01 15:00:00,33.35,43,100.0,-12.1528,-44.99
Barreiras,2026-01-01 18:00:00,35.01,36,80.0,-12.1528,-44.99
Barreiras,2026-01-01 21:00:00,27.57,67,24.0,-12.1528,-44.99
Barreiras,2026-01-02 00:00:00,24.66,77,35.0,-12.1528,-44.99
Barreiras,2026-01-02 03:00:00,22.89,85,2.0,-12.1528,-44.99
Barreiras,2026-01-02 06:00:00,21.79,90,23.0,-12.1528,-44.99
Barreiras,2026-01-02 09:00:00,21.77,91,0.0,-12.1528,-44.99
Barreiras,2026-01-02 12:00:00,29.79,57,0.0,-12.1528,-44.99
Barreiras,2026-01-02 15:00:00,34.53,39,21.0,-12.1528,-44.99
Barreiras,2026-01-02 18:00:00,32.8,44,25.0,-12.1528,-44.99
Barreiras,2026-01-02 21:00:00,28.39,59,46.0,-12.1528,-44.99
Barreiras,2026-01-03 00:00:00,22.52,91,100.0,-12.1528,-44.99
Barreiras,2026-01-03 03:00:00,21.6,96,100.0,-12.1528,-44.99
Barreiras,2026-01-03 06:00:00,21.82,96,100.0,-12.1528,-44.99
Barreiras,2026-01-03 09:00:00,21.65,96,34.0,-12.1528,-44.99
Barreiras,2026-01-03 12:00:00,25.14,81,47.0,-12.1528,-44.99
Barreiras,2026-01-03 15:00:00,27.65,77,100.0,-12.1528,-44.99
Barreiras,2026-01-03 18:00:00,25.76,87,100.0,-12.1528,-44.99
Barreiras,2026-01-03 21:00:00,23.3,93,100.0,-12.1528,-44.99
Barreiras,2026-01-04 00:00:00,22.2,98,100.0,-12.1528,-44.99
Barreiras,2026-01-04 03:00:00,21.19,99,42.0,-12.1528,-44.99
Barreiras,2026-01-04 06:00:00,20.68,98,34.0,-12.1528,-44.99
Barreiras,2026-01-04 09:00:00,20.36,98,6.0,-12.1528,-44.99
Balsas,2025-12-30 12:00:00,24.61,83,0.0,-7.5325,-46.0356
Balsas,2025-12-30 15:00:00,29.31,65,0.0,-7.5325,-46.0356
Balsas,2025-12-30 18:00:00,29.2,68,68.0,-7.5325,-46.0356
Balsas,2025-12-30 21:00:00,27.49,79,100.0,-7.5325,-46.0356
Balsas,2025-12-31 00:00:00,24.93,89,100.0,-7.5325,-46.0356
Balsas,2025-12-31 03:00:00,24.05,90,0.0,-7.5325,-46.0356
Balsas,2025-12-31 06:00:00,23.15,91,0.0,-7.5325,-46.0356
Balsas,2025-12-31 09:00:00,22.53,93,60.0,-7.5325,-46.0356
Balsas,2025-12-31 12:00:00,27.08,77,30.0,-7.5325,-46.0356
Balsas,2025-12-31 15:00:00,29.87,65,100.0,-7.5325,-46.0356
Balsas,2025-12-31 18:00:00,30.27,63,100.0,-7.5325,-46.0356
Balsas,2025-12-31 21:00:00,27.22,78,100.0,-7.5325,-46.0356
Balsas,2026-01-01 00:00:00,24.47,88,100.0,-7.5325,-46.0356
Balsas,2026-01-01 03:00:00,24.46,88,19.0,-7.5325,-46.0356
Balsas,2026-01-01 06:00:00,23.1,91,8.0,-7.5325,-46.0356
Balsas,2026-01-01 09:00:00,22.47,93,0.0,-7.5325,-46.0356
Balsas,2026-01-01 12:00:00,27.34,73,26.0,-7.5325,-46.0356
Balsas,2026-01-01 15:00:00,31.1,57,99.0,-7.5325,-46.0356
Balsas,2026-01-01 18:00:00,30.12,63,100.0,-7.5325,-46.0356
Balsas,2026-01-01 21:00:00,25.93,83,100.0,-7.5325,-46.0356
Balsas,2026-01-02 00:00:00,25.34,84,100.0,-7.5325,-46.0356
Balsas,2026-01-02 03:00:00,24.9,85,2.0,-7.5325,-46.0356
Balsas,2026-01-02 06:00:00,23.72,88,4.0,-7.5325,-46.0356
Balsas,2026-01-02 09:00:00,23.53,88,0.0,-7.5325,-46.0356
Balsas,2026-01-02 12:00:00,28.0,72,100.0,-7.5325,-46.0356
Balsas,2026-01-02 15:00:00,31.88,54,77.0,-7.5325,-46.0356
Balsas,2026-01-02 18:00:00,29.46,67,100.0,-7.5325,-46.0356
Balsas,2026-01-02 21:00:00,25.76,85,100.0,-7.5325,-46.0356
Balsas,2026-01-03 00:00:00,25.3,84,100.0,-7.5325,-46.0356
Balsas,2026-01-03 03:00:00,23.67,89,0.0,-7.5325,-46.0356
Balsas,2026-01-03 06:00:00,22.88,91,20.0,-7.5325,-46.0356
Balsas,2026-01-03 09:00:00,22.66,91,0.0,-7.5325,-46.0356
Balsas,2026-01-03 12:00:00,26.78,72,0.0,-7.5325,-46.0356
Balsas,2026-01-03 15:00:00,29.69,61,72.0,-7.5325,-46.0356
Balsas,2026-01-03 18:00:00,29.64,62,100.0,-7.5325,-46.0356
Balsas,2026-01-03 21:00:00,25.81,83,100.0,-7.5325,-46.0356
Balsas,2026-01-04 00:00:00,24.61,84,100.0,-7.5325,-46.0356
Balsas,2026-01-04 03:00:00,23.76,86,68.0,-7.5325,-46.0356
Balsas,2026-01-04 06:00:00,22.44,93,72.0,-7.5325,-46.0356
Balsas,2026-01-04 09:00:00,22.13,95,99.0,-7.5325,-46.0356
Gurupi,2025-12-30 12:00:00,24.57,79,19.0,-11.7292,-49.0686
Gurupi,2025-12-30 15:00:00,30.9,57,0.0,-11.7292,-49.0686
Gurupi,2025-12-30 18:00:00,35.92,38,0.0,-11.7292,-49.0686
Gurupi,2025-12-30 21:00:00,27.73,67,65.0,-11.7292,-49.0686
Gurupi,2025-12-31 00:00:00,23.25,93,100.0,-11.7292,-49.0686
Gurupi,2025-12-31 03:00:00,23.36,89,0.0,-11.7292,-49.0686
Gurupi,2025-12-31 06:00:00,22.65,87,70.0,-11.7292,-49.0686
Gurupi,2025-12-31 09:00:00,22.22,89,37.0,-11.7292,-49.0686
Gurupi,2025-12-31 12:00:00,28.38,71,0.0,-11.7292,-49.0686
Gurupi,2025-12-31 15:00:00,34.15,48,0.0,-11.7292,-49.0686
Gurupi,2025-12-31 18:00:00,34.1,44,0.0,-11.7292,-49.0686
Gurupi,2025-12-31 21:00:00,27.49,71,100.0,-11.7292,-49.0686
Gurupi,2026-01-01 00:00:00,22.61,92,100.0,-11.7292,-49.0686
Gurupi,2026-01-01 03:00:00,23.82,84,26.0,-11.7292,-49.0686
Gurupi,2026-01-01 06:00:00,23.14,83,8.0,-11.7292,-49.0686
Gurupi,2026-01-01 09:00:00,22.44,84,0.0,-11.7292,-49.0686
Gurupi,2026-01-01 12:00:00,27.66,69,27.0,-11.7292,-49.0686
Gurupi,2026-01-01 15:00:00,31.47,54,0.0,-11.7292,-49.0686
Gurupi,2026-01-01 18:00:00,32.95,46,0.0,-11.7292,-49.0686
Gurupi,2026-01-01 21:00:00,30.25,59,0.0,-11.7292,-49.0686
Gurupi,2026-01-02 00:00:00,25.65,79,38.0,-11.7292,-49.0686
Gurupi,2026-01-02 03:00:00,23.28,91,5.0,-11.7292,-49.0686
Gurupi,2026-01-02 06:00:00,22.96,88,31.0,-11.7292,-49.0686
Gurupi,2026-01-02 09:00:00,22.54,89,7.0,-11.7292,-49.0686
Gurupi,2026-01-02 12:00:00,28.01,65,34.0,-11.7292,-49.0686
Gurupi,2026-01-02 15:00:00,33.65,44,0.0,-11.7292,-49.0686
Gurupi,2026-01-02 18:00:00,31.31,53,20.0,-11.7292,-49.0686
Gurupi,2026-01-02 21:00:00,28.56,64,0.0,-11.7292,-49.0686
Gurupi,2026-01-03 00:00:00,24.04,90,89.0,-11.7292,-49.0686
Gurupi,2026-01-03 03:00:00,22.77,96,100.0,-11.7292,-49.0686
Gurupi,2026-01-03 06:00:00,22.82,96,100.0,-11.7292,-49.0686
Gurupi,2026-01-03 09:00:00,21.93,98,100.0,-11.7292,-49.0686
Gurupi,2026-01-03 12:00:00,23.14,93,100.0,-11.7292,-49.0686
Gurupi,2026-01-03 15:00:00,30.29,62,67.0,-11.7292,-49.0686
Gurupi,2026-01-03 18:00:00,29.61,65,100.0,-11.7292,-49.0686
Gurupi,2026-01-03 21:00:00,25.25,86,100.0,-11.7292,-49.0686
Gurupi,2026-01-04 00:00:00,23.03,95,100.0,-11.7292,-49.0686
Gurupi,2026-01-04 03:00:00,22.55,98,100.0,-11.7292,-49.0686
Gurupi,2026-01-04 06:00:00,22.13,98,100.0,-11.7292,-49.0686
Gurupi,2026-01-04 09:00:00,21.76,98,100.0,-11.7292,-49.0686
Uruçuí,2025-12-31 12:00:00,23.7,90,100.0,-7.2294,-44.5561
Uruçuí,2025-12-31 15:00:00,28.09,71,100.0,-7.2294,-44.5561
Uruçuí,2025-12-31 18:00:00,30.65,61,100.0,-7.2294,-44.5561
Uruçuí,2025-12-31 21:00:00,26.52,80,100.0,-7.2294,-44.5561
Uruçuí,2026-01-01 00:00:00,25.37,83,80.0,-7.2294,-44.5561
Uruçuí,2026-01-01 03:00:00,23.65,89,0.0,-7.2294,-44.5561
Uruçuí,2026-01-01 06:00:00,22.87,91,0.0,-7.2294,-44.5561
Uruçuí,2026-01-01 09:00:00,22.38,92,0.0,-7.2294,-44.5561
Uruçuí,2026-01-01 12:00:00,27.06,75,52.0,-7.2294,-44.5561
Uruçuí,2026-01-01 15:00:00,29.61,66,100.0,-7.2294,-44.5561
Uruçuí,2026-01-01 18:00:00,27.2,80,100.0,-7.2294,-44.5561
Uruçuí,2026-01-01 21:00:00,24.81,90,100.0,-7.2294,-44.5561
Uruçuí,2026-01-02 00:00:00,23.64,91,80.0,-7.2294,-44.5561
Uruçuí,2026-01-02 03:00:00,23.16,92,30.0,-7.2294,-44.5561
Uruçuí,2026-01-02 06:00:00,22.26,95,22.0,-7.2294,-44.5561
Uruçuí,2026-01-02 09:00:00,22.33,95,0.0,-7.2294,-44.5561
Uruçuí,2026-01-02 12:00:00,27.43,68,0.0,-7.2294,-44.5561
Uruçuí,2026-01-02 15:00:00,31.63,52,0.0,-7.2294,-44.5561
Uruçuí,2026-01-02 18:00:00,31.44,54,0.0,-7.2294,-44.5561
Uruçuí,2026-01-02 21:00:00,28.09,65,0.0,-7.2294,-44.5561
Uruçuí,2026-01-03 00:00:00,27.36,67,7.0,-7.2294,-44.5561
Uruçuí,2026-01-03 03:00:00,25.39,75,33.0,-7.2294,-44.5561
Uruçuí,2026-01-03 06:00:00,22.94,90,100.0,-7.2294,-44.5561
Uruçuí,2026-01-03 09:00:00,22.45,91,28.0,-7.2294,-44.5561
Uruçuí,2026-01-03 12:00:00,26.71,71,8.0,-7.2294,-44.5561
Uruçuí,2026-01-03 15:00:00,30.37,55,18.0,-7.2294,-44.5561
Uruçuí,2026-01-03 18:00:00,30.13,57,15.0,-7.2294,-44.5561
Uruçuí,2026-01-03 21:00:00,28.11,67,6.0,-7.2294,-44.5561
Uruçuí,2026-01-04 00:00:00,23.95,87,97.0,-7.2294,-44.5561
Uruçuí,2026-01-04 03:00:00,23.59,87,0.0,-7.2294,-44.5561
Uruçuí,2026-01-04 06:00:00,23.97,85,0.0,-7.2294,-44.5561
Uruçuí,2026-01-04 09:00:00,22.62,89,100.0,-7.2294,-44.5561
Uruçuí,2026-01-04 12:00:00,26.74,73,100.0,-7.2294,-44.5561
Uruçuí,2026-01-04 15:00:00,29.03,66,100.0,-7.2294,-44.5561
Uruçuí,2026-01-04 18:00:00,30.44,61,100.0,-7.2294,-44.5561
Uruçuí,2026-01-04 21:00:00,25.47,84,100.0,-7.2294,-44.5561
Uruçuí,2026-01-05 00:00:00,24.06,89,100.0,-7.2294,-44.5561
Uruçuí,2026-01-05 03:00:00,22.64,93,0.0,-7.2294,-44.5561
Uruçuí,2026-01-05 06:00:00,22.09,94,0.0,-7.2294,-44.5561
Uruçuí,2026-01-05 09:00:00,21.66,96,0.0,-7.2294,-44.5561
Barreiras,2025-12-31 12:00:00,24.07,85,42.0,-12.1528,-44.99
Barreiras,2025-12-31 15:00:00,29.77,59,0.0,-12.1528,-44.99
Barreiras,2025-12-31 18:00:00,33.7,42,0.0,-12.1528,-44.99
Barreiras,2025-12-31 21:00:00,26.27,77,60.0,-12.1528,-44.99
Barreiras,2026-01-01 00:00:00,23.27,94,100.0,-12.1528,-44.99
Barreiras,2026-01-01 03:00:00,22.3,96,0.0,-12.1528,-44.99
Barreiras,2026-01-01 06:00:00,21.77,97,0.0,-12.1528,-44.99
Barreiras,2026-01-01 09:00:00,21.68,96,0.0,-12.1528,-44.99
Barreiras,2026-01-01 12:00:00,28.12,69,43.0,-12.1528,-44.99
Barreiras,2026-01-01 15:00:00,31.93,51,100.0,-12.1528,-44.99
Barreiras,2026-01-01 18:00:00,31.65,51,80.0,-12.1528,-44.99
Barreiras,2026-01-01 21:00:00,28.27,68,0.0,-12.1528,-44.99
Barreiras,2026-01-02 00:00:00,25.48,73,0.0,-12.1528,-44.99
Barreiras,2026-01-02 03:00:00,22.24,94,100.0,-12.1528,-44.99
Barreiras,2026-01-02 06:00:00,21.75,95,100.0,-12.1528,-44.99
Barreiras,2026-01-02 09:00:00,21.58,95,10.0,-12.1528,-44.99
Barreiras,2026-01-02 12:00:00,27.82,70,26.0,-12.1528,-44.99
Barreiras,2026-01-02 15:00:00,33.4,45,45.0,-12.1528,-44.99
Barreiras,2026-01-02 18:00:00,27.01,72,64.0,-12.1528,-44.99
Barreiras,2026-01-02 21:00:00,22.14,98,100.0,-12.1528,-44.99
Barreiras,2026-01-03 00:00:00,21.78,97,100.0,-12.1528,-44.99
Barreiras,2026-01-03 03:00:00,21.28,96,0.0,-12.1528,-44.99
Barreiras,2026-01-03 06:00:00,20.44,97,100.0,-12.1528,-44.99
Barreiras,2026-01-03 09:00:00,20.92,96,79.0,-12.1528,-44.99
Barreiras,2026-01-03 12:00:00,27.38,69,26.0,-12.1528,-44.99
Barreiras,2026-01-03 15:00:00,32.2,46,0.0,-12.1528,-44.99
Barreiras,2026-01-03 18:00:00,29.13,64,26.0,-12.1528,-44.99
Barreiras,2026-01-03 21:00:00,24.25,89,100.0,-12.1528,-44.99
Barreiras,2026-01-04 00:00:00,22.05,96,100.0,-12.1528,-44.99
Barreiras,2026-01-04 03:00:00,21.38,99,100.0,-12.1528,-44.99
Barreiras,2026-01-04 06:00:00,21.78,98,100.0,-12.1528,-44.99
Barreiras,2026-01-04 09:00:00,21.63,97,74.0,-12.1528,-44.99
Barreiras,2026-01-04 12:00:00,24.97,81,72.0,-12.1528,-44.99
Barreiras,2026-01-04 15:00:00,28.84,62,64.0,-12.1528,-44.99
Barreiras,2026-01-04 18:00:00,29.19,58,79.0,-12.1528,-44.99
Barreiras,2026-01-04 21:00:00,23.89,90,100.0,-12.1528,-44.99
Barreiras,2026-01-05 00:00:00,22.38,92,100.0,-12.1528,-44.99
Barreiras,2026-01-05 03:00:00,21.6,95,0.0,-12.1528,-44.99
Barreiras,2026-01-05 06:00:00,20.66,96,0.0,-12.1528,-44.99
Barreiras,2026-01-05 09:00:00,21.06,95,0.0,-12.1528,-44.99
Balsas,2025-12-31 12:00:00,24.13,89,100.0,-7.5325,-46.0356
Balsas,2025-12-31 15:00:00,26.68,78,100.0,-7.5325,-46.0356
Balsas,2025-12-31 18:00:00,31.73,56,100.0,-7.5325,-46.0356
Balsas,2025-12-31 21:00:00,26.93,80,100.0,-7.5325,-46.0356
Balsas,2026-01-01 00:00:00,24.41,88,100.0,-7.5325,-46.0356
Balsas,2026-01-01 03:00:00,23.62,91,48.0,-7.5325,-46.0356
Balsas,2026-01-01 06:00:00,22.76,93,12.0,-7.5325,-46.0356
Balsas,2026-01-01 09:00:00,22.17,94,0.0,-7.5325,-46.0356
Balsas,2026-01-01 12:00:00,27.17,73,22.0,-7.5325,-46.0356
Balsas,2026-01-01 15:00:00,30.23,61,100.0,-7.5325,-46.0356
Balsas,2026-01-01 18:00:00,29.64,66,100.0,-7.5325,-46.0356
Balsas,2026-01-01 21:00:00,26.1,83,100.0,-7.5325,-46.0356
Balsas,2026-01-02 00:00:00,24.01,91,100.0,-7.5325,-46.0356
Balsas,2026-01-02 03:00:00,24.08,89,100.0,-7.5325,-46.0356
Balsas,2026-01-02 06:00:00,23.57,91,80.0,-7.5325,-46.0356
Balsas,2026-01-02 09:00:00,23.57,91,0.0,-7.5325,-46.0356
Balsas,2026-01-02 12:00:00,26.76,78,100.0,-7.5325,-46.0356
Balsas,2026-01-02 15:00:00,30.57,60,100.0,-7.5325,-46.0356
Balsas,2026-01-02 18:00:00,29.63,66,100.0,-7.5325,-46.0356
Balsas,2026-01-02 21:00:00,26.03,83,100.0,-7.5325,-46.0356
Balsas,2026-01-03 00:00:00,23.91,89,100.0,-7.5325,-46.0356
Balsas,2026-01-03 03:00:00,23.32,90,3.0,-7.5325,-46.0356
Balsas,2026-01-03 06:00:00,22.79,90,20.0,-7.5325,-46.0356
Balsas,2026-01-03 09:00:00,22.31,93,28.0,-7.5325,-46.0356
Balsas,2026-01-03 12:00:00,25.92,77,0.0,-7.5325,-46.0356
Balsas,2026-01-03 15:00:00,30.54,57,0.0,-7.5325,-46.0356
Balsas,2026-01-03 18:00:00,30.94,55,77.0,-7.5325,-46.0356
Balsas,2026-01-03 21:00:00,25.74,82,100.0,-7.5325,-46.0356
Balsas,2026-01-04 00:00:00,24.68,86,100.0,-7.5325,-46.0356
Balsas,2026-01-04 03:00:00,23.89,88,99.0,-7.5325,-46.0356
Balsas,2026-01-04 06:00:00,23.46,90,90.0,-7.5325,-46.0356
Balsas,2026-01-04 09:00:00,22.49,94,100.0,-7.5325,-46.0356
Balsas,2026-01-04 12:00:00,24.97,84,100.0,-7.5325,-46.0356
Balsas,2026-01-04 15:00:00,27.36,73,100.0,-7.5325,-46.0356
Balsas,2026-01-04 18:00:00,27.83,69,100.0,-7.5325,-46.0356
Balsas,2026-01-04 21:00:00,24.6,85,58.0,-7.5325,-46.0356
Balsas,2026-01-05 00:00:00,23.04,88,52.0,-7.5325,-46.0356
Balsas,2026-01-05 03:00:00,22.66,90,40.0,-7.5325,-46.0356
Balsas,2026-01-05 06:00:00,22.62,87,18.0,-7.5325,-46.0356
Balsas,2026-01-05 09:00:00,22.09,89,0.0,-7.5325,-46.0356
Gurupi,2025-12-31 12:00:00,24.6,83,0.0,-11.7292,-49.0686
Gurupi,2025-12-31 15:00:00,30.43,61,0.0,-11.7292,-49.0686
Gurupi,2025-12-31 18:00:00,35.27,39,0.0,-11.7292,-49.0686
Gurupi,2025-12-31 21:00:00,28.67,65,65.0,-11.7292,-49.0686
Gurupi,2026-01-01 00:00:00,24.65,84,100.0,-11.7292,-49.0686
Gurupi,2026-01-01 03:00:00,23.3,91,100.0,-11.7292,-49.0686
Gurupi,2026-01-01 06:00:00,23.36,88,73.0,-11.7292,-49.0686
Gurupi,2026-01-01 09:00:00,22.79,90,61.0,-11.7292,-49.0686
Gurupi,2026-01-01 12:00:00,26.64,79,100.0,-11.7292,-49.0686
Gurupi,2026-01-01 15:00:00,33.75,49,0.0,-11.7292,-49.0686
Gurupi,2026-01-01 18:00:00,31.36,56,20.0,-11.7292,-49.0686
Gurupi,2026-01-01 21:00:00,23.99,90,100.0,-11.7292,-49.0686
Gurupi,2026-01-02 00:00:00,22.77,88,100.0,-11.7292,-49.0686
Gurupi,2026-01-02 03:00:00,22.42,89,77.0,-11.7292,-49.0686
Gurupi,2026-01-02 06:00:00,23.12,87,42.0,-11.7292,-49.0686
Gurupi,2026-01-02 09:00:00,22.71,90,0.0,-11.7292,-49.0686
Gurupi,2026-01-02 12:00:00,27.98,70,0.0,-11.7292,-49.0686
Gurupi,2026-01-02 15:00:00,32.25,51,0.0,-11.7292,-49.0686
Gurupi,2026-01-02 18:00:00,30.3,61,20.0,-11.7292,-49.0686
Gurupi,2026-01-02 21:00:00,28.8,69,27.0,-11.7292,-49.0686
Gurupi,2026-01-03 00:00:00,21.81,84,78.0,-11.7292,-49.0686
Gurupi,2026-01-03 03:00:00,22.61,85,100.0,-11.7292,-49.0686
Gurupi,2026-01-03 06:00:00,21.48,90,100.0,-11.7292,-49.0686
Gurupi,2026-01-03 09:00:00,21.83,93,24.0,-11.7292,-49.0686
Gurupi,2026-01-03 12:00:00,22.31,94,43.0,-11.7292,-49.0686
Gurupi,2026-01-03 15:00:00,24.03,88,100.0,-11.7292,-49.0686
Gurupi,2026-01-03 18:00:00,24.67,83,34.0,-11.7292,-49.0686
Gurupi,2026-01-03 21:00:00,25.71,78,13.0,-11.7292,-49.0686
Gurupi,2026-01-04 00:00:00,22.2,96,100.0,-11.7292,-49.0686
Gurupi,2026-01-04 03:00:00,21.71,99,66.0,-11.7292,-49.0686
Gurupi,2026-01-04 06:00:00,21.46,98,100.0,-11.7292,-49.0686
Gurupi,2026-01-04 09:00:00,21.26,98,59.0,-11.7292,-49.0686
Gurupi,2026-01-04 12:00:00,23.8,86,46.0,-11.7292,-49.0686
Gurupi,2026-01-04 15:00:00,26.25,71,28.0,-11.7292,-49.0686
Gurupi,2026-01-04 18:00:00,27.17,68,27.0,-11.7292,-49.0686
Gurupi,2026-01-04 21:00:00,24.37,84,84.0,-11.7292,-49.0686
Gurupi,2026-01-05 00:00:00,22.6,95,100.0,-11.7292,-49.0686
Gurupi,2026-01-05 03:00:00,22.31,96,14.0,-11.7292,-49.0686
Gurupi,2026-01-05 06:00:00,22.02,96,7.0,-11.7292,-49.0686
Gurupi,2026-01-05 09:00:00,21.85,97,67.0,-11.7292,-49.0686
Uruçuí,2026-01-01 12:00:00,23.7,86,58.0,-7.2294,-44.5561
Uruçuí,2026-01-01 15:00:00,27.69,70,100.0,-7.2294,-44.5561
Uruçuí,2026-01-01 18:00:00,30.45,60,100.0,-7.2294,-44.5561
Uruçuí,2026-01-01 21:00:00,25.76,82,100.0,-7.2294,-44.5561
Uruçuí,2026-01-02 00:00:00,24.72,86,100.0,-7.2294,-44.5561
Uruçuí,2026-01-02 03:00:00,23.33,92,0.0,-7.2294,-44.5561
Uruçuí,2026-01-02 06:00:00,22.65,95,0.0,-7.2294,-44.5561
Uruçuí,2026-01-02 09:00:00,22.15,97,0.0,-7.2294,-44.5561
Uruçuí,2026-01-02 12:00:00,27.42,72,0.0,-7.2294,-44.5561
Uruçuí,2026-01-02 15:00:00,30.82,57,100.0,-7.2294,-44.5561
Uruçuí,2026-01-02 18:00:00,31.78,52,100.0,-7.2294,-44.5561
Uruçuí,2026-01-02 21:00:00,26.0,79,96.0,-7.2294,-44.5561
Uruçuí,2026-01-03 00:00:00,24.52,87,100.0,-7.2294,-44.5561
Uruçuí,2026-01-03 03:00:00,23.61,92,49.0,-7.2294,-44.5561
Uruçuí,2026-01-03 06:00:00,23.54,91,40.0,-7.2294,-44.5561
Uruçuí,2026-01-03 09:00:00,23.13,89,20.0,-7.2294,-44.5561
Uruçuí,2026-01-03 12:00:00,27.73,66,0.0,-7.2294,-44.5561
Uruçuí,2026-01-03 15:00:00,30.66,53,37.0,-7.2294,-44.5561
Uruçuí,2026-01-03 18:00:00,31.42,50,45.0,-7.2294,-44.5561
Uruçuí,2026-01-03 21:00:00,27.43,71,45.0,-7.2294,-44.5561
Uruçuí,2026-01-04 00:00:00,24.34,88,100.0,-7.2294,-44.5561
Uruçuí,2026-01-04 03:00:00,24.45,87,53.0,-7.2294,-44.5561
Uruçuí,2026-01-04 06:00:00,23.81,90,51.0,-7.2294,-44.5561
Uruçuí,2026-01-04 09:00:00,22.75,93,100.0,-7.2294,-44.5561
Uruçuí,2026-01-04 12:00:00,26.08,75,100.0,-7.2294,-44.5561
Uruçuí,2026-01-04 15:00:00,29.6,61,100.0,-7.2294,-44.5561
Uruçuí,2026-01-04 18:00:00,28.53,68,100.0,-7.2294,-44.5561
Uruçuí,2026-01-04 21:00:00,26.5,79,86.0,-7.2294,-44.5561
Uruçuí,2026-01-05 00:00:00,24.4,86,100.0,-7.2294,-44.5561
Uruçuí,2026-01-05 03:00:00,23.11,91,0.0,-7.2294,-44.5561
Uruçuí,2026-01-05 06:00:00,22.47,92,0.0,-7.2294,-44.5561
Uruçuí,2026-01-05 09:00:00,22.02,93,0.0,-7.2294,-44.5561
Uruçuí,2026-01-05 12:00:00,27.37,68,26.0,-7.2294,-44.5561
Uruçuí,2026-01-05 15:00:00,31.17,55,97.0,-7.2294,-44.5561
Uruçuí,2026-01-05 18:00:00,32.55,45,1.0,-7.2294,-44.5561
Uruçuí,2026-01-05 21:00:00,27.92,65,28.0,-7.2294,-44.5561
Uruçuí,2026-01-06 00:00:00,26.53,71,0.0,-7.2294,-44.5561
Uruçuí,2026-01-06 03:00:00,24.73,79,0.0,-7.2294,-44.5561
Uruçuí,2026-01-06 06:00:00,23.66,84,0.0,-7.2294,-44.5561
Uruçuí,2026-01-06 09:00:00,22.28,92,77.0,-7.2294,-44.5561
Barreiras,2026-01-01 12:00:00,22.81,83,0.0,-12.1528,-44.99
Barreiras,2026-01-01 15:00:00,28.89,61,0.0,-12.1528,-44.99
Barreiras,2026-01-01 18:00:00,32.52,46,0.0,-12.1528,-44.99
Barreiras,2026-01-01 21:00:00,25.95,76,79.0,-12.1528,-44.99
Barreiras,2026-01-02 00:00:00,22.43,94,100.0,-12.1528,-44.99
Barreiras,2026-01-02 03:00:00,21.41,95,97.0,-12.1528,-44.99
Barreiras,2026-01-02 06:00:00,21.19,96,88.0,-12.1528,-44.99
Barreiras,2026-01-02 09:00:00,21.25,95,0.0,-12.1528,-44.99
Barreiras,2026-01-02 12:00:00,28.78,65,0.0,-12.1528,-44.99
Barreiras,2026-01-02 15:00:00,34.83,43,11.0,-12.1528,-44.99
Barreiras,2026-01-02 18:00:00,30.48,59,23.0,-12.1528,-44.99
Barreiras,2026-01-02 21:00:00,26.92,71,81.0,-12.1528,-44.99
Barreiras,2026-01-03 00:00:00,22.14,96,100.0,-12.1528,-44.99
Barreiras,2026-01-03 03:00:00,21.13,98,100.0,-12.1528,-44.99
Barreiras,2026-01-03 06:00:00,21.02,98,100.0,-12.1528,-44.99
Barreiras,2026-01-03 09:00:00,21.09,97,89.0,-12.1528,-44.99
Barreiras,2026-01-03 12:00:00,27.37,72,76.0,-12.1528,-44.99
Barreiras,2026-01-03 15:00:00,32.9,47,33.0,-12.1528,-44.99
Barreiras,2026-01-03 18:00:00,25.41,84,89.0,-12.1528,-44.99
Barreiras,2026-01-03 21:00:00,22.83,92,88.0,-12.1528,-44.99
Barreiras,2026-01-04 00:00:00,21.23,98,100.0,-12.1528,-44.99
Barreiras,2026-01-04 03:00:00,21.33,99,100.0,-12.1528,-44.99
Barreiras,2026-01-04 06:00:00,21.53,98,80.0,-12.1528,-44.99
Barreiras,2026-01-04 09:00:00,21.28,98,0.0,-12.1528,-44.99
Barreiras,2026-01-04 12:00:00,24.8,83,28.0,-12.1528,-44.99
Barreiras,2026-01-04 15:00:00,28.65,62,85.0,-12.1528,-44.99
Barreiras,2026-01-04 18:00:00,28.52,61,88.0,-12.1528,-44.99
Barreiras,2026-01-04 21:00:00,23.72,89,100.0,-12.1528,-44.99
Barreiras,2026-01-05 00:00:00,21.72,95,100.0,-12.1528,-44.99
Barreiras,2026-01-05 03:00:00,21.29,96,22.0,-12.1528,-44.99
Barreiras,2026-01-05 06:00:00,21.08,96,62.0,-12.1528,-44.99
Barreiras,2026-01-05 09:00:00,20.82,96,0.0,-12.1528,-44.99
Barreiras,2026-01-05 12:00:00,23.21,83,0.0,-12.1528,-44.99
Barreiras,2026-01-05 15:00:00,30.11,51,0.0,-12.1528,-44.99
Barreiras,2026-01-05 18:00:00,30.0,52,0.0,-12.1528,-44.99
Barreiras,2026-01-05 21:00:00,24.25,83,99.0,-12.1528,-44.99
Barreiras,2026-01-06 00:00:00,21.91,95,100.0,-12.1528,-44.99
Barreiras,2026-01-06 03:00:00,21.09,95,65.0,-12.1528,-44.99
Barreiras,2026-01-06 06:00:00,20.29,96,34.0,-12.1528,-44.99
Barreiras,2026-01-06 09:00:00,20.12,95,0.0,-12.1528,-44.99
Balsas,2026-01-01 12:00:00,23.99,86,1.0,-7.5325,-46.0356
Balsas,2026-01-01 15:00:00,27.95,71,100.0,-7.5325,-46.0356
Balsas,2026-01-01 18:00:00,29.91,64,100.0,-7.5325,-46.0356
Balsas,2026-01-01 21:00:00,25.91,84,100.0,-7.5325,-46.0356
Balsas,2026-01-02 00:00:00,22.67,97,100.0,-7.5325,-46.0356
Balsas,2026-01-02 03:00:00,22.32,97,91.0,-7.5325,-46.0356
Balsas,2026-01-02 06:00:00,22.48,96,95.0,-7.5325,-46.0356
Balsas,2026-01-02 09:00:00,22.76,93,0.0,-7.5325,-46.0356
Balsas,2026-01-02 12:00:00,26.61,78,0.0,-7.5325,-46.0356
Balsas,2026-01-02 15:00:00,31.18,58,63.0,-7.5325,-46.0356
Balsas,2026-01-02 18:00:00,28.85,70,100.0,-7.5325,-46.0356
Balsas,2026-01-02 21:00:00,26.22,85,100.0,-7.5325,-46.0356
Balsas,2026-01-03 00:00:00,24.06,88,100.0,-7.5325,-46.0356
Balsas,2026-01-03 03:00:00,23.5,89,20.0,-7.5325,-46.0356
Balsas,2026-01-03 06:00:00,23.28,89,12.0,-7.5325,-46.0356
Balsas,2026-01-03 09:00:00,23.4,88,0.0,-7.5325,-46.0356
Balsas,2026-01-03 12:00:00,25.33,80,34.0,-7.5325,-46.0356
Balsas,2026-01-03 15:00:00,28.08,69,83.0,-7.5325,-46.0356
Balsas,2026-01-03 18:00:00,29.47,63,96.0,-7.5325,-46.0356
Balsas,2026-01-03 21:00:00,25.28,83,100.0,-7.5325,-46.0356
Balsas,2026-01-04 00:00:00,23.07,89,100.0,-7.5325,-46.0356
Balsas,2026-01-04 03:00:00,23.35,89,9.0,-7.5325,-46.0356
Balsas,2026-01-04 06:00:00,22.89,91,14.0,-7.5325,-46.0356
Balsas,2026-01-04 09:00:00,21.56,97,100.0,-7.5325,-46.0356
Balsas,2026-01-04 12:00:00,22.67,94,100.0,-7.5325,-46.0356
Balsas,2026-01-04 15:00:00,25.64,78,8.0,-7.5325,-46.0356
Balsas,2026-01-04 18:00:00,27.8,71,93.0,-7.5325,-46.0356
Balsas,2026-01-04 21:00:00,24.65,87,100.0,-7.5325,-46.0356
Balsas,2026-01-05 00:00:00,22.71,96,100.0,-7.5325,-46.0356
Balsas,2026-01-05 03:00:00,22.49,95,20.0,-7.5325,-46.0356
Balsas,2026-01-05 06:00:00,22.32,94,0.0,-7.5325,-46.0356
Balsas,2026-01-05 09:00:00,21.85,94,0.0,-7.5325,-46.0356
Balsas,2026-01-05 12:00:00,26.26,76,0.0,-7.5325,-46.0356
Balsas,2026-01-05 15:00:00,29.75,60,80.0,-7.5325,-46.0356
Balsas,2026-01-05 18:00:00,27.97,72,100.0,-7.5325,-46.0356
Balsas,2026-01-05 21:00:00,25.6,84,96.0,-7.5325,-46.0356
Balsas,2026-01-06 00:00:00,23.62,87,59.0,-7.5325,-46.0356
Balsas,2026-01-06 03:00:00,22.81,90,0.0,-7.5325,-46.0356
Balsas,2026-01-06 06:00:00,22.22,92,0.0,-7.5325,-46.0356
Balsas,2026-01-06 09:00:00,22.1,91,0.0,-7.5325,-46.0356
Gurupi,2026-01-01 12:00:00,24.41,81,79.0,-11.7292,-49.0686
Gurupi,2026-01-01 15:00:00,30.14,61,9.0,-11.7292,-49.0686
Gurupi,2026-01-01 18:00:00,28.77,68,42.0,-11.7292,-49.0686
Gurupi,2026-01-01 21:00:00,24.1,91,100.0,-11.7292,-49.0686
Gurupi,2026-01-02 00:00:00,22.45,92,100.0,-11.7292,-49.0686
Gurupi,2026-01-02 03:00:00,23.34,86,0.0,-11.7292,-49.0686
Gurupi,2026-01-02 06:00:00,23.02,87,4.0,-11.7292,-49.0686
Gurupi,2026-01-02 09:00:00,22.31,92,73.0,-11.7292,-49.0686
Gurupi,2026-01-02 12:00:00,28.11,71,46.0,-11.7292,-49.0686
Gurupi,2026-01-02 15:00:00,30.77,62,99.0,-11.7292,-49.0686
Gurupi,2026-01-02 18:00:00,33.22,48,100.0,-11.7292,-49.0686
Gurupi,2026-01-02 21:00:00,27.28,76,84.0,-11.7292,-49.0686
Gurupi,2026-01-03 00:00:00,23.02,93,100.0,-11.7292,-49.0686
Gurupi,2026-01-03 03:00:00,22.64,87,96.0,-11.7292,-49.0686
Gurupi,2026-01-03 06:00:00,22.57,94,72.0,-11.7292,-49.0686
Gurupi,2026-01-03 09:00:00,21.92,97,100.0,-11.7292,-49.0686
Gurupi,2026-01-03 12:00:00,23.7,93,100.0,-11.7292,-49.0686
Gurupi,2026-01-03 15:00:00,23.6,94,100.0,-11.7292,-49.0686
Gurupi,2026-01-03 18:00:00,25.0,88,100.0,-11.7292,-49.0686
Gurupi,2026-01-03 21:00:00,23.95,92,18.0,-11.7292,-49.0686
Gurupi,2026-01-04 00:00:00,22.58,95,3.0,-11.7292,-49.0686
Gurupi,2026-01-04 03:00:00,22.25,95,0.0,-11.7292,-49.0686
Gurupi,2026-01-04 06:00:00,21.63,98,0.0,-11.7292,-49.0686
Gurupi,2026-01-04 09:00:00,22.0,97,0.0,-11.7292,-49.0686
Gurupi,2026-01-04 12:00:00,23.6,89,39.0,-11.7292,-49.0686
Gurupi,2026-01-04 15:00:00,25.42,85,100.0,-11.7292,-49.0686
Gurupi,2026-01-04 18:00:00,25.33,86,100.0,-11.7292,-49.0686
Gurupi,2026-01-04 21:00:00,23.35,93,100.0,-11.7292,-49.0686
Gurupi,2026-01-05 00:00:00,22.18,94,100.0,-11.7292,-49.0686
Gurupi,2026-01-05 03:00:00,21.55,95,41.0,-11.7292,-49.0686
Gurupi,2026-01-05 06:00:00,21.32,97,68.0,-11.7292,-49.0686
Gurupi,2026-01-05 09:00:00,21.33,98,100.0,-11.7292,-49.0686
Gurupi,2026-01-05 12:00:00,22.35,94,100.0,-11.7292,-49.0686
Gurupi,2026-01-05 15:00:00,22.21,94,85.0,-11.7292,-49.0686
Gurupi,2026-01-05 18:00:00,23.92,81,70.0,-11.7292,-49.0686
Gurupi,2026-01-05 21:00:00,22.18,91,0.0,-11.7292,-49.0686
Gurupi,2026-01-06 00:00:00,21.62,95,20.0,-11.7292,-49.0686
Gurupi,2026-01-06 03:00:00,21.45,95,0.0,-11.7292,-49.0686
Gurupi,2026-01-06 06:00:00,21.05,96,55.0,-11.7292,-49.0686
Gurupi,2026-01-06 09:00:00,20.93,95,21.0,-11.7292,-49.0686
Uruçuí,2026-01-02 12:00:00,24.11,87,21.0,-7.2294,-44.5561
Uruçuí,2026-01-02 15:00:00,28.3,69,100.0,-7.2294,-44.5561
Uruçuí,2026-01-02 18:00:00,30.56,59,100.0,-7.2294,-44.5561
Uruçuí,2026-01-02 21:00:00,27.7,72,30.0,-7.2294,-44.5561
Uruçuí,2026-01-03 00:00:00,25.16,81,89.0,-7.2294,-44.5561
Uruçuí,2026-01-03 03:00:00,24.75,83,0.0,-7.2294,-44.5561
Uruçuí,2026-01-03 06:00:00,23.08,91,100.0,-7.2294,-44.5561
Uruçuí,2026-01-03 09:00:00,22.29,93,34.0,-7.2294,-44.5561
Uruçuí,2026-01-03 12:00:00,25.37,78,0.0,-7.2294,-44.5561
Uruçuí,2026-01-03 15:00:00,29.8,61,79.0,-7.2294,-44.5561
Uruçuí,2026-01-03 18:00:00,28.52,68,100.0,-7.2294,-44.5561
Uruçuí,2026-01-03 21:00:00,24.86,84,100.0,-7.2294,-44.5561
Uruçuí,2026-01-04 00:00:00,23.05,94,100.0,-7.2294,-44.5561
Uruçuí,2026-01-04 03:00:00,22.48,96,100.0,-7.2294,-44.5561
Uruçuí,2026-01-04 06:00:00,22.11,97,80.0,-7.2294,-44.5561
Uruçuí,2026-01-04 09:00:00,22.34,93,100.0,-7.2294,-44.5561
Uruçuí,2026-01-04 12:00:00,22.32,96,100.0,-7.2294,-44.5561
Uruçuí,2026-01-04 15:00:00,24.35,84,100.0,-7.2294,-44.5561
Uruçuí,2026-01-04 18:00:00,24.78,80,80.0,-7.2294,-44.5561
Uruçuí,2026-01-04 21:00:00,23.67,86,0.0,-7.2294,-44.5561
Uruçuí,2026-01-05 00:00:00,23.01,87,37.0,-7.2294,-44.5561
Uruçuí,2026-01-05 03:00:00,21.99,85,0.0,-7.2294,-44.5561
Uruçuí,2026-01-05 06:00:00,21.58,85,0.0,-7.2294,-44.5561
Uruçuí,2026-01-05 09:00:00,21.45,86,0.0,-7.2294,-44.5561
Uruçuí,2026-01-05 12:00:00,25.91,73,0.0,-7.2294,-44.5561
Uruçuí,2026-01-05 15:00:00,30.84,54,20.0,-7.2294,-44.5561
Uruçuí,2026-01-05 18:00:00,30.89,55,28.0,-7.2294,-44.5561
Uruçuí,2026-01-05 21:00:00,27.47,71,0.0,-7.2294,-44.5561
Uruçuí,2026-01-06 00:00:00,25.13,73,0.0,-7.2294,-44.5561
Uruçuí,2026-01-06 03:00:00,25.08,77,0.0,-7.2294,-44.5561
Uruçuí,2026-01-06 06:00:00,23.97,82,0.0,-7.2294,-44.5561
Uruçuí,2026-01-06 09:00:00,23.14,89,67.0,-7.2294,-44.5561
Uruçuí,2026-01-06 12:00:00,27.18,73,43.0,-7.2294,-44.5561
Uruçuí,2026-01-06 15:00:00,31.05,55,100.0,-7.2294,-44.5561
Uruçuí,2026-01-06 18:00:00,31.58,50,80.0,-7.2294,-44.5561
Uruçuí,2026-01-06 21:00:00,28.54,67,0.0,-7.2294,-44.5561
Uruçuí,2026-01-07 00:00:00,26.17,73,20.0,-7.2294,-44.5561
Uruçuí,2026-01-07 03:00:00,24.48,83,0.0,-7.2294,-44.5561
Uruçuí,2026-01-07 06:00:00,23.83,85,0.0,-7.2294,-44.5561
Uruçuí,2026-01-07 09:00:00,23.55,86,67.0,-7.2294,-44.5561
Barreiras,2026-01-02 12:00:00,23.5,86,0.0,-12.1528,-44.99
Barreiras,2026-01-02 15:00:00,30.36,58,0.0,-12.1528,-44.99
Barreiras,2026-01-02 18:00:00,30.89,52,20.0,-12.1528,-44.99
Barreiras,2026-01-02 21:00:00,26.22,73,28.0,-12.1528,-44.99
Barreiras,2026-01-03 00:00:00,22.81,91,95.0,-12.1528,-44.99
Barreiras,2026-01-03 03:00:00,21.41,97,100.0,-12.1528,-44.99
Barreiras,2026-01-03 06:00:00,21.1,99,100.0,-12.1528,-44.99
Barreiras,2026-01-03 09:00:00,21.58,98,100.0,-12.1528,-44.99
Barreiras,2026-01-03 12:00:00,22.55,96,100.0,-12.1528,-44.99
Barreiras,2026-01-03 15:00:00,29.49,59,29.0,-12.1528,-44.99
Barreiras,2026-01-03 18:00:00,30.3,54,39.0,-12.1528,-44.99
Barreiras,2026-01-03 21:00:00,23.79,89,100.0,-12.1528,-44.99
Barreiras,2026-01-04 00:00:00,22.31,96,100.0,-12.1528,-44.99
Barreiras,2026-01-04 03:00:00,21.98,98,0.0,-12.1528,-44.99
Barreiras,2026-01-04 06:00:00,21.71,98,0.0,-12.1528,-44.99
Barreiras,2026-01-04 09:00:00,21.36,97,72.0,-12.1528,-44.99
Barreiras,2026-01-04 12:00:00,23.57,91,100.0,-12.1528,-44.99
Barreiras,2026-01-04 15:00:00,21.73,95,100.0,-12.1528,-44.99
Barreiras,2026-01-04 18:00:00,23.49,88,80.0,-12.1528,-44.99
Barreiras,2026-01-04 21:00:00,22.32,93,68.0,-12.1528,-44.99
Barreiras,2026-01-05 00:00:00,21.58,93,41.0,-12.1528,-44.99
Barreiras,2026-01-05 03:00:00,20.25,97,0.0,-12.1528,-44.99
Barreiras,2026-01-05 06:00:00,19.46,98,0.0,-12.1528,-44.99
Barreiras,2026-01-05 09:00:00,19.95,95,0.0,-12.1528,-44.99
Barreiras,2026-01-05 12:00:00,26.69,66,0.0,-12.1528,-44.99
Barreiras,2026-01-05 15:00:00,31.8,43,7.0,-12.1528,-44.99
Barreiras,2026-01-05 18:00:00,29.26,54,0.0,-12.1528,-44.99
Barreiras,2026-01-05 21:00:00,26.27,69,0.0,-12.1528,-44.99
Barreiras,2026-01-06 00:00:00,24.29,72,29.0,-12.1528,-44.99
Barreiras,2026-01-06 03:00:00,22.4,85,0.0,-12.1528,-44.99
Barreiras,2026-01-06 06:00:00,20.49,95,65.0,-12.1528,-44.99
Barreiras,2026-01-06 09:00:00,20.28,97,100.0,-12.1528,-44.99
Barreiras,2026-01-06 12:00:00,24.35,77,82.0,-12.1528,-44.99
Barreiras,2026-01-06 15:00:00,32.9,45,12.0,-12.1528,-44.99
Barreiras,2026-01-06 18:00:00,27.11,69,39.0,-12.1528,-44.99
Barreiras,2026-01-06 21:00:00,23.23,87,100.0,-12.1528,-44.99
Barreiras,2026-01-07 00:00:00,21.84,96,100.0,-12.1528,-44.99
Barreiras,2026-01-07 03:00:00,20.63,97,100.0,-12.1528,-44.99
Barreiras,2026-01-07 06:00:00,19.77,98,100.0,-12.1528,-44.99
Barreiras,2026-01-07 09:00:00,20.27,98,52.0,-12.1528,-44.99
Balsas,2026-01-02 12:00:00,24.31,87,23.0,-7.5325,-46.0356
Balsas,2026-01-02 15:00:00,27.74,72,100.0,-7.5325,-46.0356
Balsas,2026-01-02 18:00:00,30.08,63,100.0,-7.5325,-46.0356
Balsas,2026-01-02 21:00:00,27.72,76,22.0,-7.5325,-46.0356
Balsas,2026-01-03 00:00:00,24.19,89,97.0,-7.5325,-46.0356
Balsas,2026-01-03 03:00:00,23.61,90,0.0,-7.5325,-46.0356
Balsas,2026-01-03 06:00:00,23.01,91,0.0,-7.5325,-46.0356
Balsas,2026-01-03 09:00:00,21.77,95,99.0,-7.5325,-46.0356
Balsas,2026-01-03 12:00:00,26.27,78,100.0,-7.5325,-46.0356
Balsas,2026-01-03 15:00:00,26.96,71,47.0,-7.5325,-46.0356
Balsas,2026-01-03 18:00:00,28.94,66,66.0,-7.5325,-46.0356
Balsas,2026-01-03 21:00:00,25.08,86,100.0,-7.5325,-46.0356
Balsas,2026-01-04 00:00:00,22.66,97,100.0,-7.5325,-46.0356
Balsas,2026-01-04 03:00:00,22.37,95,100.0,-7.5325,-46.0356
Balsas,2026-01-04 06:00:00,21.7,97,100.0,-7.5325,-46.0356
Balsas,2026-01-04 09:00:00,21.52,96,100.0,-7.5325,-46.0356
Balsas,2026-01-04 12:00:00,22.51,93,80.0,-7.5325,-46.0356
Balsas,2026-01-04 15:00:00,23.76,88,1.0,-7.5325,-46.0356
Balsas,2026-01-04 18:00:00,23.76,90,25.0,-7.5325,-46.0356
Balsas,2026-01-04 21:00:00,22.63,93,20.0,-7.5325,-46.0356
Balsas,2026-01-05 00:00:00,22.21,92,0.0,-7.5325,-46.0356
Balsas,2026-01-05 03:00:00,22.3,90,0.0,-7.5325,-46.0356
Balsas,2026-01-05 06:00:00,22.08,87,0.0,-7.5325,-46.0356
Balsas,2026-01-05 09:00:00,22.04,86,0.0,-7.5325,-46.0356
Balsas,2026-01-05 12:00:00,25.59,75,0.0,-7.5325,-46.0356
Balsas,2026-01-05 15:00:00,28.8,65,90.0,-7.5325,-46.0356
Balsas,2026-01-05 18:00:00,29.09,65,100.0,-7.5325,-46.0356
Balsas,2026-01-05 21:00:00,25.48,85,100.0,-7.5325,-46.0356
Balsas,2026-01-06 00:00:00,23.66,89,80.0,-7.5325,-46.0356
Balsas,2026-01-06 03:00:00,23.67,89,0.0,-7.5325,-46.0356
Balsas,2026-01-06 06:00:00,23.2,88,0.0,-7.5325,-46.0356
Balsas,2026-01-06 09:00:00,22.54,89,0.0,-7.5325,-46.0356
Balsas,2026-01-06 12:00:00,25.44,79,29.0,-7.5325,-46.0356
Balsas,2026-01-06 15:00:00,27.45,71,69.0,-7.5325,-46.0356
Balsas,2026-01-06 18:00:00,28.23,66,100.0,-7.5325,-46.0356
Balsas,2026-01-06 21:00:00,24.56,85,100.0,-7.5325,-46.0356
Balsas,2026-01-07 00:00:00,22.55,88,100.0,-7.5325,-46.0356
Balsas,2026-01-07 03:00:00,23.04,87,0.0,-7.5325,-46.0356
Balsas,2026-01-07 06:00:00,23.33,86,0.0,-7.5325,-46.0356
Balsas,2026-01-07 09:00:00,22.36,91,15.0,-7.5325,-46.0356
Gurupi,2026-01-02 12:00:00,23.57,86,65.0,-11.7292,-49.0686
Gurupi,2026-01-02 15:00:00,28.02,70,0.0,-11.7292,-49.0686
Gurupi,2026-01-02 18:00:00,31.73,57,10.0,-11.7292,-49.0686
Gurupi,2026-01-02 21:00:00,29.82,68,14.0,-11.7292,-49.0686
Gurupi,2026-01-03 00:00:00,25.56,80,55.0,-11.7292,-49.0686
Gurupi,2026-01-03 03:00:00,23.47,94,85.0,-11.7292,-49.0686
Gurupi,2026-01-03 06:00:00,22.48,97,91.0,-11.7292,-49.0686
Gurupi,2026-01-03 09:00:00,21.72,96,100.0,-11.7292,-49.0686
Gurupi,2026-01-03 12:00:00,21.75,99,100.0,-11.7292,-49.0686
Gurupi,2026-01-03 15:00:00,22.75,96,100.0,-11.7292,-49.0686
Gurupi,2026-01-03 18:00:00,24.31,89,100.0,-11.7292,-49.0686
Gurupi,2026-01-03 21:00:00,23.92,88,0.0,-11.7292,-49.0686
Gurupi,2026-01-04 00:00:00,22.18,94,0.0,-11.7292,-49.0686
Gurupi,2026-01-04 03:00:00,22.2,92,0.0,-11.7292,-49.0686
Gurupi,2026-01-04 06:00:00,21.99,92,0.0,-11.7292,-49.0686
Gurupi,2026-01-04 09:00:00,21.86,95,98.0,-11.7292,-49.0686
Gurupi,2026-01-04 12:00:00,21.98,96,100.0,-11.7292,-49.0686
Gurupi,2026-01-04 15:00:00,22.94,93,51.0,-11.7292,-49.0686
Gurupi,2026-01-04 18:00:00,22.62,94,100.0,-11.7292,-49.0686
Gurupi,2026-01-04 21:00:00,21.98,96,100.0,-11.7292,-49.0686
Gurupi,2026-01-05 00:00:00,21.47,98,100.0,-11.7292,-49.0686
Gurupi,2026-01-05 03:00:00,21.21,96,0.0,-11.7292,-49.0686
Gurupi,2026-01-05 06:00:00,21.06,97,34.0,-11.7292,-49.0686
Gurupi,2026-01-05 09:00:00,21.01,98,71.0,-11.7292,-49.0686
Gurupi,2026-01-05 12:00:00,21.55,96,100.0,-11.7292,-49.0686
Gurupi,2026-01-05 15:00:00,21.71,96,53.0,-11.7292,-49.0686
Gurupi,2026-01-05 18:00:00,22.76,91,41.0,-11.7292,-49.0686
Gurupi,2026-01-05 21:00:00,22.31,94,0.0,-11.7292,-49.0686
Gurupi,2026-01-06 00:00:00,21.46,94,0.0,-11.7292,-49.0686
Gurupi,2026-01-06 03:00:00,21.1,91,20.0,-11.7292,-49.0686
Gurupi,2026-01-06 06:00:00,21.0,89,0.0,-11.7292,-49.0686
Gurupi,2026-01-06 09:00:00,20.93,89,0.0,-11.7292,-49.0686
Gurupi,2026-01-06 12:00:00,22.22,89,0.0,-11.7292,-49.0686
Gurupi,2026-01-06 15:00:00,27.64,67,0.0,-11.7292,-49.0686
Gurupi,2026-01-06 18:00:00,26.63,72,20.0,-11.7292,-49.0686
Gurupi,2026-01-06 21:00:00,24.49,83,38.0,-11.7292,-49.0686
Gurupi,2026-01-07 00:00:00,22.77,90,24.0,-11.7292,-49.0686
Gurupi,2026-01-07 03:00:00,22.35,92,34.0,-11.7292,-49.0686
Gurupi,2026-01-07 06:00:00,21.28,95,41.0,-11.7292,-49.0686
Gurupi,2026-01-07 09:00:00,20.79,97,100.0,-11.7292,-49.0686
Uruçuí,2026-01-03 12:00:00,23.7,89,100.0,-7.2294,-44.5561
Uruçuí,2026-01-03 15:00:00,26.66,77,100.0,-7.2294,-44.5561
Uruçuí,2026-01-03 18:00:00,28.64,69,100.0,-7.2294,-44.5561
Uruçuí,2026-01-03 21:00:00,24.9,84,100.0,-7.2294,-44.5561
Uruçuí,2026-01-04 00:00:00,23.19,92,100.0,-7.2294,-44.5561
Uruçuí,2026-01-04 03:00:00,22.15,94,100.0,-7.2294,-44.5561
Uruçuí,2026-01-04 06:00:00,21.38,91,100.0,-7.2294,-44.5561
Uruçuí,2026-01-04 09:00:00,21.3,94,68.0,-7.2294,-44.5561
Uruçuí,2026-01-04 12:00:00,22.37,94,100.0,-7.2294,-44.5561
Uruçuí,2026-01-04 15:00:00,24.05,87,100.0,-7.2294,-44.5561
Uruçuí,2026-01-04 18:00:00,23.82,84,80.0,-7.2294,-44.5561
Uruçuí,2026-01-04 21:00:00,22.69,89,0.0,-7.2294,-44.5561
Uruçuí,2026-01-05 00:00:00,22.36,90,0.0,-7.2294,-44.5561
Uruçuí,2026-01-05 03:00:00,21.93,92,0.0,-7.2294,-44.5561
Uruçuí,2026-01-05 06:00:00,21.75,91,0.0,-7.2294,-44.5561
Uruçuí,2026-01-05 09:00:00,21.33,91,0.0,-7.2294,-44.5561
Uruçuí,2026-01-05 12:00:00,26.21,67,0.0,-7.2294,-44.5561
Uruçuí,2026-01-05 15:00:00,30.8,53,0.0,-7.2294,-44.5561
Uruçuí,2026-01-05 18:00:00,31.77,48,0.0,-7.2294,-44.5561
Uruçuí,2026-01-05 21:00:00,26.64,71,39.0,-7.2294,-44.5561
Uruçuí,2026-01-06 00:00:00,25.67,73,0.0,-7.2294,-44.5561
Uruçuí,2026-01-06 03:00:00,25.0,77,0.0,-7.2294,-44.5561
Uruçuí,2026-01-06 06:00:00,24.01,82,0.0,-7.2294,-44.5561
Uruçuí,2026-01-06 09:00:00,22.85,89,97.0,-7.2294,-44.5561
Uruçuí,2026-01-06 12:00:00,27.75,70,100.0,-7.2294,-44.5561
Uruçuí,2026-01-06 15:00:00,31.07,53,100.0,-7.2294,-44.5561
Uruçuí,2026-01-06 18:00:00,30.12,56,80.0,-7.2294,-44.5561
Uruçuí,2026-01-06 21:00:00,28.27,64,0.0,-7.2294,-44.5561
Uruçuí,2026-01-07 00:00:00,26.86,66,0.0,-7.2294,-44.5561
Uruçuí,2026-01-07 03:00:00,24.87,74,0.0,-7.2294,-44.5561
Uruçuí,2026-01-07 06:00:00,23.83,78,0.0,-7.2294,-44.5561
Uruçuí,2026-01-07 09:00:00,23.67,79,70.0,-7.2294,-44.5561
Uruçuí,2026-01-07 12:00:00,28.38,59,55.0,-7.2294,-44.5561
Uruçuí,2026-01-07 15:00:00,32.33,43,0.0,-7.2294,-44.5561
Uruçuí,2026-01-07 18:00:00,30.17,53,0.0,-7.2294,-44.5561
Uruçuí,2026-01-07 21:00:00,27.94,62,0.0,-7.2294,-44.5561
Uruçuí,2026-01-08 00:00:00,25.42,69,0.0,-7.2294,-44.5561
Uruçuí,2026-01-08 03:00:00,24.33,73,0.0,-7.2294,-44.5561
Uruçuí,2026-01-08 06:00:00,23.45,75,0.0,-7.2294,-44.5561
Uruçuí,2026-01-08 09:00:00,24.19,72,0.0,-7.2294,-44.5561
Barreiras,2026-01-03 12:00:00,22.1,93,100.0,-12.1528,-44.99
Barreiras,2026-01-03 15:00:00,25.5,80,93.0,-12.1528,-44.99
Barreiras,2026-01-03 18:00:00,26.42,76,92.0,-12.1528,-44.99
Barreiras,2026-01-03 21:00:00,23.36,90,100.0,-12.1528,-44.99
Barreiras,2026-01-04 00:00:00,22.34,95,100.0,-12.1528,-44.99
Barreiras,2026-01-04 03:00:00,22.02,98,44.0,-12.1528,-44.99
Barreiras,2026-01-04 06:00:00,21.32,96,20.0,-12.1528,-44.99
Barreiras,2026-01-04 09:00:00,21.37,98,11.0,-12.1528,-44.99
Barreiras,2026-01-04 12:00:00,23.77,89,100.0,-12.1528,-44.99
Barreiras,2026-01-04 15:00:00,24.79,85,100.0,-12.1528,-44.99
Barreiras,2026-01-04 18:00:00,23.47,89,100.0,-12.1528,-44.99
Barreiras,2026-01-04 21:00:00,21.54,95,100.0,-12.1528,-44.99
Barreiras,2026-01-05 00:00:00,20.39,96,100.0,-12.1528,-44.99
Barreiras,2026-01-05 03:00:00,20.14,98,100.0,-12.1528,-44.99
Barreiras,2026-01-05 06:00:00,20.01,99,100.0,-12.1528,-44.99
Barreiras,2026-01-05 09:00:00,20.11,98,97.0,-12.1528,-44.99
Barreiras,2026-01-05 12:00:00,21.26,95,60.0,-12.1528,-44.99
Barreiras,2026-01-05 15:00:00,23.98,83,0.0,-12.1528,-44.99
Barreiras,2026-01-05 18:00:00,24.17,83,98.0,-12.1528,-44.99
Barreiras,2026-01-05 21:00:00,21.8,93,100.0,-12.1528,-44.99
Barreiras,2026-01-06 00:00:00,20.45,96,90.0,-12.1528,-44.99
Barreiras,2026-01-06 03:00:00,19.68,96,30.0,-12.1528,-44.99
Barreiras,2026-01-06 06:00:00,19.08,96,74.0,-12.1528,-44.99
Barreiras,2026-01-06 09:00:00,18.27,97,63.0,-12.1528,-44.99
Barreiras,2026-01-06 12:00:00,24.54,69,13.0,-12.1528,-44.99
Barreiras,2026-01-06 15:00:00,32.4,44,0.0,-12.1528,-44.99
Barreiras,2026-01-06 18:00:00,30.15,49,2.0,-12.1528,-44.99
Barreiras,2026-01-06 21:00:00,23.62,83,100.0,-12.1528,-44.99
Barreiras,2026-01-07 00:00:00,21.87,94,100.0,-12.1528,-44.99
Barreiras,2026-01-07 03:00:00,20.48,98,100.0,-12.1528,-44.99
Barreiras,2026-01-07 06:00:00,20.04,97,100.0,-12.1528,-44.99
Barreiras,2026-01-07 09:00:00,19.77,97,0.0,-12.1528,-44.99
Barreiras,2026-01-07 12:00:00,26.3,68,0.0,-12.1528,-44.99
Barreiras,2026-01-07 15:00:00,32.44,42,1.0,-12.1528,-44.99
Barreiras,2026-01-07 18:00:00,31.18,46,0.0,-12.1528,-44.99
Barreiras,2026-01-07 21:00:00,27.33,64,0.0,-12.1528,-44.99
Barreiras,2026-01-08 00:00:00,23.74,76,8.0,-12.1528,-44.99
Barreiras,2026-01-08 03:00:00,23.15,78,8.0,-12.1528,-44.99
Barreiras,2026-01-08 06:00:00,21.52,92,84.0,-12.1528,-44.99
Barreiras,2026-01-08 09:00:00,19.99,95,0.0,-12.1528,-44.99
Balsas,2026-01-03 12:00:00,23.89,85,57.0,-7.5325,-46.0356
Balsas,2026-01-03 15:00:00,26.88,73,100.0,-7.5325,-46.0356
Balsas,2026-01-03 18:00:00,28.2,72,100.0,-7.5325,-46.0356
Balsas,2026-01-03 21:00:00,25.03,86,100.0,-7.5325,-46.0356
Balsas,2026-01-04 00:00:00,24.15,88,100.0,-7.5325,-46.0356
Balsas,2026-01-04 03:00:00,22.55,95,100.0,-7.5325,-46.0356
Balsas,2026-01-04 06:00:00,21.98,97,100.0,-7.5325,-46.0356
Balsas,2026-01-04 09:00:00,21.85,96,100.0,-7.5325,-46.0356
Balsas,2026-01-04 12:00:00,22.06,95,100.0,-7.5325,-46.0356
Balsas,2026-01-04 15:00:00,22.45,94,68.0,-7.5325,-46.0356
Balsas,2026-01-04 18:00:00,22.89,90,52.0,-7.5325,-46.0356
Balsas,2026-01-04 21:00:00,22.09,96,76.0,-7.5325,-46.0356
Balsas,2026-01-05 00:00:00,21.86,95,11.0,-7.5325,-46.0356
Balsas,2026-01-05 03:00:00,21.56,96,0.0,-7.5325,-46.0356
Balsas,2026-01-05 06:00:00,21.16,95,0.0,-7.5325,-46.0356
Balsas,2026-01-05 09:00:00,20.39,95,0.0,-7.5325,-46.0356
Balsas,2026-01-05 12:00:00,25.13,75,0.0,-7.5325,-46.0356
Balsas,2026-01-05 15:00:00,29.85,58,0.0,-7.5325,-46.0356
Balsas,2026-01-05 18:00:00,28.43,67,96.0,-7.5325,-46.0356
Balsas,2026-01-05 21:00:00,25.5,84,100.0,-7.5325,-46.0356
Balsas,2026-01-06 00:00:00,23.79,87,80.0,-7.5325,-46.0356
Balsas,2026-01-06 03:00:00,23.64,88,0.0,-7.5325,-46.0356
Balsas,2026-01-06 06:00:00,23.13,90,0.0,-7.5325,-46.0356
Balsas,2026-01-06 09:00:00,22.24,92,0.0,-7.5325,-46.0356
Balsas,2026-01-06 12:00:00,26.78,74,69.0,-7.5325,-46.0356
Balsas,2026-01-06 15:00:00,30.8,53,59.0,-7.5325,-46.0356
Balsas,2026-01-06 18:00:00,31.11,51,36.0,-7.5325,-46.0356
Balsas,2026-01-06 21:00:00,25.88,77,93.0,-7.5325,-46.0356
Balsas,2026-01-07 00:00:00,24.64,80,55.0,-7.5325,-46.0356
Balsas,2026-01-07 03:00:00,23.99,82,0.0,-7.5325,-46.0356
Balsas,2026-01-07 06:00:00,23.29,84,0.0,-7.5325,-46.0356
Balsas,2026-01-07 09:00:00,22.38,88,0.0,-7.5325,-46.0356
Balsas,2026-01-07 12:00:00,27.14,72,100.0,-7.5325,-46.0356
Balsas,2026-01-07 15:00:00,28.48,68,100.0,-7.5325,-46.0356
Balsas,2026-01-07 18:00:00,30.91,54,100.0,-7.5325,-46.0356
Balsas,2026-01-07 21:00:00,27.27,71,0.0,-7.5325,-46.0356
Balsas,2026-01-08 00:00:00,25.36,76,0.0,-7.5325,-46.0356
Balsas,2026-01-08 03:00:00,23.56,83,0.0,-7.5325,-46.0356
Balsas,2026-01-08 06:00:00,22.86,86,0.0,-7.5325,-46.0356
Balsas,2026-01-08 09:00:00,23.29,85,0.0,-7.5325,-46.0356
Gurupi,2026-01-03 12:00:00,23.39,90,46.0,-11.7292,-49.0686
Gurupi,2026-01-03 15:00:00,25.51,82,100.0,-11.7292,-49.0686
Gurupi,2026-01-03 18:00:00,28.19,70,100.0,-11.7292,-49.0686
Gurupi,2026-01-03 21:00:00,26.4,80,100.0,-11.7292,-49.0686
Gurupi,2026-01-04 00:00:00,24.22,90,71.0,-11.7292,-49.0686
Gurupi,2026-01-04 03:00:00,23.34,94,100.0,-11.7292,-49.0686
Gurupi,2026-01-04 06:00:00,22.6,96,100.0,-11.7292,-49.0686
Gurupi,2026-01-04 09:00:00,21.99,97,100.0,-11.7292,-49.0686
Gurupi,2026-01-04 12:00:00,22.38,97,100.0,-11.7292,-49.0686
Gurupi,2026-01-04 15:00:00,23.45,91,50.0,-11.7292,-49.0686
Gurupi,2026-01-04 18:00:00,26.11,79,100.0,-11.7292,-49.0686
Gurupi,2026-01-04 21:00:00,23.06,93,100.0,-11.7292,-49.0686
Gurupi,2026-01-05 00:00:00,21.81,98,100.0,-11.7292,-49.0686
Gurupi,2026-01-05 03:00:00,21.33,97,100.0,-11.7292,-49.0686
Gurupi,2026-01-05 06:00:00,21.37,99,100.0,-11.7292,-49.0686
Gurupi,2026-01-05 09:00:00,21.32,98,100.0,-11.7292,-49.0686
Gurupi,2026-01-05 12:00:00,21.97,96,100.0,-11.7292,-49.0686
Gurupi,2026-01-05 15:00:00,21.75,97,100.0,-11.7292,-49.0686
Gurupi,2026-01-05 18:00:00,21.79,96,100.0,-11.7292,-49.0686
Gurupi,2026-01-05 21:00:00,21.48,97,100.0,-11.7292,-49.0686
Gurupi,2026-01-06 00:00:00,20.88,98,90.0,-11.7292,-49.0686
Gurupi,2026-01-06 03:00:00,20.7,98,97.0,-11.7292,-49.0686
Gurupi,2026-01-06 06:00:00,20.52,98,74.0,-11.7292,-49.0686
Gurupi,2026-01-06 09:00:00,20.65,97,36.0,-11.7292,-49.0686
Gurupi,2026-01-06 12:00:00,20.98,96,36.0,-11.7292,-49.0686
Gurupi,2026-01-06 15:00:00,22.31,88,32.0,-11.7292,-49.0686
Gurupi,2026-01-06 18:00:00,21.19,94,38.0,-11.7292,-49.0686
Gurupi,2026-01-06 21:00:00,20.76,95,0.0,-11.7292,-49.0686
Gurupi,2026-01-07 00:00:00,20.1,94,0.0,-11.7292,-49.0686
Gurupi,2026-01-07 03:00:00,19.82,89,0.0,-11.7292,-49.0686
Gurupi,2026-01-07 06:00:00,19.93,88,0.0,-11.7292,-49.0686
Gurupi,2026-01-07 09:00:00,20.12,86,0.0,-11.7292,-49.0686
Gurupi,2026-01-07 12:00:00,21.08,88,0.0,-11.7292,-49.0686
Gurupi,2026-01-07 15:00:00,22.2,85,0.0,-11.7292,-49.0686
Gurupi,2026-01-07 18:00:00,26.02,67,0.0,-11.7292,-49.0686
Gurupi,2026-01-07 21:00:00,24.68,76,0.0,-11.7292,-49.0686
Gurupi,2026-01-08 00:00:00,21.49,84,28.0,-11.7292,-49.0686
Gurupi,2026-01-08 03:00:00,21.62,87,73.0,-11.7292,-49.0686
Gurupi,2026-01-08 06:00:00,20.11,96,100.0,-11.7292,-49.0686
Gurupi,2026-01-08 09:00:00,20.04,95,100.0,-11.7292,-49.0686
Uruçuí,2026-01-04 12:00:00,22.69,92,92.0,-7.2294,-44.5561
Uruçuí,2026-01-04 15:00:00,23.13,91,47.0,-7.2294,-44.5561
Uruçuí,2026-01-04 18:00:00,23.56,91,29.0,-7.2294,-44.5561
Uruçuí,2026-01-04 21:00:00,22.92,93,0.0,-7.2294,-44.5561
Uruçuí,2026-01-05 00:00:00,22.71,92,0.0,-7.2294,-44.5561
Uruçuí,2026-01-05 03:00:00,22.39,90,0.0,-7.2294,-44.5561
Uruçuí,2026-01-05 06:00:00,22.25,89,0.0,-7.2294,-44.5561
Uruçuí,2026-01-05 09:00:00,22.18,89,0.0,-7.2294,-44.5561
Uruçuí,2026-01-05 12:00:00,26.96,69,0.0,-7.2294,-44.5561
Uruçuí,2026-01-05 15:00:00,29.28,60,100.0,-7.2294,-44.5561
Uruçuí,2026-01-05 18:00:00,30.42,55,100.0,-7.2294,-44.5561
Uruçuí,2026-01-05 21:00:00,26.19,77,100.0,-7.2294,-44.5561
Uruçuí,2026-01-06 00:00:00,24.14,85,72.0,-7.2294,-44.5561
Uruçuí,2026-01-06 03:00:00,24.14,86,0.0,-7.2294,-44.5561
Uruçuí,2026-01-06 06:00:00,23.24,89,0.0,-7.2294,-44.5561
Uruçuí,2026-01-06 09:00:00,22.49,91,40.0,-7.2294,-44.5561
Uruçuí,2026-01-06 12:00:00,26.44,78,100.0,-7.2294,-44.5561
Uruçuí,2026-01-06 15:00:00,29.68,61,100.0,-7.2294,-44.5561
Uruçuí,2026-01-06 18:00:00,30.27,58,100.0,-7.2294,-44.5561
Uruçuí,2026-01-06 21:00:00,27.18,73,0.0,-7.2294,-44.5561
Uruçuí,2026-01-07 00:00:00,25.35,75,0.0,-7.2294,-44.5561
Uruçuí,2026-01-07 03:00:00,23.84,81,0.0,-7.2294,-44.5561
Uruçuí,2026-01-07 06:00:00,24.19,79,0.0,-7.2294,-44.5561
Uruçuí,2026-01-07 09:00:00,22.82,85,100.0,-7.2294,-44.5561
Uruçuí,2026-01-07 12:00:00,27.67,64,85.0,-7.2294,-44.5561
Uruçuí,2026-01-07 15:00:00,31.54,45,0.0,-7.2294,-44.5561
Uruçuí,2026-01-07 18:00:00,32.52,44,0.0,-7.2294,-44.5561
Uruçuí,2026-01-07 21:00:00,28.01,65,0.0,-7.2294,-44.5561
Uruçuí,2026-01-08 00:00:00,25.53,71,0.0,-7.2294,-44.5561
Uruçuí,2026-01-08 03:00:00,25.55,68,0.0,-7.2294,-44.5561
Uruçuí,2026-01-08 06:00:00,24.36,71,0.0,-7.2294,-44.5561
Uruçuí,2026-01-08 09:00:00,24.3,70,0.0,-7.2294,-44.5561
Uruçuí,2026-01-08 12:00:00,27.85,46,0.0,-7.2294,-44.5561
Uruçuí,2026-01-08 15:00:00,31.06,42,0.0,-7.2294,-44.5561
Uruçuí,2026-01-08 18:00:00,28.88,61,20.0,-7.2294,-44.5561
Uruçuí,2026-01-08 21:00:00,27.67,65,0.0,-7.2294,-44.5561
Uruçuí,2026-01-09 00:00:00,24.35,78,0.0,-7.2294,-44.5561
Uruçuí,2026-01-09 03:00:00,23.47,81,0.0,-7.2294,-44.5561
Uruçuí,2026-01-09 06:00:00,23.01,82,0.0,-7.2294,-44.5561
Uruçuí,2026-01-09 09:00:00,23.04,81,0.0,-7.2294,-44.5561
Barreiras,2026-01-04 12:00:00,21.41,97,100.0,-12.1528,-44.99
Barreiras,2026-01-04 15:00:00,22.64,92,100.0,-12.1528,-44.99
Barreiras,2026-01-04 18:00:00,22.75,93,100.0,-12.1528,-44.99
Barreiras,2026-01-04 21:00:00,21.96,93,100.0,-12.1528,-44.99
Barreiras,2026-01-05 00:00:00,21.05,97,100.0,-12.1528,-44.99
Barreiras,2026-01-05 03:00:00,20.6,98,100.0,-12.1528,-44.99
Barreiras,2026-01-05 06:00:00,20.2,99,100.0,-12.1528,-44.99
Barreiras,2026-01-05 09:00:00,19.92,99,100.0,-12.1528,-44.99
Barreiras,2026-01-05 12:00:00,21.53,93,100.0,-12.1528,-44.99
Barreiras,2026-01-05 15:00:00,24.17,77,0.0,-12.1528,-44.99
Barreiras,2026-01-05 18:00:00,24.84,71,0.0,-12.1528,-44.99
Barreiras,2026-01-05 21:00:00,22.3,85,0.0,-12.1528,-44.99
Barreiras,2026-01-06 00:00:00,20.95,90,0.0,-12.1528,-44.99
Barreiras,2026-01-06 03:00:00,19.58,92,0.0,-12.1528,-44.99
Barreiras,2026-01-06 06:00:00,19.18,94,20.0,-12.1528,-44.99
Barreiras,2026-01-06 09:00:00,18.99,95,74.0,-12.1528,-44.99
Barreiras,2026-01-06 12:00:00,21.35,85,14.0,-12.1528,-44.99
Barreiras,2026-01-06 15:00:00,29.51,52,0.0,-12.1528,-44.99
Barreiras,2026-01-06 18:00:00,30.0,53,0.0,-12.1528,-44.99
Barreiras,2026-01-06 21:00:00,24.87,80,100.0,-12.1528,-44.99
Barreiras,2026-01-07 00:00:00,21.39,94,97.0,-12.1528,-44.99
Barreiras,2026-01-07 03:00:00,20.34,96,100.0,-12.1528,-44.99
Barreiras,2026-01-07 06:00:00,19.83,96,71.0,-12.1528,-44.99
Barreiras,2026-01-07 09:00:00,19.49,97,0.0,-12.1528,-44.99
Barreiras,2026-01-07 12:00:00,25.75,71,0.0,-12.1528,-44.99
Barreiras,2026-01-07 15:00:00,30.95,49,0.0,-12.1528,-44.99
Barreiras,2026-01-07 18:00:00,29.71,54,0.0,-12.1528,-44.99
Barreiras,2026-01-07 21:00:00,26.8,70,4.0,-12.1528,-44.99
Barreiras,2026-01-08 00:00:00,23.14,81,0.0,-12.1528,-44.99
Barreiras,2026-01-08 03:00:00,22.58,88,100.0,-12.1528,-44.99
Barreiras,2026-01-08 06:00:00,20.25,94,75.0,-12.1528,-44.99
Barreiras,2026-01-08 09:00:00,18.46,89,0.0,-12.1528,-44.99
Barreiras,2026-01-08 12:00:00,26.61,54,0.0,-12.1528,-44.99
Barreiras,2026-01-08 15:00:00,32.01,38,0.0,-12.1528,-44.99
Barreiras,2026-01-08 18:00:00,32.86,35,0.0,-12.1528,-44.99
Barreiras,2026-01-08 21:00:00,27.1,61,0.0,-12.1528,-44.99
Barreiras,2026-01-09 00:00:00,22.84,69,0.0,-12.1528,-44.99
Barreiras,2026-01-09 03:00:00,22.28,71,0.0,-12.1528,-44.99
Barreiras,2026-01-09 06:00:00,20.6,80,0.0,-12.1528,-44.99
Barreiras,2026-01-09 09:00:00,20.52,81,0.0,-12.1528,-44.99
Balsas,2026-01-04 12:00:00,21.97,96,92.0,-7.5325,-46.0356
Balsas,2026-01-04 15:00:00,24.69,83,1.0,-7.5325,-46.0356
Balsas,2026-01-04 18:00:00,26.22,80,100.0,-7.5325,-46.0356
Balsas,2026-01-04 21:00:00,22.92,95,100.0,-7.5325,-46.0356
Balsas,2026-01-05 00:00:00,22.79,94,80.0,-7.5325,-46.0356
Balsas,2026-01-05 03:00:00,22.39,95,8.0,-7.5325,-46.0356
Balsas,2026-01-05 06:00:00,22.31,93,2.0,-7.5325,-46.0356
Balsas,2026-01-05 09:00:00,22.03,93,0.0,-7.5325,-46.0356
Balsas,2026-01-05 12:00:00,23.23,91,0.0,-7.5325,-46.0356
Balsas,2026-01-05 15:00:00,26.09,78,100.0,-7.5325,-46.0356
Balsas,2026-01-05 18:00:00,27.98,72,100.0,-7.5325,-46.0356
Balsas,2026-01-05 21:00:00,24.6,87,100.0,-7.5325,-46.0356
Balsas,2026-01-06 00:00:00,23.98,89,80.0,-7.5325,-46.0356
Balsas,2026-01-06 03:00:00,23.09,92,97.0,-7.5325,-46.0356
Balsas,2026-01-06 06:00:00,22.95,92,87.0,-7.5325,-46.0356
Balsas,2026-01-06 09:00:00,22.73,92,0.0,-7.5325,-46.0356
Balsas,2026-01-06 12:00:00,24.82,86,100.0,-7.5325,-46.0356
Balsas,2026-01-06 15:00:00,30.43,54,100.0,-7.5325,-46.0356
Balsas,2026-01-06 18:00:00,30.23,56,99.0,-7.5325,-46.0356
Balsas,2026-01-06 21:00:00,25.94,79,94.0,-7.5325,-46.0356
Balsas,2026-01-07 00:00:00,24.4,83,78.0,-7.5325,-46.0356
Balsas,2026-01-07 03:00:00,22.86,90,0.0,-7.5325,-46.0356
Balsas,2026-01-07 06:00:00,22.13,90,0.0,-7.5325,-46.0356
Balsas,2026-01-07 09:00:00,21.71,90,0.0,-7.5325,-46.0356
Balsas,2026-01-07 12:00:00,27.01,70,9.0,-7.5325,-46.0356
Balsas,2026-01-07 15:00:00,30.55,53,100.0,-7.5325,-46.0356
Balsas,2026-01-07 18:00:00,32.13,47,79.0,-7.5325,-46.0356
Balsas,2026-01-07 21:00:00,27.11,69,0.0,-7.5325,-46.0356
Balsas,2026-01-08 00:00:00,25.71,75,0.0,-7.5325,-46.0356
Balsas,2026-01-08 03:00:00,23.47,83,0.0,-7.5325,-46.0356
Balsas,2026-01-08 06:00:00,22.78,85,0.0,-7.5325,-46.0356
Balsas,2026-01-08 09:00:00,22.05,88,5.0,-7.5325,-46.0356
Balsas,2026-01-08 12:00:00,27.51,69,100.0,-7.5325,-46.0356
Balsas,2026-01-08 15:00:00,31.12,40,0.0,-7.5325,-46.0356
Balsas,2026-01-08 18:00:00,32.2,39,0.0,-7.5325,-46.0356
Balsas,2026-01-08 21:00:00,27.6,60,0.0,-7.5325,-46.0356
Balsas,2026-01-09 00:00:00,24.12,77,0.0,-7.5325,-46.0356
Balsas,2026-01-09 03:00:00,22.74,83,0.0,-7.5325,-46.0356
Balsas,2026-01-09 06:00:00,22.2,83,0.0,-7.5325,-46.0356
Balsas,2026-01-09 09:00:00,21.57,85,0.0,-7.5325,-46.0356
Gurupi,2026-01-04 12:00:00,22.12,95,0.0,-11.7292,-49.0686
Gurupi,2026-01-04 15:00:00,22.84,90,14.0,-11.7292,-49.0686
Gurupi,2026-01-04 18:00:00,24.71,85,100.0,-11.7292,-49.0686
Gurupi,2026-01-04 21:00:00,22.96,94,100.0,-11.7292,-49.0686
Gurupi,2026-01-05 00:00:00,22.35,95,100.0,-11.7292,-49.0686
Gurupi,2026-01-05 03:00:00,21.7,96,56.0,-11.7292,-49.0686
Gurupi,2026-01-05 06:00:00,21.1,97,99.0,-11.7292,-49.0686
Gurupi,2026-01-05 09:00:00,21.01,97,100.0,-11.7292,-49.0686
Gurupi,2026-01-05 12:00:00,21.46,97,100.0,-11.7292,-49.0686
Gurupi,2026-01-05 15:00:00,22.26,93,20.0,-11.7292,-49.0686
Gurupi,2026-01-05 18:00:00,23.85,82,0.0,-11.7292,-49.0686
Gurupi,2026-01-05 21:00:00,22.66,88,0.0,-11.7292,-49.0686
Gurupi,2026-01-06 00:00:00,21.56,91,0.0,-11.7292,-49.0686
Gurupi,2026-01-06 03:00:00,21.23,93,0.0,-11.7292,-49.0686
Gurupi,2026-01-06 06:00:00,21.16,92,0.0,-11.7292,-49.0686
Gurupi,2026-01-06 09:00:00,20.76,96,77.0,-11.7292,-49.0686
Gurupi,2026-01-06 12:00:00,22.69,87,36.0,-11.7292,-49.0686
Gurupi,2026-01-06 15:00:00,23.5,84,0.0,-11.7292,-49.0686
Gurupi,2026-01-06 18:00:00,22.72,89,0.0,-11.7292,-49.0686
Gurupi,2026-01-06 21:00:00,23.19,85,0.0,-11.7292,-49.0686
Gurupi,2026-01-07 00:00:00,22.06,87,0.0,-11.7292,-49.0686
Gurupi,2026-01-07 03:00:00,21.98,85,0.0,-11.7292,-49.0686
Gurupi,2026-01-07 06:00:00,21.55,87,0.0,-11.7292,-49.0686
Gurupi,2026-01-07 09:00:00,21.32,88,0.0,-11.7292,-49.0686
Gurupi,2026-01-07 12:00:00,23.11,84,0.0,-11.7292,-49.0686
Gurupi,2026-01-07 15:00:00,24.93,75,0.0,-11.7292,-49.0686
Gurupi,2026-01-07 18:00:00,28.79,57,0.0,-11.7292,-49.0686
Gurupi,2026-01-07 21:00:00,26.06,76,64.0,-11.7292,-49.0686
Gurupi,2026-01-08 00:00:00,21.33,93,96.0,-11.7292,-49.0686
Gurupi,2026-01-08 03:00:00,21.29,94,0.0,-11.7292,-49.0686
Gurupi,2026-01-08 06:00:00,20.97,92,0.0,-11.7292,-49.0686
Gurupi,2026-01-08 09:00:00,21.0,90,0.0,-11.7292,-49.0686
Gurupi,2026-01-08 12:00:00,24.09,83,0.0,-11.7292,-49.0686
Gurupi,2026-01-08 15:00:00,29.52,59,0.0,-11.7292,-49.0686
Gurupi,2026-01-08 18:00:00,31.22,52,0.0,-11.7292,-49.0686
Gurupi,2026-01-08 21:00:00,26.89,73,22.0,-11.7292,-49.0686
Gurupi,2026-01-09 00:00:00,24.65,77,4.0,-11.7292,-49.0686
Gurupi,2026-01-09 03:00:00,23.67,81,0.0,-11.7292,-49.0686
Gurupi,2026-01-09 06:00:00,22.51,85,0.0,-11.7292,-49.0686
Gurupi,2026-01-09 09:00:00,21.4,91,93.0,-11.7292,-49.0686
Uruçuí,2026-01-05 12:00:00,24.36,83,27.0,-7.2294,-44.5561
Uruçuí,2026-01-05 15:00:00,28.83,65,35.0,-7.2294,-44.5561
Uruçuí,2026-01-05 18:00:00,32.6,45,2.0,-7.2294,-44.5561
Uruçuí,2026-01-05 21:00:00,27.44,67,22.0,-7.2294,-44.5561
Uruçuí,2026-01-06 00:00:00,25.06,75,0.0,-7.2294,-44.5561
Uruçuí,2026-01-06 03:00:00,24.1,79,0.0,-7.2294,-44.5561
Uruçuí,2026-01-06 06:00:00,23.21,83,0.0,-7.2294,-44.5561
Uruçuí,2026-01-06 09:00:00,21.84,94,100.0,-7.2294,-44.5561
Uruçuí,2026-01-06 12:00:00,26.68,74,100.0,-7.2294,-44.5561
Uruçuí,2026-01-06 15:00:00,29.7,62,100.0,-7.2294,-44.5561
Uruçuí,2026-01-06 18:00:00,30.91,55,100.0,-7.2294,-44.5561
Uruçuí,2026-01-06 21:00:00,27.61,70,20.0,-7.2294,-44.5561
Uruçuí,2026-01-07 00:00:00,25.4,76,0.0,-7.2294,-44.5561
Uruçuí,2026-01-07 03:00:00,24.3,79,0.0,-7.2294,-44.5561
Uruçuí,2026-01-07 06:00:00,23.37,84,0.0,-7.2294,-44.5561
Uruçuí,2026-01-07 09:00:00,22.25,90,100.0,-7.2294,-44.5561
Uruçuí,2026-01-07 12:00:00,27.22,73,100.0,-7.2294,-44.5561
Uruçuí,2026-01-07 15:00:00,30.95,52,100.0,-7.2294,-44.5561
Uruçuí,2026-01-07 18:00:00,32.57,46,77.0,-7.2294,-44.5561
Uruçuí,2026-01-07 21:00:00,27.74,64,0.0,-7.2294,-44.5561
Uruçuí,2026-01-08 00:00:00,25.11,73,0.0,-7.2294,-44.5561
Uruçuí,2026-01-08 03:00:00,24.04,77,0.0,-7.2294,-44.5561
Uruçuí,2026-01-08 06:00:00,24.02,75,0.0,-7.2294,-44.5561
Uruçuí,2026-01-08 09:00:00,23.81,78,22.0,-7.2294,-44.5561
Uruçuí,2026-01-08 12:00:00,28.11,60,39.0,-7.2294,-44.5561
Uruçuí,2026-01-08 15:00:00,30.86,52,26.0,-7.2294,-44.5561
Uruçuí,2026-01-08 18:00:00,28.29,65,21.0,-7.2294,-44.5561
Uruçuí,2026-01-08 21:00:00,26.54,73,0.0,-7.2294,-44.5561
Uruçuí,2026-01-09 00:00:00,23.89,79,0.0,-7.2294,-44.5561
Uruçuí,2026-01-09 03:00:00,23.44,79,0.0,-7.2294,-44.5561
Uruçuí,2026-01-09 06:00:00,23.29,79,0.0,-7.2294,-44.5561
Uruçuí,2026-01-09 09:00:00,21.52,92,100.0,-7.2294,-44.5561
Uruçuí,2026-01-09 12:00:00,27.42,69,99.0,-7.2294,-44.5561
Uruçuí,2026-01-09 15:00:00,29.67,61,100.0,-7.2294,-44.5561
Uruçuí,2026-01-09 18:00:00,30.8,54,100.0,-7.2294,-44.5561
Uruçuí,2026-01-09 21:00:00,28.16,65,22.0,-7.2294,-44.5561
Uruçuí,2026-01-10 00:00:00,25.5,72,33.0,-7.2294,-44.5561
Uruçuí,2026-01-10 03:00:00,24.32,77,0.0,-7.2294,-44.5561
Uruçuí,2026-01-10 06:00:00,23.4,82,0.0,-7.2294,-44.5561
Uruçuí,2026-01-10 09:00:00,23.97,80,15.0,-7.2294,-44.5561
Barreiras,2026-01-05 12:00:00,21.14,98,100.0,-12.1528,-44.99
Barreiras,2026-01-05 15:00:00,24.99,78,65.0,-12.1528,-44.99
Barreiras,2026-01-05 18:00:00,27.55,68,82.0,-12.1528,-44.99
Barreiras,2026-01-05 21:00:00,22.78,88,100.0,-12.1528,-44.99
Barreiras,2026-01-06 00:00:00,21.33,92,100.0,-12.1528,-44.99
Barreiras,2026-01-06 03:00:00,20.47,96,20.0,-12.1528,-44.99
Barreiras,2026-01-06 06:00:00,20.02,98,100.0,-12.1528,-44.99
Barreiras,2026-01-06 09:00:00,19.86,98,69.0,-12.1528,-44.99
Barreiras,2026-01-06 12:00:00,23.9,80,27.0,-12.1528,-44.99
Barreiras,2026-01-06 15:00:00,28.28,59,29.0,-12.1528,-44.99
Barreiras,2026-01-06 18:00:00,29.12,60,98.0,-12.1528,-44.99
Barreiras,2026-01-06 21:00:00,24.23,86,100.0,-12.1528,-44.99
Barreiras,2026-01-07 00:00:00,21.74,91,80.0,-12.1528,-44.99
Barreiras,2026-01-07 03:00:00,20.79,96,100.0,-12.1528,-44.99
Barreiras,2026-01-07 06:00:00,20.52,96,100.0,-12.1528,-44.99
Barreiras,2026-01-07 09:00:00,20.05,97,46.0,-12.1528,-44.99
Barreiras,2026-01-07 12:00:00,26.06,71,11.0,-12.1528,-44.99
Barreiras,2026-01-07 15:00:00,30.67,50,41.0,-12.1528,-44.99
Barreiras,2026-01-07 18:00:00,32.01,43,26.0,-12.1528,-44.99
Barreiras,2026-01-07 21:00:00,26.23,68,11.0,-12.1528,-44.99
Barreiras,2026-01-08 00:00:00,23.26,81,0.0,-12.1528,-44.99
Barreiras,2026-01-08 03:00:00,21.95,86,28.0,-12.1528,-44.99
Barreiras,2026-01-08 06:00:00,21.71,86,0.0,-12.1528,-44.99
Barreiras,2026-01-08 09:00:00,19.8,87,0.0,-12.1528,-44.99
Barreiras,2026-01-08 12:00:00,27.2,50,0.0,-12.1528,-44.99
Barreiras,2026-01-08 15:00:00,31.97,36,0.0,-12.1528,-44.99
Barreiras,2026-01-08 18:00:00,33.33,30,0.0,-12.1528,-44.99
Barreiras,2026-01-08 21:00:00,26.73,59,0.0,-12.1528,-44.99
Barreiras,2026-01-09 00:00:00,22.6,64,0.0,-12.1528,-44.99
Barreiras,2026-01-09 03:00:00,21.06,66,0.0,-12.1528,-44.99
Barreiras,2026-01-09 06:00:00,20.65,77,20.0,-12.1528,-44.99
Barreiras,2026-01-09 09:00:00,20.01,88,20.0,-12.1528,-44.99
Barreiras,2026-01-09 12:00:00,27.55,58,0.0,-12.1528,-44.99
Barreiras,2026-01-09 15:00:00,31.83,42,0.0,-12.1528,-44.99
Barreiras,2026-01-09 18:00:00,28.98,56,0.0,-12.1528,-44.99
Barreiras,2026-01-09 21:00:00,27.4,64,0.0,-12.1528,-44.99
Barreiras,2026-01-10 00:00:00,24.39,66,0.0,-12.1528,-44.99
Barreiras,2026-01-10 03:00:00,21.64,72,0.0,-12.1528,-44.99
Barreiras,2026-01-10 06:00:00,20.55,79,0.0,-12.1528,-44.99
Barreiras,2026-01-10 09:00:00,19.84,83,0.0,-12.1528,-44.99
Balsas,2026-01-05 12:00:00,23.42,91,99.0,-7.5325,-46.0356
Balsas,2026-01-05 15:00:00,27.4,70,0.0,-7.5325,-46.0356
Balsas,2026-01-05 18:00:00,30.66,57,93.0,-7.5325,-46.0356
Balsas,2026-01-05 21:00:00,24.91,84,100.0,-7.5325,-46.0356
Balsas,2026-01-06 00:00:00,23.97,86,80.0,-7.5325,-46.0356
Balsas,2026-01-06 03:00:00,22.92,88,0.0,-7.5325,-46.0356
Balsas,2026-01-06 06:00:00,22.06,91,0.0,-7.5325,-46.0356
Balsas,2026-01-06 09:00:00,21.71,91,0.0,-7.5325,-46.0356
Balsas,2026-01-06 12:00:00,26.1,75,40.0,-7.5325,-46.0356
Balsas,2026-01-06 15:00:00,30.26,57,100.0,-7.5325,-46.0356
Balsas,2026-01-06 18:00:00,29.24,64,100.0,-7.5325,-46.0356
Balsas,2026-01-06 21:00:00,25.71,81,100.0,-7.5325,-46.0356
Balsas,2026-01-07 00:00:00,24.06,86,100.0,-7.5325,-46.0356
Balsas,2026-01-07 03:00:00,23.25,89,2.0,-7.5325,-46.0356
Balsas,2026-01-07 06:00:00,22.67,91,0.0,-7.5325,-46.0356
Balsas,2026-01-07 09:00:00,22.09,92,0.0,-7.5325,-46.0356
Balsas,2026-01-07 12:00:00,26.31,78,100.0,-7.5325,-46.0356
Balsas,2026-01-07 15:00:00,29.1,64,100.0,-7.5325,-46.0356
Balsas,2026-01-07 18:00:00,30.51,56,100.0,-7.5325,-46.0356
Balsas,2026-01-07 21:00:00,26.05,79,86.0,-7.5325,-46.0356
Balsas,2026-01-08 00:00:00,24.41,82,47.0,-7.5325,-46.0356
Balsas,2026-01-08 03:00:00,22.95,89,0.0,-7.5325,-46.0356
Balsas,2026-01-08 06:00:00,22.48,89,0.0,-7.5325,-46.0356
Balsas,2026-01-08 09:00:00,21.5,93,20.0,-7.5325,-46.0356
Balsas,2026-01-08 12:00:00,27.93,69,100.0,-7.5325,-46.0356
Balsas,2026-01-08 15:00:00,30.85,44,20.0,-7.5325,-46.0356
Balsas,2026-01-08 18:00:00,31.85,44,0.0,-7.5325,-46.0356
Balsas,2026-01-08 21:00:00,26.02,72,0.0,-7.5325,-46.0356
Balsas,2026-01-09 00:00:00,24.05,82,0.0,-7.5325,-46.0356
Balsas,2026-01-09 03:00:00,22.84,85,0.0,-7.5325,-46.0356
Balsas,2026-01-09 06:00:00,22.15,84,0.0,-7.5325,-46.0356
Balsas,2026-01-09 09:00:00,22.82,81,0.0,-7.5325,-46.0356
Balsas,2026-01-09 12:00:00,26.98,68,20.0,-7.5325,-46.0356
Balsas,2026-01-09 15:00:00,30.98,52,100.0,-7.5325,-46.0356
Balsas,2026-01-09 18:00:00,29.13,63,80.0,-7.5325,-46.0356
Balsas,2026-01-09 21:00:00,26.05,79,87.0,-7.5325,-46.0356
Balsas,2026-01-10 00:00:00,23.14,89,100.0,-7.5325,-46.0356
Balsas,2026-01-10 03:00:00,22.02,94,100.0,-7.5325,-46.0356
Balsas,2026-01-10 06:00:00,21.94,93,80.0,-7.5325,-46.0356
Balsas,2026-01-10 09:00:00,21.82,93,0.0,-7.5325,-46.0356
Gurupi,2026-01-05 12:00:00,21.51,97,100.0,-11.7292,-49.0686
Gurupi,2026-01-05 15:00:00,21.5,96,100.0,-11.7292,-49.0686
Gurupi,2026-01-05 18:00:00,21.78,94,100.0,-11.7292,-49.0686
Gurupi,2026-01-05 21:00:00,21.31,97,90.0,-11.7292,-49.0686
Gurupi,2026-01-06 00:00:00,20.86,97,70.0,-11.7292,-49.0686
Gurupi,2026-01-06 03:00:00,20.77,97,5.0,-11.7292,-49.0686
Gurupi,2026-01-06 06:00:00,20.47,97,35.0,-11.7292,-49.0686
Gurupi,2026-01-06 09:00:00,20.17,96,40.0,-11.7292,-49.0686
Gurupi,2026-01-06 12:00:00,20.47,97,29.0,-11.7292,-49.0686
Gurupi,2026-01-06 15:00:00,22.98,87,0.0,-11.7292,-49.0686
Gurupi,2026-01-06 18:00:00,25.71,75,20.0,-11.7292,-49.0686
Gurupi,2026-01-06 21:00:00,21.74,94,71.0,-11.7292,-49.0686
Gurupi,2026-01-07 00:00:00,20.83,96,89.0,-11.7292,-49.0686
Gurupi,2026-01-07 03:00:00,20.6,94,0.0,-11.7292,-49.0686
Gurupi,2026-01-07 06:00:00,20.11,95,0.0,-11.7292,-49.0686
Gurupi,2026-01-07 09:00:00,20.47,93,0.0,-11.7292,-49.0686
Gurupi,2026-01-07 12:00:00,23.13,83,0.0,-11.7292,-49.0686
Gurupi,2026-01-07 15:00:00,24.7,77,0.0,-11.7292,-49.0686
Gurupi,2026-01-07 18:00:00,28.96,58,0.0,-11.7292,-49.0686
Gurupi,2026-01-07 21:00:00,27.38,71,31.0,-11.7292,-49.0686
Gurupi,2026-01-08 00:00:00,22.61,92,60.0,-11.7292,-49.0686
Gurupi,2026-01-08 03:00:00,22.18,94,56.0,-11.7292,-49.0686
Gurupi,2026-01-08 06:00:00,22.11,93,35.0,-11.7292,-49.0686
Gurupi,2026-01-08 09:00:00,21.35,94,0.0,-11.7292,-49.0686
Gurupi,2026-01-08 12:00:00,25.89,76,0.0,-11.7292,-49.0686
Gurupi,2026-01-08 15:00:00,30.89,55,0.0,-11.7292,-49.0686
Gurupi,2026-01-08 18:00:00,32.91,44,0.0,-11.7292,-49.0686
Gurupi,2026-01-08 21:00:00,28.63,65,0.0,-11.7292,-49.0686
Gurupi,2026-01-09 00:00:00,23.5,80,65.0,-11.7292,-49.0686
Gurupi,2026-01-09 03:00:00,21.95,87,79.0,-11.7292,-49.0686
Gurupi,2026-01-09 06:00:00,22.11,85,100.0,-11.7292,-49.0686
Gurupi,2026-01-09 09:00:00,21.53,88,0.0,-11.7292,-49.0686
Gurupi,2026-01-09 12:00:00,26.81,72,0.0,-11.7292,-49.0686
Gurupi,2026-01-09 15:00:00,31.62,51,0.0,-11.7292,-49.0686
Gurupi,2026-01-09 18:00:00,33.39,40,0.0,-11.7292,-49.0686
Gurupi,2026-01-09 21:00:00,30.44,55,0.0,-11.7292,-49.0686
Gurupi,2026-01-10 00:00:00,25.77,65,0.0,-11.7292,-49.0686
Gurupi,2026-01-10 03:00:00,23.91,71,0.0,-11.7292,-49.0686
Gurupi,2026-01-10 06:00:00,22.57,77,0.0,-11.7292,-49.0686
Gurupi,2026-01-10 09:00:00,21.38,87,52.0,-11.7292,-49.0686
Uruçuí,2026-01-06 12:00:00,24.41,80,100.0,-7.2294,-44.5561
Uruçuí,2026-01-06 15:00:00,29.66,59,100.0,-7.2294,-44.5561
Uruçuí,2026-01-06 18:00:00,26.39,77,100.0,-7.2294,-44.5561
Uruçuí,2026-01-06 21:00:00,25.36,83,100.0,-7.2294,-44.5561
Uruçuí,2026-01-07 00:00:00,23.51,86,89.0,-7.2294,-44.5561
Uruçuí,2026-01-07 03:00:00,22.8,88,0.0,-7.2294,-44.5561
Uruçuí,2026-01-07 06:00:00,22.39,89,0.0,-7.2294,-44.5561
Uruçuí,2026-01-07 09:00:00,21.69,93,98.0,-7.2294,-44.5561
Uruçuí,2026-01-07 12:00:00,25.99,79,100.0,-7.2294,-44.5561
Uruçuí,2026-01-07 15:00:00,31.56,48,30.0,-7.2294,-44.5561
Uruçuí,2026-01-07 18:00:00,29.0,63,0.0,-7.2294,-44.5561
Uruçuí,2026-01-07 21:00:00,27.57,69,0.0,-7.2294,-44.5561
Uruçuí,2026-01-08 00:00:00,25.0,72,0.0,-7.2294,-44.5561
Uruçuí,2026-01-08 03:00:00,24.56,74,0.0,-7.2294,-44.5561
Uruçuí,2026-01-08 06:00:00,24.41,74,0.0,-7.2294,-44.5561
Uruçuí,2026-01-08 09:00:00,22.54,84,50.0,-7.2294,-44.5561
Uruçuí,2026-01-08 12:00:00,27.18,68,67.0,-7.2294,-44.5561
Uruçuí,2026-01-08 15:00:00,29.75,57,100.0,-7.2294,-44.5561
Uruçuí,2026-01-08 18:00:00,30.76,52,100.0,-7.2294,-44.5561
Uruçuí,2026-01-08 21:00:00,26.83,70,0.0,-7.2294,-44.5561
Uruçuí,2026-01-09 00:00:00,24.24,75,0.0,-7.2294,-44.5561
Uruçuí,2026-01-09 03:00:00,23.3,78,0.0,-7.2294,-44.5561
Uruçuí,2026-01-09 06:00:00,22.45,81,0.0,-7.2294,-44.5561
Uruçuí,2026-01-09 09:00:00,22.13,84,52.0,-7.2294,-44.5561
Uruçuí,2026-01-09 12:00:00,27.54,65,63.0,-7.2294,-44.5561
Uruçuí,2026-01-09 15:00:00,31.5,48,0.0,-7.2294,-44.5561
Uruçuí,2026-01-09 18:00:00,29.47,57,0.0,-7.2294,-44.5561
Uruçuí,2026-01-09 21:00:00,27.53,65,0.0,-7.2294,-44.5561
Uruçuí,2026-01-10 00:00:00,25.91,68,0.0,-7.2294,-44.5561
Uruçuí,2026-01-10 03:00:00,24.11,73,0.0,-7.2294,-44.5561
Uruçuí,2026-01-10 06:00:00,23.22,76,0.0,-7.2294,-44.5561
Uruçuí,2026-01-10 09:00:00,21.28,94,100.0,-7.2294,-44.5561
Uruçuí,2026-01-10 12:00:00,27.19,65,80.0,-7.2294,-44.5561
Uruçuí,2026-01-10 15:00:00,32.14,45,0.0,-7.2294,-44.5561
Uruçuí,2026-01-10 18:00:00,33.91,37,0.0,-7.2294,-44.5561
Uruçuí,2026-01-10 21:00:00,29.11,55,0.0,-7.2294,-44.5561
Uruçuí,2026-01-11 00:00:00,26.5,58,0.0,-7.2294,-44.5561
Uruçuí,2026-01-11 03:00:00,24.91,60,0.0,-7.2294,-44.5561
Uruçuí,2026-01-11 06:00:00,24.87,61,0.0,-7.2294,-44.5561
Uruçuí,2026-01-11 09:00:00,22.25,85,99.0,-7.2294,-44.5561
Barreiras,2026-01-06 12:00:00,21.94,92,75.0,-12.1528,-44.99
Barreiras,2026-01-06 15:00:00,26.0,76,100.0,-12.1528,-44.99
Barreiras,2026-01-06 18:00:00,27.84,70,100.0,-12.1528,-44.99
Barreiras,2026-01-06 21:00:00,25.14,84,100.0,-12.1528,-44.99
Barreiras,2026-01-07 00:00:00,21.75,95,100.0,-12.1528,-44.99
Barreiras,2026-01-07 03:00:00,21.86,90,100.0,-12.1528,-44.99
Barreiras,2026-01-07 06:00:00,20.05,97,80.0,-12.1528,-44.99
Barreiras,2026-01-07 09:00:00,19.56,97,0.0,-12.1528,-44.99
Barreiras,2026-01-07 12:00:00,25.8,72,0.0,-12.1528,-44.99
Barreiras,2026-01-07 15:00:00,30.91,50,26.0,-12.1528,-44.99
Barreiras,2026-01-07 18:00:00,31.2,47,3.0,-12.1528,-44.99
Barreiras,2026-01-07 21:00:00,26.18,72,28.0,-12.1528,-44.99
Barreiras,2026-01-08 00:00:00,23.9,78,0.0,-12.1528,-44.99
Barreiras,2026-01-08 03:00:00,23.23,77,37.0,-12.1528,-44.99
Barreiras,2026-01-08 06:00:00,22.59,78,2.0,-12.1528,-44.99
Barreiras,2026-01-08 09:00:00,19.96,88,0.0,-12.1528,-44.99
Barreiras,2026-01-08 12:00:00,27.49,53,0.0,-12.1528,-44.99
Barreiras,2026-01-08 15:00:00,32.29,34,0.0,-12.1528,-44.99
Barreiras,2026-01-08 18:00:00,33.16,30,0.0,-12.1528,-44.99
Barreiras,2026-01-08 21:00:00,26.97,58,0.0,-12.1528,-44.99
Barreiras,2026-01-09 00:00:00,22.76,61,0.0,-12.1528,-44.99
Barreiras,2026-01-09 03:00:00,21.46,64,0.0,-12.1528,-44.99
Barreiras,2026-01-09 06:00:00,22.86,65,0.0,-12.1528,-44.99
Barreiras,2026-01-09 09:00:00,22.14,75,0.0,-12.1528,-44.99
Barreiras,2026-01-09 12:00:00,27.82,55,0.0,-12.1528,-44.99
Barreiras,2026-01-09 15:00:00,32.43,41,0.0,-12.1528,-44.99
Barreiras,2026-01-09 18:00:00,30.39,50,0.0,-12.1528,-44.99
Barreiras,2026-01-09 21:00:00,25.45,61,26.0,-12.1528,-44.99
Barreiras,2026-01-10 00:00:00,22.94,70,0.0,-12.1528,-44.99
Barreiras,2026-01-10 03:00:00,22.34,72,0.0,-12.1528,-44.99
Barreiras,2026-01-10 06:00:00,21.63,78,23.0,-12.1528,-44.99
Barreiras,2026-01-10 09:00:00,19.85,85,0.0,-12.1528,-44.99
Barreiras,2026-01-10 12:00:00,27.16,58,0.0,-12.1528,-44.99
Barreiras,2026-01-10 15:00:00,33.03,41,0.0,-12.1528,-44.99
Barreiras,2026-01-10 18:00:00,31.2,51,0.0,-12.1528,-44.99
Barreiras,2026-01-10 21:00:00,27.4,56,4.0,-12.1528,-44.99
Barreiras,2026-01-11 00:00:00,24.01,69,35.0,-12.1528,-44.99
Barreiras,2026-01-11 03:00:00,20.65,88,99.0,-12.1528,-44.99
Barreiras,2026-01-11 06:00:00,20.9,88,72.0,-12.1528,-44.99
Barreiras,2026-01-11 09:00:00,19.89,91,0.0,-12.1528,-44.99
Balsas,2026-01-06 12:00:00,23.24,83,6.0,-7.5325,-46.0356
Balsas,2026-01-06 15:00:00,26.4,72,91.0,-7.5325,-46.0356
Balsas,2026-01-06 18:00:00,28.22,67,100.0,-7.5325,-46.0356
Balsas,2026-01-06 21:00:00,24.9,83,29.0,-7.5325,-46.0356
Balsas,2026-01-07 00:00:00,24.09,82,24.0,-7.5325,-46.0356
Balsas,2026-01-07 03:00:00,23.7,83,0.0,-7.5325,-46.0356
Balsas,2026-01-07 06:00:00,23.18,86,0.0,-7.5325,-46.0356
Balsas,2026-01-07 09:00:00,22.08,89,0.0,-7.5325,-46.0356
Balsas,2026-01-07 12:00:00,26.73,68,0.0,-7.5325,-46.0356
Balsas,2026-01-07 15:00:00,30.54,54,61.0,-7.5325,-46.0356
Balsas,2026-01-07 18:00:00,30.51,59,100.0,-7.5325,-46.0356
Balsas,2026-01-07 21:00:00,26.08,80,89.0,-7.5325,-46.0356
Balsas,2026-01-08 00:00:00,25.2,82,24.0,-7.5325,-46.0356
Balsas,2026-01-08 03:00:00,23.2,88,0.0,-7.5325,-46.0356
Balsas,2026-01-08 06:00:00,22.72,89,0.0,-7.5325,-46.0356
Balsas,2026-01-08 09:00:00,22.2,91,47.0,-7.5325,-46.0356
Balsas,2026-01-08 12:00:00,26.39,77,100.0,-7.5325,-46.0356
Balsas,2026-01-08 15:00:00,30.96,44,20.0,-7.5325,-46.0356
Balsas,2026-01-08 18:00:00,31.83,45,0.0,-7.5325,-46.0356
Balsas,2026-01-08 21:00:00,27.08,73,10.0,-7.5325,-46.0356
Balsas,2026-01-09 00:00:00,23.71,83,7.0,-7.5325,-46.0356
Balsas,2026-01-09 03:00:00,22.65,85,0.0,-7.5325,-46.0356
Balsas,2026-01-09 06:00:00,22.02,85,0.0,-7.5325,-46.0356
Balsas,2026-01-09 09:00:00,21.84,85,0.0,-7.5325,-46.0356
Balsas,2026-01-09 12:00:00,25.08,76,27.0,-7.5325,-46.0356
Balsas,2026-01-09 15:00:00,30.39,54,90.0,-7.5325,-46.0356
Balsas,2026-01-09 18:00:00,27.86,70,72.0,-7.5325,-46.0356
Balsas,2026-01-09 21:00:00,26.6,75,51.0,-7.5325,-46.0356
Balsas,2026-01-10 00:00:00,24.73,81,100.0,-7.5325,-46.0356
Balsas,2026-01-10 03:00:00,23.06,85,0.0,-7.5325,-46.0356
Balsas,2026-01-10 06:00:00,21.94,90,0.0,-7.5325,-46.0356
Balsas,2026-01-10 09:00:00,22.16,89,0.0,-7.5325,-46.0356
Balsas,2026-01-10 12:00:00,25.03,82,80.0,-7.5325,-46.0356
Balsas,2026-01-10 15:00:00,31.26,51,1.0,-7.5325,-46.0356
Balsas,2026-01-10 18:00:00,30.64,54,0.0,-7.5325,-46.0356
Balsas,2026-01-10 21:00:00,27.65,69,0.0,-7.5325,-46.0356
Balsas,2026-01-11 00:00:00,24.74,77,0.0,-7.5325,-46.0356
Balsas,2026-01-11 03:00:00,24.02,79,0.0,-7.5325,-46.0356
Balsas,2026-01-11 06:00:00,22.99,80,0.0,-7.5325,-46.0356
Balsas,2026-01-11 09:00:00,22.66,79,0.0,-7.5325,-46.0356
Gurupi,2026-01-06 12:00:00,21.32,97,100.0,-11.7292,-49.0686
Gurupi,2026-01-06 15:00:00,21.85,95,0.0,-11.7292,-49.0686
Gurupi,2026-01-06 18:00:00,22.75,91,0.0,-11.7292,-49.0686
Gurupi,2026-01-06 21:00:00,22.99,89,0.0,-11.7292,-49.0686
Gurupi,2026-01-07 00:00:00,21.31,91,0.0,-11.7292,-49.0686
Gurupi,2026-01-07 03:00:00,20.67,92,0.0,-11.7292,-49.0686
Gurupi,2026-01-07 06:00:00,20.89,90,0.0,-11.7292,-49.0686
Gurupi,2026-01-07 09:00:00,20.7,87,0.0,-11.7292,-49.0686
Gurupi,2026-01-07 12:00:00,22.09,87,0.0,-11.7292,-49.0686
Gurupi,2026-01-07 15:00:00,25.7,75,0.0,-11.7292,-49.0686
Gurupi,2026-01-07 18:00:00,30.8,55,0.0,-11.7292,-49.0686
Gurupi,2026-01-07 21:00:00,22.15,98,100.0,-11.7292,-49.0686
Gurupi,2026-01-08 00:00:00,20.69,94,100.0,-11.7292,-49.0686
Gurupi,2026-01-08 03:00:00,20.56,97,100.0,-11.7292,-49.0686
Gurupi,2026-01-08 06:00:00,21.33,97,100.0,-11.7292,-49.0686
Gurupi,2026-01-08 09:00:00,21.04,96,0.0,-11.7292,-49.0686
Gurupi,2026-01-08 12:00:00,24.91,83,0.0,-11.7292,-49.0686
Gurupi,2026-01-08 15:00:00,29.74,63,0.0,-11.7292,-49.0686
Gurupi,2026-01-08 18:00:00,30.36,63,20.0,-11.7292,-49.0686
Gurupi,2026-01-08 21:00:00,27.22,78,29.0,-11.7292,-49.0686
Gurupi,2026-01-09 00:00:00,25.01,79,58.0,-11.7292,-49.0686
Gurupi,2026-01-09 03:00:00,24.22,79,20.0,-11.7292,-49.0686
Gurupi,2026-01-09 06:00:00,22.54,86,20.0,-11.7292,-49.0686
Gurupi,2026-01-09 09:00:00,21.73,91,0.0,-11.7292,-49.0686
Gurupi,2026-01-09 12:00:00,26.88,74,0.0,-11.7292,-49.0686
Gurupi,2026-01-09 15:00:00,30.73,57,0.0,-11.7292,-49.0686
Gurupi,2026-01-09 18:00:00,32.57,46,0.0,-11.7292,-49.0686
Gurupi,2026-01-09 21:00:00,28.1,67,0.0,-11.7292,-49.0686
Gurupi,2026-01-10 00:00:00,24.68,74,29.0,-11.7292,-49.0686
Gurupi,2026-01-10 03:00:00,24.28,79,42.0,-11.7292,-49.0686
Gurupi,2026-01-10 06:00:00,22.57,83,12.0,-11.7292,-49.0686
Gurupi,2026-01-10 09:00:00,21.61,85,0.0,-11.7292,-49.0686
Gurupi,2026-01-10 12:00:00,27.11,69,0.0,-11.7292,-49.0686
Gurupi,2026-01-10 15:00:00,31.03,55,0.0,-11.7292,-49.0686
Gurupi,2026-01-10 18:00:00,32.75,47,0.0,-11.7292,-49.0686
Gurupi,2026-01-10 21:00:00,25.34,77,49.0,-11.7292,-49.0686
Gurupi,2026-01-11 00:00:00,21.06,83,100.0,-11.7292,-49.0686
Gurupi,2026-01-11 03:00:00,20.78,93,47.0,-11.7292,-49.0686
Gurupi,2026-01-11 06:00:00,21.23,87,16.0,-11.7292,-49.0686
Gurupi,2026-01-11 09:00:00,20.88,91,0.0,-11.7292,-49.0686
Uruçuí,2026-01-07 12:00:00,23.93,85,100.0,-7.2294,-44.5561
Uruçuí,2026-01-07 15:00:00,29.23,60,100.0,-7.2294,-44.5561
Uruçuí,2026-01-07 18:00:00,33.67,37,72.0,-7.2294,-44.5561
Uruçuí,2026-01-07 21:00:00,27.64,65,0.0,-7.2294,-44.5561
Uruçuí,2026-01-08 00:00:00,25.87,65,0.0,-7.2294,-44.5561
Uruçuí,2026-01-08 03:00:00,25.0,69,0.0,-7.2294,-44.5561
Uruçuí,2026-01-08 06:00:00,23.66,75,0.0,-7.2294,-44.5561
Uruçuí,2026-01-08 09:00:00,22.2,89,100.0,-7.2294,-44.5561
Uruçuí,2026-01-08 12:00:00,27.23,68,91.0,-7.2294,-44.5561
Uruçuí,2026-01-08 15:00:00,29.65,58,89.0,-7.2294,-44.5561
Uruçuí,2026-01-08 18:00:00,30.78,52,83.0,-7.2294,-44.5561
Uruçuí,2026-01-08 21:00:00,26.57,74,58.0,-7.2294,-44.5561
Uruçuí,2026-01-09 00:00:00,23.76,81,45.0,-7.2294,-44.5561
Uruçuí,2026-01-09 03:00:00,23.18,82,0.0,-7.2294,-44.5561
Uruçuí,2026-01-09 06:00:00,22.76,85,0.0,-7.2294,-44.5561
Uruçuí,2026-01-09 09:00:00,21.61,93,100.0,-7.2294,-44.5561
Uruçuí,2026-01-09 12:00:00,26.91,70,100.0,-7.2294,-44.5561
Uruçuí,2026-01-09 15:00:00,32.43,43,0.0,-7.2294,-44.5561
Uruçuí,2026-01-09 18:00:00,29.4,59,0.0,-7.2294,-44.5561
Uruçuí,2026-01-09 21:00:00,28.11,63,0.0,-7.2294,-44.5561
Uruçuí,2026-01-10 00:00:00,25.38,71,0.0,-7.2294,-44.5561
Uruçuí,2026-01-10 03:00:00,24.28,73,0.0,-7.2294,-44.5561
Uruçuí,2026-01-10 06:00:00,23.32,76,0.0,-7.2294,-44.5561
Uruçuí,2026-01-10 09:00:00,23.18,76,0.0,-7.2294,-44.5561
Uruçuí,2026-01-10 12:00:00,28.63,54,0.0,-7.2294,-44.5561
Uruçuí,2026-01-10 15:00:00,32.77,40,0.0,-7.2294,-44.5561
Uruçuí,2026-01-10 18:00:00,34.23,36,0.0,-7.2294,-44.5561
Uruçuí,2026-01-10 21:00:00,28.28,60,0.0,-7.2294,-44.5561
Uruçuí,2026-01-11 00:00:00,26.1,60,0.0,-7.2294,-44.5561
Uruçuí,2026-01-11 03:00:00,24.76,65,0.0,-7.2294,-44.5561
Uruçuí,2026-01-11 06:00:00,24.98,63,0.0,-7.2294,-44.5561
Uruçuí,2026-01-11 09:00:00,23.07,73,28.0,-7.2294,-44.5561
Uruçuí,2026-01-11 12:00:00,28.11,58,3.0,-7.2294,-44.5561
Uruçuí,2026-01-11 15:00:00,32.61,38,0.0,-7.2294,-44.5561
Uruçuí,2026-01-11 18:00:00,34.3,35,0.0,-7.2294,-44.5561
Uruçuí,2026-01-11 21:00:00,28.39,59,0.0,-7.2294,-44.5561
Uruçuí,2026-01-12 00:00:00,26.89,57,0.0,-7.2294,-44.5561
Uruçuí,2026-01-12 03:00:00,25.06,63,0.0,-7.2294,-44.5561
Uruçuí,2026-01-12 06:00:00,25.48,60,0.0,-7.2294,-44.5561
Uruçuí,2026-01-12 09:00:00,23.87,68,0.0,-7.2294,-44.5561
Barreiras,2026-01-07 12:00:00,22.15,86,0.0,-12.1528,-44.99
Barreiras,2026-01-07 15:00:00,27.69,61,0.0,-12.1528,-44.99
Barreiras,2026-01-07 18:00:00,29.54,49,0.0,-12.1528,-44.99
Barreiras,2026-01-07 21:00:00,26.68,64,0.0,-12.1528,-44.99
Barreiras,2026-01-08 00:00:00,22.44,68,0.0,-12.1528,-44.99
Barreiras,2026-01-08 03:00:00,20.72,66,0.0,-12.1528,-44.99
Barreiras,2026-01-08 06:00:00,19.36,72,0.0,-12.1528,-44.99
Barreiras,2026-01-08 09:00:00,18.48,78,0.0,-12.1528,-44.99
Barreiras,2026-01-08 12:00:00,27.52,50,0.0,-12.1528,-44.99
Barreiras,2026-01-08 15:00:00,32.4,38,0.0,-12.1528,-44.99
Barreiras,2026-01-08 18:00:00,33.19,34,0.0,-12.1528,-44.99
Barreiras,2026-01-08 21:00:00,27.52,53,0.0,-12.1528,-44.99
Barreiras,2026-01-09 00:00:00,24.13,62,0.0,-12.1528,-44.99
Barreiras,2026-01-09 03:00:00,23.18,72,52.0,-12.1528,-44.99
Barreiras,2026-01-09 06:00:00,21.44,83,57.0,-12.1528,-44.99
Barreiras,2026-01-09 09:00:00,19.84,89,0.0,-12.1528,-44.99
Barreiras,2026-01-09 12:00:00,27.25,55,0.0,-12.1528,-44.99
Barreiras,2026-01-09 15:00:00,32.44,37,0.0,-12.1528,-44.99
Barreiras,2026-01-09 18:00:00,33.47,33,0.0,-12.1528,-44.99
Barreiras,2026-01-09 21:00:00,27.96,54,0.0,-12.1528,-44.99
Barreiras,2026-01-10 00:00:00,22.96,72,0.0,-12.1528,-44.99
Barreiras,2026-01-10 03:00:00,21.35,74,0.0,-12.1528,-44.99
Barreiras,2026-01-10 06:00:00,20.45,74,0.0,-12.1528,-44.99
Barreiras,2026-01-10 09:00:00,19.51,79,0.0,-12.1528,-44.99
Barreiras,2026-01-10 12:00:00,27.95,48,0.0,-12.1528,-44.99
Barreiras,2026-01-10 15:00:00,33.12,34,0.0,-12.1528,-44.99
Barreiras,2026-01-10 18:00:00,32.99,34,0.0,-12.1528,-44.99
Barreiras,2026-01-10 21:00:00,27.38,52,0.0,-12.1528,-44.99
Barreiras,2026-01-11 00:00:00,22.43,78,35.0,-12.1528,-44.99
Barreiras,2026-01-11 03:00:00,21.11,90,100.0,-12.1528,-44.99
Barreiras,2026-01-11 06:00:00,19.58,91,87.0,-12.1528,-44.99
Barreiras,2026-01-11 09:00:00,18.9,91,0.0,-12.1528,-44.99
Barreiras,2026-01-11 12:00:00,26.57,59,0.0,-12.1528,-44.99
Barreiras,2026-01-11 15:00:00,31.9,40,0.0,-12.1528,-44.99
Barreiras,2026-01-11 18:00:00,33.73,34,0.0,-12.1528,-44.99
Barreiras,2026-01-11 21:00:00,28.75,50,0.0,-12.1528,-44.99
Barreiras,2026-01-12 00:00:00,24.29,62,0.0,-12.1528,-44.99
Barreiras,2026-01-12 03:00:00,22.54,72,20.0,-12.1528,-44.99
Barreiras,2026-01-12 06:00:00,20.87,79,0.0,-12.1528,-44.99
Barreiras,2026-01-12 09:00:00,20.37,81,0.0,-12.1528,-44.99
Balsas,2026-01-07 12:00:00,24.95,76,3.0,-7.5325,-46.0356
Balsas,2026-01-07 15:00:00,27.1,72,100.0,-7.5325,-46.0356
Balsas,2026-01-07 18:00:00,28.45,67,100.0,-7.5325,-46.0356
Balsas,2026-01-07 21:00:00,26.7,75,30.0,-7.5325,-46.0356
Balsas,2026-01-08 00:00:00,25.72,78,37.0,-7.5325,-46.0356
Balsas,2026-01-08 03:00:00,23.96,85,0.0,-7.5325,-46.0356
Balsas,2026-01-08 06:00:00,22.88,89,0.0,-7.5325,-46.0356
Balsas,2026-01-08 09:00:00,21.82,93,0.0,-7.5325,-46.0356
Balsas,2026-01-08 12:00:00,27.16,71,100.0,-7.5325,-46.0356
Balsas,2026-01-08 15:00:00,31.26,44,58.0,-7.5325,-46.0356
Balsas,2026-01-08 18:00:00,32.04,42,18.0,-7.5325,-46.0356
Balsas,2026-01-08 21:00:00,26.19,75,1.0,-7.5325,-46.0356
Balsas,2026-01-09 00:00:00,23.27,90,100.0,-7.5325,-46.0356
Balsas,2026-01-09 03:00:00,22.4,90,20.0,-7.5325,-46.0356
Balsas,2026-01-09 06:00:00,21.55,91,0.0,-7.5325,-46.0356
Balsas,2026-01-09 09:00:00,21.71,90,0.0,-7.5325,-46.0356
Balsas,2026-01-09 12:00:00,26.45,72,63.0,-7.5325,-46.0356
Balsas,2026-01-09 15:00:00,30.38,53,75.0,-7.5325,-46.0356
Balsas,2026-01-09 18:00:00,28.84,62,50.0,-7.5325,-46.0356
Balsas,2026-01-09 21:00:00,27.07,65,0.0,-7.5325,-46.0356
Balsas,2026-01-10 00:00:00,24.55,75,0.0,-7.5325,-46.0356
Balsas,2026-01-10 03:00:00,23.16,81,0.0,-7.5325,-46.0356
Balsas,2026-01-10 06:00:00,22.32,84,0.0,-7.5325,-46.0356
Balsas,2026-01-10 09:00:00,21.69,87,0.0,-7.5325,-46.0356
Balsas,2026-01-10 12:00:00,25.53,74,37.0,-7.5325,-46.0356
Balsas,2026-01-10 15:00:00,31.65,46,26.0,-7.5325,-46.0356
Balsas,2026-01-10 18:00:00,33.22,40,0.0,-7.5325,-46.0356
Balsas,2026-01-10 21:00:00,28.67,60,0.0,-7.5325,-46.0356
Balsas,2026-01-11 00:00:00,23.98,79,100.0,-7.5325,-46.0356
Balsas,2026-01-11 03:00:00,22.97,82,0.0,-7.5325,-46.0356
Balsas,2026-01-11 06:00:00,22.36,85,0.0,-7.5325,-46.0356
Balsas,2026-01-11 09:00:00,21.73,91,100.0,-7.5325,-46.0356
Balsas,2026-01-11 12:00:00,26.66,71,99.0,-7.5325,-46.0356
Balsas,2026-01-11 15:00:00,31.28,50,99.0,-7.5325,-46.0356
Balsas,2026-01-11 18:00:00,30.07,55,91.0,-7.5325,-46.0356
Balsas,2026-01-11 21:00:00,27.74,68,0.0,-7.5325,-46.0356
Balsas,2026-01-12 00:00:00,25.67,76,0.0,-7.5325,-46.0356
Balsas,2026-01-12 03:00:00,23.64,84,0.0,-7.5325,-46.0356
Balsas,2026-01-12 06:00:00,22.96,86,0.0,-7.5325,-46.0356
Balsas,2026-01-12 09:00:00,21.81,94,100.0,-7.5325,-46.0356
Gurupi,2026-01-07 12:00:00,21.69,95,46.0,-11.7292,-49.0686
Gurupi,2026-01-07 15:00:00,26.07,76,67.0,-11.7292,-49.0686
Gurupi,2026-01-07 18:00:00,29.23,64,100.0,-11.7292,-49.0686
Gurupi,2026-01-07 21:00:00,25.24,83,100.0,-11.7292,-49.0686
Gurupi,2026-01-08 00:00:00,22.78,91,100.0,-11.7292,-49.0686
Gurupi,2026-01-08 03:00:00,22.07,96,100.0,-11.7292,-49.0686
Gurupi,2026-01-08 06:00:00,21.89,94,80.0,-11.7292,-49.0686
Gurupi,2026-01-08 09:00:00,21.2,96,0.0,-11.7292,-49.0686
Gurupi,2026-01-08 12:00:00,25.5,80,0.0,-11.7292,-49.0686
Gurupi,2026-01-08 15:00:00,30.16,60,0.0,-11.7292,-49.0686
Gurupi,2026-01-08 18:00:00,32.09,47,0.0,-11.7292,-49.0686
Gurupi,2026-01-08 21:00:00,27.74,71,0.0,-11.7292,-49.0686
Gurupi,2026-01-09 00:00:00,24.35,73,0.0,-11.7292,-49.0686
Gurupi,2026-01-09 03:00:00,23.31,76,0.0,-11.7292,-49.0686
Gurupi,2026-01-09 06:00:00,21.93,82,0.0,-11.7292,-49.0686
Gurupi,2026-01-09 09:00:00,21.13,89,0.0,-11.7292,-49.0686
Gurupi,2026-01-09 12:00:00,26.7,69,20.0,-11.7292,-49.0686
Gurupi,2026-01-09 15:00:00,31.08,52,0.0,-11.7292,-49.0686
Gurupi,2026-01-09 18:00:00,33.08,44,0.0,-11.7292,-49.0686
Gurupi,2026-01-09 21:00:00,25.08,78,38.0,-11.7292,-49.0686
Gurupi,2026-01-10 00:00:00,23.41,84,100.0,-11.7292,-49.0686
Gurupi,2026-01-10 03:00:00,21.79,88,20.0,-11.7292,-49.0686
Gurupi,2026-01-10 06:00:00,21.31,89,0.0,-11.7292,-49.0686
Gurupi,2026-01-10 09:00:00,21.01,92,0.0,-11.7292,-49.0686
Gurupi,2026-01-10 12:00:00,26.86,71,0.0,-11.7292,-49.0686
Gurupi,2026-01-10 15:00:00,31.63,47,0.0,-11.7292,-49.0686
Gurupi,2026-01-10 18:00:00,33.12,43,0.0,-11.7292,-49.0686
Gurupi,2026-01-10 21:00:00,30.45,60,0.0,-11.7292,-49.0686
Gurupi,2026-01-11 00:00:00,23.71,84,81.0,-11.7292,-49.0686
Gurupi,2026-01-11 03:00:00,22.66,88,40.0,-11.7292,-49.0686
Gurupi,2026-01-11 06:00:00,21.75,93,42.0,-11.7292,-49.0686
Gurupi,2026-01-11 09:00:00,21.35,94,0.0,-11.7292,-49.0686
Gurupi,2026-01-11 12:00:00,26.06,72,0.0,-11.7292,-49.0686
Gurupi,2026-01-11 15:00:00,31.32,52,0.0,-11.7292,-49.0686
Gurupi,2026-01-11 18:00:00,33.22,44,0.0,-11.7292,-49.0686
Gurupi,2026-01-11 21:00:00,29.45,61,0.0,-11.7292,-49.0686
Gurupi,2026-01-12 00:00:00,24.05,79,66.0,-11.7292,-49.0686
Gurupi,2026-01-12 03:00:00,23.2,79,27.0,-11.7292,-49.0686
Gurupi,2026-01-12 06:00:00,21.9,84,26.0,-11.7292,-49.0686
Gurupi,2026-01-12 09:00:00,21.13,90,74.0,-11.7292,-49.0686
Uruçuí,2026-01-08 12:00:00,24.75,61,0.0,-7.2294,-44.5561
Uruçuí,2026-01-08 15:00:00,28.83,46,0.0,-7.2294,-44.5561
Uruçuí,2026-01-08 18:00:00,32.66,36,0.0,-7.2294,-44.5561
Uruçuí,2026-01-08 21:00:00,27.8,59,0.0,-7.2294,-44.5561
Uruçuí,2026-01-09 00:00:00,25.43,59,0.0,-7.2294,-44.5561
Uruçuí,2026-01-09 03:00:00,24.21,63,0.0,-7.2294,-44.5561
Uruçuí,2026-01-09 06:00:00,24.79,61,0.0,-7.2294,-44.5561
Uruçuí,2026-01-09 09:00:00,23.68,70,0.0,-7.2294,-44.5561
Uruçuí,2026-01-09 12:00:00,27.53,66,0.0,-7.2294,-44.5561
Uruçuí,2026-01-09 15:00:00,31.39,49,64.0,-7.2294,-44.5561
Uruçuí,2026-01-09 18:00:00,29.36,59,44.0,-7.2294,-44.5561
Uruçuí,2026-01-09 21:00:00,27.03,68,0.0,-7.2294,-44.5561
Uruçuí,2026-01-10 00:00:00,25.02,69,0.0,-7.2294,-44.5561
Uruçuí,2026-01-10 03:00:00,23.99,73,0.0,-7.2294,-44.5561
Uruçuí,2026-01-10 06:00:00,23.04,78,0.0,-7.2294,-44.5561
Uruçuí,2026-01-10 09:00:00,22.96,81,77.0,-7.2294,-44.5561
Uruçuí,2026-01-10 12:00:00,27.52,61,58.0,-7.2294,-44.5561
Uruçuí,2026-01-10 15:00:00,31.34,45,0.0,-7.2294,-44.5561
Uruçuí,2026-01-10 18:00:00,32.43,41,0.0,-7.2294,-44.5561
Uruçuí,2026-01-10 21:00:00,27.9,59,0.0,-7.2294,-44.5561
Uruçuí,2026-01-11 00:00:00,25.6,66,0.0,-7.2294,-44.5561
Uruçuí,2026-01-11 03:00:00,24.49,70,0.0,-7.2294,-44.5561
Uruçuí,2026-01-11 06:00:00,24.06,74,24.0,-7.2294,-44.5561
Uruçuí,2026-01-11 09:00:00,23.14,82,93.0,-7.2294,-44.5561
Uruçuí,2026-01-11 12:00:00,25.96,70,70.0,-7.2294,-44.5561
Uruçuí,2026-01-11 15:00:00,31.69,46,0.0,-7.2294,-44.5561
Uruçuí,2026-01-11 18:00:00,33.32,40,0.0,-7.2294,-44.5561
Uruçuí,2026-01-11 21:00:00,27.85,65,0.0,-7.2294,-44.5561
Uruçuí,2026-01-12 00:00:00,25.64,69,0.0,-7.2294,-44.5561
Uruçuí,2026-01-12 03:00:00,24.28,73,0.0,-7.2294,-44.5561
Uruçuí,2026-01-12 06:00:00,23.37,74,0.0,-7.2294,-44.5561
Uruçuí,2026-01-12 09:00:00,24.04,74,32.0,-7.2294,-44.5561
Uruçuí,2026-01-12 12:00:00,29.03,58,0.0,-7.2294,-44.5561
Uruçuí,2026-01-12 15:00:00,32.68,45,0.0,-7.2294,-44.5561
Uruçuí,2026-01-12 18:00:00,29.52,62,0.0,-7.2294,-44.5561
Uruçuí,2026-01-12 21:00:00,28.7,63,0.0,-7.2294,-44.5561
Uruçuí,2026-01-13 00:00:00,25.93,66,0.0,-7.2294,-44.5561
Uruçuí,2026-01-13 03:00:00,25.68,67,0.0,-7.2294,-44.5561
Uruçuí,2026-01-13 06:00:00,25.16,68,0.0,-7.2294,-44.5561
Uruçuí,2026-01-13 09:00:00,23.86,73,2.0,-7.2294,-44.5561
Barreiras,2026-01-08 12:00:00,20.65,67,0.0,-12.1528,-44.99
Barreiras,2026-01-08 15:00:00,26.77,50,0.0,-12.1528,-44.99
Barreiras,2026-01-08 18:00:00,32.17,35,0.0,-12.1528,-44.99
Barreiras,2026-01-08 21:00:00,27.12,59,0.0,-12.1528,-44.99
Barreiras,2026-01-09 00:00:00,23.0,68,0.0,-12.1528,-44.99
Barreiras,2026-01-09 03:00:00,21.87,72,0.0,-12.1528,-44.99
Barreiras,2026-01-09 06:00:00,21.75,77,0.0,-12.1528,-44.99
Barreiras,2026-01-09 09:00:00,20.64,83,0.0,-12.1528,-44.99
Barreiras,2026-01-09 12:00:00,27.86,55,0.0,-12.1528,-44.99
Barreiras,2026-01-09 15:00:00,32.38,40,0.0,-12.1528,-44.99
Barreiras,2026-01-09 18:00:00,32.8,37,0.0,-12.1528,-44.99
Barreiras,2026-01-09 21:00:00,27.94,58,0.0,-12.1528,-44.99
Barreiras,2026-01-10 00:00:00,23.23,71,0.0,-12.1528,-44.99
Barreiras,2026-01-10 03:00:00,22.83,78,65.0,-12.1528,-44.99
Barreiras,2026-01-10 06:00:00,21.82,82,46.0,-12.1528,-44.99
Barreiras,2026-01-10 09:00:00,19.96,85,0.0,-12.1528,-44.99
Barreiras,2026-01-10 12:00:00,27.3,56,0.0,-12.1528,-44.99
Barreiras,2026-01-10 15:00:00,31.92,41,0.0,-12.1528,-44.99
Barreiras,2026-01-10 18:00:00,33.91,33,0.0,-12.1528,-44.99
Barreiras,2026-01-10 21:00:00,27.57,59,0.0,-12.1528,-44.99
Barreiras,2026-01-11 00:00:00,22.82,78,20.0,-12.1528,-44.99
Barreiras,2026-01-11 03:00:00,20.98,84,26.0,-12.1528,-44.99
Barreiras,2026-01-11 06:00:00,21.68,78,0.0,-12.1528,-44.99
Barreiras,2026-01-11 09:00:00,19.7,86,0.0,-12.1528,-44.99
Barreiras,2026-01-11 12:00:00,27.02,53,0.0,-12.1528,-44.99
Barreiras,2026-01-11 15:00:00,31.71,38,0.0,-12.1528,-44.99
Barreiras,2026-01-11 18:00:00,32.79,36,0.0,-12.1528,-44.99
Barreiras,2026-01-11 21:00:00,27.78,58,0.0,-12.1528,-44.99
Barreiras,2026-01-12 00:00:00,23.42,70,0.0,-12.1528,-44.99
Barreiras,2026-01-12 03:00:00,21.75,73,0.0,-12.1528,-44.99
Barreiras,2026-01-12 06:00:00,22.14,70,0.0,-12.1528,-44.99
Barreiras,2026-01-12 09:00:00,20.89,74,0.0,-12.1528,-44.99
Barreiras,2026-01-12 12:00:00,28.36,52,0.0,-12.1528,-44.99
Barreiras,2026-01-12 15:00:00,32.38,41,0.0,-12.1528,-44.99
Barreiras,2026-01-12 18:00:00,34.2,33,0.0,-12.1528,-44.99
Barreiras,2026-01-12 21:00:00,25.68,72,12.0,-12.1528,-44.99
Barreiras,2026-01-13 00:00:00,21.73,87,43.0,-12.1528,-44.99
Barreiras,2026-01-13 03:00:00,20.87,89,72.0,-12.1528,-44.99
Barreiras,2026-01-13 06:00:00,20.08,92,37.0,-12.1528,-44.99
Barreiras,2026-01-13 09:00:00,19.55,94,0.0,-12.1528,-44.99
Balsas,2026-01-08 12:00:00,23.7,71,0.0,-7.5325,-46.0356
Balsas,2026-01-08 15:00:00,28.09,54,0.0,-7.5325,-46.0356
Balsas,2026-01-08 18:00:00,32.77,35,0.0,-7.5325,-46.0356
Balsas,2026-01-08 21:00:00,28.07,55,0.0,-7.5325,-46.0356
Balsas,2026-01-09 00:00:00,24.69,58,0.0,-7.5325,-46.0356
Balsas,2026-01-09 03:00:00,23.0,67,0.0,-7.5325,-46.0356
Balsas,2026-01-09 06:00:00,22.27,72,0.0,-7.5325,-46.0356
Balsas,2026-01-09 09:00:00,22.89,70,0.0,-7.5325,-46.0356
Balsas,2026-01-09 12:00:00,24.64,67,0.0,-7.5325,-46.0356
Balsas,2026-01-09 15:00:00,32.21,43,0.0,-7.5325,-46.0356
Balsas,2026-01-09 18:00:00,29.8,56,0.0,-7.5325,-46.0356
Balsas,2026-01-09 21:00:00,26.74,72,8.0,-7.5325,-46.0356
Balsas,2026-01-10 00:00:00,24.57,78,34.0,-7.5325,-46.0356
Balsas,2026-01-10 03:00:00,23.03,84,8.0,-7.5325,-46.0356
Balsas,2026-01-10 06:00:00,22.11,87,0.0,-7.5325,-46.0356
Balsas,2026-01-10 09:00:00,21.76,88,0.0,-7.5325,-46.0356
Balsas,2026-01-10 12:00:00,26.88,69,37.0,-7.5325,-46.0356
Balsas,2026-01-10 15:00:00,31.74,48,100.0,-7.5325,-46.0356
Balsas,2026-01-10 18:00:00,32.15,44,72.0,-7.5325,-46.0356
Balsas,2026-01-10 21:00:00,28.4,62,0.0,-7.5325,-46.0356
Balsas,2026-01-11 00:00:00,25.78,65,0.0,-7.5325,-46.0356
Balsas,2026-01-11 03:00:00,23.58,74,0.0,-7.5325,-46.0356
Balsas,2026-01-11 06:00:00,22.54,79,0.0,-7.5325,-46.0356
Balsas,2026-01-11 09:00:00,21.57,85,100.0,-7.5325,-46.0356
Balsas,2026-01-11 12:00:00,27.19,65,82.0,-7.5325,-46.0356
Balsas,2026-01-11 15:00:00,30.73,51,70.0,-7.5325,-46.0356
Balsas,2026-01-11 18:00:00,31.77,46,74.0,-7.5325,-46.0356
Balsas,2026-01-11 21:00:00,28.27,63,1.0,-7.5325,-46.0356
Balsas,2026-01-12 00:00:00,25.29,76,5.0,-7.5325,-46.0356
Balsas,2026-01-12 03:00:00,23.65,83,0.0,-7.5325,-46.0356
Balsas,2026-01-12 06:00:00,23.02,84,0.0,-7.5325,-46.0356
Balsas,2026-01-12 09:00:00,21.54,92,100.0,-7.5325,-46.0356
Balsas,2026-01-12 12:00:00,26.26,75,100.0,-7.5325,-46.0356
Balsas,2026-01-12 15:00:00,29.87,58,92.0,-7.5325,-46.0356
Balsas,2026-01-12 18:00:00,29.85,56,82.0,-7.5325,-46.0356
Balsas,2026-01-12 21:00:00,27.86,69,0.0,-7.5325,-46.0356
Balsas,2026-01-13 00:00:00,24.82,78,0.0,-7.5325,-46.0356
Balsas,2026-01-13 03:00:00,23.86,82,0.0,-7.5325,-46.0356
Balsas,2026-01-13 06:00:00,24.12,80,0.0,-7.5325,-46.0356
Balsas,2026-01-13 09:00:00,23.1,87,98.0,-7.5325,-46.0356
Gurupi,2026-01-08 12:00:00,22.47,92,98.0,-11.7292,-49.0686
Gurupi,2026-01-08 15:00:00,26.91,71,100.0,-11.7292,-49.0686
Gurupi,2026-01-08 18:00:00,31.93,45,100.0,-11.7292,-49.0686
Gurupi,2026-01-08 21:00:00,28.52,66,0.0,-11.7292,-49.0686
Gurupi,2026-01-09 00:00:00,25.16,58,0.0,-11.7292,-49.0686
Gurupi,2026-01-09 03:00:00,23.04,65,0.0,-11.7292,-49.0686
Gurupi,2026-01-09 06:00:00,22.82,66,0.0,-11.7292,-49.0686
Gurupi,2026-01-09 09:00:00,21.48,77,0.0,-11.7292,-49.0686
Gurupi,2026-01-09 12:00:00,26.72,63,0.0,-11.7292,-49.0686
Gurupi,2026-01-09 15:00:00,30.52,50,0.0,-11.7292,-49.0686
Gurupi,2026-01-09 18:00:00,32.61,45,0.0,-11.7292,-49.0686
Gurupi,2026-01-09 21:00:00,26.12,68,0.0,-11.7292,-49.0686
Gurupi,2026-01-10 00:00:00,24.06,74,20.0,-11.7292,-49.0686
Gurupi,2026-01-10 03:00:00,22.17,91,100.0,-11.7292,-49.0686
Gurupi,2026-01-10 06:00:00,21.52,89,85.0,-11.7292,-49.0686
Gurupi,2026-01-10 09:00:00,21.01,92,0.0,-11.7292,-49.0686
Gurupi,2026-01-10 12:00:00,26.61,73,0.0,-11.7292,-49.0686
Gurupi,2026-01-10 15:00:00,31.4,53,0.0,-11.7292,-49.0686
Gurupi,2026-01-10 18:00:00,32.8,45,0.0,-11.7292,-49.0686
Gurupi,2026-01-10 21:00:00,27.49,65,3.0,-11.7292,-49.0686
Gurupi,2026-01-11 00:00:00,22.28,73,100.0,-11.7292,-49.0686
Gurupi,2026-01-11 03:00:00,20.96,91,72.0,-11.7292,-49.0686
Gurupi,2026-01-11 06:00:00,21.24,92,100.0,-11.7292,-49.0686
Gurupi,2026-01-11 09:00:00,20.89,92,45.0,-11.7292,-49.0686
Gurupi,2026-01-11 12:00:00,25.77,77,25.0,-11.7292,-49.0686
Gurupi,2026-01-11 15:00:00,30.98,54,0.0,-11.7292,-49.0686
Gurupi,2026-01-11 18:00:00,32.48,48,0.0,-11.7292,-49.0686
Gurupi,2026-01-11 21:00:00,28.9,66,0.0,-11.7292,-49.0686
Gurupi,2026-01-12 00:00:00,22.66,84,87.0,-11.7292,-49.0686
Gurupi,2026-01-12 03:00:00,22.37,90,100.0,-11.7292,-49.0686
Gurupi,2026-01-12 06:00:00,22.4,85,80.0,-11.7292,-49.0686
Gurupi,2026-01-12 09:00:00,21.14,92,0.0,-11.7292,-49.0686
Gurupi,2026-01-12 12:00:00,26.26,75,0.0,-11.7292,-49.0686
Gurupi,2026-01-12 15:00:00,30.98,54,0.0,-11.7292,-49.0686
Gurupi,2026-01-12 18:00:00,31.95,53,0.0,-11.7292,-49.0686
Gurupi,2026-01-12 21:00:00,23.63,84,100.0,-11.7292,-49.0686
Gurupi,2026-01-13 00:00:00,22.08,86,100.0,-11.7292,-49.0686
Gurupi,2026-01-13 03:00:00,22.04,88,37.0,-11.7292,-49.0686
Gurupi,2026-01-13 06:00:00,21.0,93,54.0,-11.7292,-49.0686
Gurupi,2026-01-13 09:00:00,20.75,91,0.0,-11.7292,-49.0686
Uruçuí,2026-01-09 12:00:00,24.99,67,0.0,-7.2294,-44.5561
Uruçuí,2026-01-09 15:00:00,29.39,51,0.0,-7.2294,-44.5561
Uruçuí,2026-01-09 18:00:00,34.15,35,0.0,-7.2294,-44.5561
Uruçuí,2026-01-09 21:00:00,29.81,49,0.0,-7.2294,-44.5561
Uruçuí,2026-01-10 00:00:00,26.51,60,0.0,-7.2294,-44.5561
Uruçuí,2026-01-10 03:00:00,24.84,67,0.0,-7.2294,-44.5561
Uruçuí,2026-01-10 06:00:00,23.81,71,0.0,-7.2294,-44.5561
Uruçuí,2026-01-10 09:00:00,24.37,66,0.0,-7.2294,-44.5561
Uruçuí,2026-01-10 12:00:00,29.05,50,0.0,-7.2294,-44.5561
Uruçuí,2026-01-10 15:00:00,30.1,46,0.0,-7.2294,-44.5561
Uruçuí,2026-01-10 18:00:00,33.16,39,0.0,-7.2294,-44.5561
Uruçuí,2026-01-10 21:00:00,28.17,56,0.0,-7.2294,-44.5561
Uruçuí,2026-01-11 00:00:00,25.42,65,0.0,-7.2294,-44.5561
Uruçuí,2026-01-11 03:00:00,24.55,68,0.0,-7.2294,-44.5561
Uruçuí,2026-01-11 06:00:00,23.63,71,0.0,-7.2294,-44.5561
Uruçuí,2026-01-11 09:00:00,22.43,80,65.0,-7.2294,-44.5561
Uruçuí,2026-01-11 12:00:00,25.85,69,28.0,-7.2294,-44.5561
Uruçuí,2026-01-11 15:00:00,30.63,49,0.0,-7.2294,-44.5561
Uruçuí,2026-01-11 18:00:00,32.4,45,0.0,-7.2294,-44.5561
Uruçuí,2026-01-11 21:00:00,27.88,60,0.0,-7.2294,-44.5561
Uruçuí,2026-01-12 00:00:00,25.43,67,0.0,-7.2294,-44.5561
Uruçuí,2026-01-12 03:00:00,24.08,71,0.0,-7.2294,-44.5561
Uruçuí,2026-01-12 06:00:00,23.3,72,0.0,-7.2294,-44.5561
Uruçuí,2026-01-12 09:00:00,23.61,73,0.0,-7.2294,-44.5561
Uruçuí,2026-01-12 12:00:00,29.46,55,0.0,-7.2294,-44.5561
Uruçuí,2026-01-12 15:00:00,33.44,41,0.0,-7.2294,-44.5561
Uruçuí,2026-01-12 18:00:00,31.51,49,0.0,-7.2294,-44.5561
Uruçuí,2026-01-12 21:00:00,28.9,59,0.0,-7.2294,-44.5561
Uruçuí,2026-01-13 00:00:00,26.36,64,0.0,-7.2294,-44.5561
Uruçuí,2026-01-13 03:00:00,26.53,62,0.0,-7.2294,-44.5561
Uruçuí,2026-01-13 06:00:00,25.97,65,0.0,-7.2294,-44.5561
Uruçuí,2026-01-13 09:00:00,23.93,70,14.0,-7.2294,-44.5561
Uruçuí,2026-01-13 12:00:00,29.83,50,0.0,-7.2294,-44.5561
Uruçuí,2026-01-13 15:00:00,33.99,37,0.0,-7.2294,-44.5561
Uruçuí,2026-01-13 18:00:00,35.95,30,0.0,-7.2294,-44.5561
Uruçuí,2026-01-13 21:00:00,30.08,46,0.0,-7.2294,-44.5561
Uruçuí,2026-01-14 00:00:00,26.63,57,0.0,-7.2294,-44.5561
Uruçuí,2026-01-14 03:00:00,24.94,64,0.0,-7.2294,-44.5561
Uruçuí,2026-01-14 06:00:00,23.65,60,0.0,-7.2294,-44.5561
Uruçuí,2026-01-14 09:00:00,22.14,63,0.0,-7.2294,-44.5561
Barreiras,2026-01-09 12:00:00,24.22,71,0.0,-12.1528,-44.99
Barreiras,2026-01-09 15:00:00,29.13,52,0.0,-12.1528,-44.99
Barreiras,2026-01-09 18:00:00,33.73,32,0.0,-12.1528,-44.99
Barreiras,2026-01-09 21:00:00,28.23,53,0.0,-12.1528,-44.99
Barreiras,2026-01-10 00:00:00,23.73,64,0.0,-12.1528,-44.99
Barreiras,2026-01-10 03:00:00,21.72,71,0.0,-12.1528,-44.99
Barreiras,2026-01-10 06:00:00,20.97,72,0.0,-12.1528,-44.99
Barreiras,2026-01-10 09:00:00,19.88,78,0.0,-12.1528,-44.99
Barreiras,2026-01-10 12:00:00,28.07,53,0.0,-12.1528,-44.99
Barreiras,2026-01-10 15:00:00,32.78,38,0.0,-12.1528,-44.99
Barreiras,2026-01-10 18:00:00,33.51,33,0.0,-12.1528,-44.99
Barreiras,2026-01-10 21:00:00,28.2,54,0.0,-12.1528,-44.99
Barreiras,2026-01-11 00:00:00,23.16,71,0.0,-12.1528,-44.99
Barreiras,2026-01-11 03:00:00,21.68,80,29.0,-12.1528,-44.99
Barreiras,2026-01-11 06:00:00,20.65,83,0.0,-12.1528,-44.99
Barreiras,2026-01-11 09:00:00,21.66,79,0.0,-12.1528,-44.99
Barreiras,2026-01-11 12:00:00,28.14,50,0.0,-12.1528,-44.99
Barreiras,2026-01-11 15:00:00,32.73,35,0.0,-12.1528,-44.99
Barreiras,2026-01-11 18:00:00,34.38,30,0.0,-12.1528,-44.99
Barreiras,2026-01-11 21:00:00,27.93,53,0.0,-12.1528,-44.99
Barreiras,2026-01-12 00:00:00,24.17,64,0.0,-12.1528,-44.99
Barreiras,2026-01-12 03:00:00,21.88,74,0.0,-12.1528,-44.99
Barreiras,2026-01-12 06:00:00,21.76,72,0.0,-12.1528,-44.99
Barreiras,2026-01-12 09:00:00,20.37,80,0.0,-12.1528,-44.99
Barreiras,2026-01-12 12:00:00,29.02,52,0.0,-12.1528,-44.99
Barreiras,2026-01-12 15:00:00,33.05,38,0.0,-12.1528,-44.99
Barreiras,2026-01-12 18:00:00,35.19,29,0.0,-12.1528,-44.99
Barreiras,2026-01-12 21:00:00,28.83,52,0.0,-12.1528,-44.99
Barreiras,2026-01-13 00:00:00,22.36,80,41.0,-12.1528,-44.99
Barreiras,2026-01-13 03:00:00,20.59,88,15.0,-12.1528,-44.99
Barreiras,2026-01-13 06:00:00,19.92,91,4.0,-12.1528,-44.99
Barreiras,2026-01-13 09:00:00,19.42,91,0.0,-12.1528,-44.99
Barreiras,2026-01-13 12:00:00,28.39,53,0.0,-12.1528,-44.99
Barreiras,2026-01-13 15:00:00,33.37,38,0.0,-12.1528,-44.99
Barreiras,2026-01-13 18:00:00,35.41,29,0.0,-12.1528,-44.99
Barreiras,2026-01-13 21:00:00,30.09,44,0.0,-12.1528,-44.99
Barreiras,2026-01-14 00:00:00,25.27,60,0.0,-12.1528,-44.99
Barreiras,2026-01-14 03:00:00,23.72,68,0.0,-12.1528,-44.99
Barreiras,2026-01-14 06:00:00,21.08,76,0.0,-12.1528,-44.99
Barreiras,2026-01-14 09:00:00,20.17,77,0.0,-12.1528,-44.99
Balsas,2026-01-09 12:00:00,23.54,69,0.0,-7.5325,-46.0356
Balsas,2026-01-09 15:00:00,28.57,53,0.0,-7.5325,-46.0356
Balsas,2026-01-09 18:00:00,30.81,51,0.0,-7.5325,-46.0356
Balsas,2026-01-09 21:00:00,27.02,70,0.0,-7.5325,-46.0356
Balsas,2026-01-10 00:00:00,24.84,76,0.0,-7.5325,-46.0356
Balsas,2026-01-10 03:00:00,24.44,78,0.0,-7.5325,-46.0356
Balsas,2026-01-10 06:00:00,22.99,81,0.0,-7.5325,-46.0356
Balsas,2026-01-10 09:00:00,22.36,83,0.0,-7.5325,-46.0356
Balsas,2026-01-10 12:00:00,25.62,75,29.0,-7.5325,-46.0356
Balsas,2026-01-10 15:00:00,30.12,48,21.0,-7.5325,-46.0356
Balsas,2026-01-10 18:00:00,32.36,45,5.0,-7.5325,-46.0356
Balsas,2026-01-10 21:00:00,28.32,58,0.0,-7.5325,-46.0356
Balsas,2026-01-11 00:00:00,25.21,65,0.0,-7.5325,-46.0356
Balsas,2026-01-11 03:00:00,23.82,71,0.0,-7.5325,-46.0356
Balsas,2026-01-11 06:00:00,22.82,76,0.0,-7.5325,-46.0356
Balsas,2026-01-11 09:00:00,22.97,75,0.0,-7.5325,-46.0356
Balsas,2026-01-11 12:00:00,26.08,69,0.0,-7.5325,-46.0356
Balsas,2026-01-11 15:00:00,27.05,66,85.0,-7.5325,-46.0356
Balsas,2026-01-11 18:00:00,31.24,49,56.0,-7.5325,-46.0356
Balsas,2026-01-11 21:00:00,27.28,67,0.0,-7.5325,-46.0356
Balsas,2026-01-12 00:00:00,25.38,72,0.0,-7.5325,-46.0356
Balsas,2026-01-12 03:00:00,23.59,79,0.0,-7.5325,-46.0356
Balsas,2026-01-12 06:00:00,22.84,82,0.0,-7.5325,-46.0356
Balsas,2026-01-12 09:00:00,22.25,84,0.0,-7.5325,-46.0356
Balsas,2026-01-12 12:00:00,24.05,84,100.0,-7.5325,-46.0356
Balsas,2026-01-12 15:00:00,31.88,49,34.0,-7.5325,-46.0356
Balsas,2026-01-12 18:00:00,30.88,54,2.0,-7.5325,-46.0356
Balsas,2026-01-12 21:00:00,26.62,76,92.0,-7.5325,-46.0356
Balsas,2026-01-13 00:00:00,24.6,83,39.0,-7.5325,-46.0356
Balsas,2026-01-13 03:00:00,23.51,85,0.0,-7.5325,-46.0356
Balsas,2026-01-13 06:00:00,23.78,82,0.0,-7.5325,-46.0356
Balsas,2026-01-13 09:00:00,22.3,91,100.0,-7.5325,-46.0356
Balsas,2026-01-13 12:00:00,25.9,78,100.0,-7.5325,-46.0356
Balsas,2026-01-13 15:00:00,32.71,42,15.0,-7.5325,-46.0356
Balsas,2026-01-13 18:00:00,34.51,36,0.0,-7.5325,-46.0356
Balsas,2026-01-13 21:00:00,28.35,60,0.0,-7.5325,-46.0356
Balsas,2026-01-14 00:00:00,25.43,75,0.0,-7.5325,-46.0356
Balsas,2026-01-14 03:00:00,23.97,80,0.0,-7.5325,-46.0356
Balsas,2026-01-14 06:00:00,23.01,82,0.0,-7.5325,-46.0356
Balsas,2026-01-14 09:00:00,22.02,86,0.0,-7.5325,-46.0356
Gurupi,2026-01-09 12:00:00,23.21,84,0.0,-11.7292,-49.0686
Gurupi,2026-01-09 15:00:00,27.36,64,0.0,-11.7292,-49.0686
Gurupi,2026-01-09 18:00:00,32.35,43,0.0,-11.7292,-49.0686
Gurupi,2026-01-09 21:00:00,29.44,62,0.0,-11.7292,-49.0686
Gurupi,2026-01-10 00:00:00,26.28,63,0.0,-11.7292,-49.0686
Gurupi,2026-01-10 03:00:00,24.14,75,20.0,-11.7292,-49.0686
Gurupi,2026-01-10 06:00:00,22.76,81,5.0,-11.7292,-49.0686
Gurupi,2026-01-10 09:00:00,22.16,84,0.0,-11.7292,-49.0686
Gurupi,2026-01-10 12:00:00,26.97,67,0.0,-11.7292,-49.0686
Gurupi,2026-01-10 15:00:00,31.51,48,0.0,-11.7292,-49.0686
Gurupi,2026-01-10 18:00:00,32.83,44,0.0,-11.7292,-49.0686
Gurupi,2026-01-10 21:00:00,29.46,62,0.0,-11.7292,-49.0686
Gurupi,2026-01-11 00:00:00,26.31,63,0.0,-11.7292,-49.0686
Gurupi,2026-01-11 03:00:00,22.08,86,100.0,-11.7292,-49.0686
Gurupi,2026-01-11 06:00:00,22.28,89,100.0,-11.7292,-49.0686
Gurupi,2026-01-11 09:00:00,21.56,88,5.0,-11.7292,-49.0686
Gurupi,2026-01-11 12:00:00,26.99,69,20.0,-11.7292,-49.0686
Gurupi,2026-01-11 15:00:00,31.65,51,0.0,-11.7292,-49.0686
Gurupi,2026-01-11 18:00:00,33.44,42,0.0,-11.7292,-49.0686
Gurupi,2026-01-11 21:00:00,27.04,66,0.0,-11.7292,-49.0686
Gurupi,2026-01-12 00:00:00,22.38,84,100.0,-11.7292,-49.0686
Gurupi,2026-01-12 03:00:00,22.45,85,22.0,-11.7292,-49.0686
Gurupi,2026-01-12 06:00:00,20.99,91,100.0,-11.7292,-49.0686
Gurupi,2026-01-12 09:00:00,20.92,91,52.0,-11.7292,-49.0686
Gurupi,2026-01-12 12:00:00,26.21,75,28.0,-11.7292,-49.0686
Gurupi,2026-01-12 15:00:00,31.51,53,0.0,-11.7292,-49.0686
Gurupi,2026-01-12 18:00:00,33.28,43,0.0,-11.7292,-49.0686
Gurupi,2026-01-12 21:00:00,23.46,84,100.0,-11.7292,-49.0686
Gurupi,2026-01-13 00:00:00,22.02,89,100.0,-11.7292,-49.0686
Gurupi,2026-01-13 03:00:00,21.67,91,100.0,-11.7292,-49.0686
Gurupi,2026-01-13 06:00:00,20.5,94,99.0,-11.7292,-49.0686
Gurupi,2026-01-13 09:00:00,20.09,93,0.0,-11.7292,-49.0686
Gurupi,2026-01-13 12:00:00,25.59,72,0.0,-11.7292,-49.0686
Gurupi,2026-01-13 15:00:00,31.21,52,0.0,-11.7292,-49.0686
Gurupi,2026-01-13 18:00:00,32.34,51,0.0,-11.7292,-49.0686
Gurupi,2026-01-13 21:00:00,23.06,78,98.0,-11.7292,-49.0686
Gurupi,2026-01-14 00:00:00,22.03,75,100.0,-11.7292,-49.0686
Gurupi,2026-01-14 03:00:00,21.85,85,0.0,-11.7292,-49.0686
Gurupi,2026-01-14 06:00:00,21.03,90,9.0,-11.7292,-49.0686
Gurupi,2026-01-14 09:00:00,20.69,91,100.0,-11.7292,-49.0686
Uruçuí,2026-01-10 12:00:00,24.47,64,0.0,-7.2294,-44.5561
Uruçuí,2026-01-10 15:00:00,28.63,52,0.0,-7.2294,-44.5561
Uruçuí,2026-01-10 18:00:00,34.09,35,0.0,-7.2294,-44.5561
Uruçuí,2026-01-10 21:00:00,28.54,55,0.0,-7.2294,-44.5561
Uruçuí,2026-01-11 00:00:00,25.19,63,0.0,-7.2294,-44.5561
Uruçuí,2026-01-11 03:00:00,24.28,66,0.0,-7.2294,-44.5561
Uruçuí,2026-01-11 06:00:00,23.93,65,0.0,-7.2294,-44.5561
Uruçuí,2026-01-11 09:00:00,24.51,64,0.0,-7.2294,-44.5561
Uruçuí,2026-01-11 12:00:00,25.43,66,0.0,-7.2294,-44.5561
Uruçuí,2026-01-11 15:00:00,32.6,44,0.0,-7.2294,-44.5561
Uruçuí,2026-01-11 18:00:00,33.05,41,0.0,-7.2294,-44.5561
Uruçuí,2026-01-11 21:00:00,27.7,64,0.0,-7.2294,-44.5561
Uruçuí,2026-01-12 00:00:00,25.46,68,0.0,-7.2294,-44.5561
Uruçuí,2026-01-12 03:00:00,24.93,69,0.0,-7.2294,-44.5561
Uruçuí,2026-01-12 06:00:00,23.53,73,0.0,-7.2294,-44.5561
Uruçuí,2026-01-12 09:00:00,22.66,79,54.0,-7.2294,-44.5561
Uruçuí,2026-01-12 12:00:00,28.85,57,26.0,-7.2294,-44.5561
Uruçuí,2026-01-12 15:00:00,33.52,39,0.0,-7.2294,-44.5561
Uruçuí,2026-01-12 18:00:00,35.51,32,0.0,-7.2294,-44.5561
Uruçuí,2026-01-12 21:00:00,28.91,55,0.0,-7.2294,-44.5561
Uruçuí,2026-01-13 00:00:00,25.04,73,0.0,-7.2294,-44.5561
Uruçuí,2026-01-13 03:00:00,24.1,76,0.0,-7.2294,-44.5561
Uruçuí,2026-01-13 06:00:00,23.42,79,0.0,-7.2294,-44.5561
Uruçuí,2026-01-13 09:00:00,22.91,82,52.0,-7.2294,-44.5561
Uruçuí,2026-01-13 12:00:00,29.11,60,34.0,-7.2294,-44.5561
Uruçuí,2026-01-13 15:00:00,33.62,39,0.0,-7.2294,-44.5561
Uruçuí,2026-01-13 18:00:00,34.98,33,0.0,-7.2294,-44.5561
Uruçuí,2026-01-13 21:00:00,30.25,45,0.0,-7.2294,-44.5561
Uruçuí,2026-01-14 00:00:00,26.71,50,0.0,-7.2294,-44.5561
Uruçuí,2026-01-14 03:00:00,24.71,52,0.0,-7.2294,-44.5561
Uruçuí,2026-01-14 06:00:00,22.91,53,0.0,-7.2294,-44.5561
Uruçuí,2026-01-14 09:00:00,21.86,54,0.0,-7.2294,-44.5561
Uruçuí,2026-01-14 12:00:00,29.19,44,0.0,-7.2294,-44.5561
Uruçuí,2026-01-14 15:00:00,34.03,35,0.0,-7.2294,-44.5561
Uruçuí,2026-01-14 18:00:00,34.96,34,0.0,-7.2294,-44.5561
Uruçuí,2026-01-14 21:00:00,29.81,49,0.0,-7.2294,-44.5561
Uruçuí,2026-01-15 00:00:00,25.81,64,0.0,-7.2294,-44.5561
Uruçuí,2026-01-15 03:00:00,24.44,68,0.0,-7.2294,-44.5561
Uruçuí,2026-01-15 06:00:00,23.45,69,0.0,-7.2294,-44.5561
Uruçuí,2026-01-15 09:00:00,22.48,57,0.0,-7.2294,-44.5561
Barreiras,2026-01-10 12:00:00,22.46,67,0.0,-12.1528,-44.99
Barreiras,2026-01-10 15:00:00,28.64,47,0.0,-12.1528,-44.99
Barreiras,2026-01-10 18:00:00,29.67,49,0.0,-12.1528,-44.99
Barreiras,2026-01-10 21:00:00,23.02,83,76.0,-12.1528,-44.99
Barreiras,2026-01-11 00:00:00,23.04,81,56.0,-12.1528,-44.99
Barreiras,2026-01-11 03:00:00,21.1,88,0.0,-12.1528,-44.99
Barreiras,2026-01-11 06:00:00,20.12,87,0.0,-12.1528,-44.99
Barreiras,2026-01-11 09:00:00,20.84,80,0.0,-12.1528,-44.99
Barreiras,2026-01-11 12:00:00,28.03,50,0.0,-12.1528,-44.99
Barreiras,2026-01-11 15:00:00,32.72,37,0.0,-12.1528,-44.99
Barreiras,2026-01-11 18:00:00,32.61,37,0.0,-12.1528,-44.99
Barreiras,2026-01-11 21:00:00,26.56,60,1.0,-12.1528,-44.99
Barreiras,2026-01-12 00:00:00,24.58,62,0.0,-12.1528,-44.99
Barreiras,2026-01-12 03:00:00,21.32,73,0.0,-12.1528,-44.99
Barreiras,2026-01-12 06:00:00,20.47,77,0.0,-12.1528,-44.99
Barreiras,2026-01-12 09:00:00,19.95,79,0.0,-12.1528,-44.99
Barreiras,2026-01-12 12:00:00,28.57,51,0.0,-12.1528,-44.99
Barreiras,2026-01-12 15:00:00,33.0,39,0.0,-12.1528,-44.99
Barreiras,2026-01-12 18:00:00,31.9,42,0.0,-12.1528,-44.99
Barreiras,2026-01-12 21:00:00,28.56,57,1.0,-12.1528,-44.99
Barreiras,2026-01-13 00:00:00,22.4,81,22.0,-12.1528,-44.99
Barreiras,2026-01-13 03:00:00,22.24,84,28.0,-12.1528,-44.99
Barreiras,2026-01-13 06:00:00,20.45,90,37.0,-12.1528,-44.99
Barreiras,2026-01-13 09:00:00,19.88,93,0.0,-12.1528,-44.99
Barreiras,2026-01-13 12:00:00,27.9,58,0.0,-12.1528,-44.99
Barreiras,2026-01-13 15:00:00,33.84,36,0.0,-12.1528,-44.99
Barreiras,2026-01-13 18:00:00,35.43,28,0.0,-12.1528,-44.99
Barreiras,2026-01-13 21:00:00,28.64,52,23.0,-12.1528,-44.99
Barreiras,2026-01-14 00:00:00,23.65,66,0.0,-12.1528,-44.99
Barreiras,2026-01-14 03:00:00,21.81,71,0.0,-12.1528,-44.99
Barreiras,2026-01-14 06:00:00,20.86,75,0.0,-12.1528,-44.99
Barreiras,2026-01-14 09:00:00,19.72,77,0.0,-12.1528,-44.99
Barreiras,2026-01-14 12:00:00,28.55,46,0.0,-12.1528,-44.99
Barreiras,2026-01-14 15:00:00,34.0,33,0.0,-12.1528,-44.99
Barreiras,2026-01-14 18:00:00,35.39,27,0.0,-12.1528,-44.99
Barreiras,2026-01-14 21:00:00,29.76,44,0.0,-12.1528,-44.99
Barreiras,2026-01-15 00:00:00,24.8,56,0.0,-12.1528,-44.99
Barreiras,2026-01-15 03:00:00,22.11,66,0.0,-12.1528,-44.99
Barreiras,2026-01-15 06:00:00,21.4,68,0.0,-12.1528,-44.99
Barreiras,2026-01-15 09:00:00,20.02,75,0.0,-12.1528,-44.99
Balsas,2026-01-10 12:00:00,24.15,78,0.0,-7.5325,-46.0356
Balsas,2026-01-10 15:00:00,27.99,60,0.0,-7.5325,-46.0356
Balsas,2026-01-10 18:00:00,32.5,42,0.0,-7.5325,-46.0356
Balsas,2026-01-10 21:00:00,28.06,62,0.0,-7.5325,-46.0356
Balsas,2026-01-11 00:00:00,25.0,66,0.0,-7.5325,-46.0356
Balsas,2026-01-11 03:00:00,23.72,72,0.0,-7.5325,-46.0356
Balsas,2026-01-11 06:00:00,22.79,75,0.0,-7.5325,-46.0356
Balsas,2026-01-11 09:00:00,23.03,74,0.0,-7.5325,-46.0356
Balsas,2026-01-11 12:00:00,25.01,72,0.0,-7.5325,-46.0356
Balsas,2026-01-11 15:00:00,31.12,47,0.0,-7.5325,-46.0356
Balsas,2026-01-11 18:00:00,32.09,45,0.0,-7.5325,-46.0356
Balsas,2026-01-11 21:00:00,26.88,71,20.0,-7.5325,-46.0356
Balsas,2026-01-12 00:00:00,23.76,84,100.0,-7.5325,-46.0356
Balsas,2026-01-12 03:00:00,22.59,87,35.0,-7.5325,-46.0356
Balsas,2026-01-12 06:00:00,21.93,89,15.0,-7.5325,-46.0356
Balsas,2026-01-12 09:00:00,21.95,89,0.0,-7.5325,-46.0356
Balsas,2026-01-12 12:00:00,26.06,76,100.0,-7.5325,-46.0356
Balsas,2026-01-12 15:00:00,30.02,56,39.0,-7.5325,-46.0356
Balsas,2026-01-12 18:00:00,30.28,56,31.0,-7.5325,-46.0356
Balsas,2026-01-12 21:00:00,25.42,81,64.0,-7.5325,-46.0356
Balsas,2026-01-13 00:00:00,24.36,82,38.0,-7.5325,-46.0356
Balsas,2026-01-13 03:00:00,23.1,86,0.0,-7.5325,-46.0356
Balsas,2026-01-13 06:00:00,22.37,88,0.0,-7.5325,-46.0356
Balsas,2026-01-13 09:00:00,21.6,92,59.0,-7.5325,-46.0356
Balsas,2026-01-13 12:00:00,26.85,74,100.0,-7.5325,-46.0356
Balsas,2026-01-13 15:00:00,32.16,47,25.0,-7.5325,-46.0356
Balsas,2026-01-13 18:00:00,32.25,46,7.0,-7.5325,-46.0356
Balsas,2026-01-13 21:00:00,27.36,73,0.0,-7.5325,-46.0356
Balsas,2026-01-14 00:00:00,24.81,76,0.0,-7.5325,-46.0356
Balsas,2026-01-14 03:00:00,23.74,80,0.0,-7.5325,-46.0356
Balsas,2026-01-14 06:00:00,22.73,83,0.0,-7.5325,-46.0356
Balsas,2026-01-14 09:00:00,21.67,87,0.0,-7.5325,-46.0356
Balsas,2026-01-14 12:00:00,28.36,54,0.0,-7.5325,-46.0356
Balsas,2026-01-14 15:00:00,31.96,40,0.0,-7.5325,-46.0356
Balsas,2026-01-14 18:00:00,34.27,36,0.0,-7.5325,-46.0356
Balsas,2026-01-14 21:00:00,29.23,53,0.0,-7.5325,-46.0356
Balsas,2026-01-15 00:00:00,25.37,66,0.0,-7.5325,-46.0356
Balsas,2026-01-15 03:00:00,24.08,72,0.0,-7.5325,-46.0356
Balsas,2026-01-15 06:00:00,22.97,77,0.0,-7.5325,-46.0356
Balsas,2026-01-15 09:00:00,22.08,81,0.0,-7.5325,-46.0356
Gurupi,2026-01-10 12:00:00,23.81,79,0.0,-11.7292,-49.0686
Gurupi,2026-01-10 15:00:00,28.28,63,0.0,-11.7292,-49.0686
Gurupi,2026-01-10 18:00:00,33.04,44,0.0,-11.7292,-49.0686
Gurupi,2026-01-10 21:00:00,29.13,62,0.0,-11.7292,-49.0686
Gurupi,2026-01-11 00:00:00,27.47,55,0.0,-11.7292,-49.0686
Gurupi,2026-01-11 03:00:00,23.34,76,20.0,-11.7292,-49.0686
Gurupi,2026-01-11 06:00:00,23.29,75,0.0,-11.7292,-49.0686
Gurupi,2026-01-11 09:00:00,21.77,81,0.0,-11.7292,-49.0686
Gurupi,2026-01-11 12:00:00,26.44,69,0.0,-11.7292,-49.0686
Gurupi,2026-01-11 15:00:00,31.39,53,0.0,-11.7292,-49.0686
Gurupi,2026-01-11 18:00:00,32.17,52,0.0,-11.7292,-49.0686
Gurupi,2026-01-11 21:00:00,25.67,75,81.0,-11.7292,-49.0686
Gurupi,2026-01-12 00:00:00,23.14,81,83.0,-11.7292,-49.0686
Gurupi,2026-01-12 03:00:00,21.47,90,100.0,-11.7292,-49.0686
Gurupi,2026-01-12 06:00:00,22.02,89,80.0,-11.7292,-49.0686
Gurupi,2026-01-12 09:00:00,21.39,91,48.0,-11.7292,-49.0686
Gurupi,2026-01-12 12:00:00,25.93,73,34.0,-11.7292,-49.0686
Gurupi,2026-01-12 15:00:00,31.08,55,0.0,-11.7292,-49.0686
Gurupi,2026-01-12 18:00:00,31.12,59,0.0,-11.7292,-49.0686
Gurupi,2026-01-12 21:00:00,25.36,78,46.0,-11.7292,-49.0686
Gurupi,2026-01-13 00:00:00,23.53,80,55.0,-11.7292,-49.0686
Gurupi,2026-01-13 03:00:00,22.31,87,100.0,-11.7292,-49.0686
Gurupi,2026-01-13 06:00:00,21.54,92,79.0,-11.7292,-49.0686
Gurupi,2026-01-13 09:00:00,21.13,93,0.0,-11.7292,-49.0686
Gurupi,2026-01-13 12:00:00,26.09,74,0.0,-11.7292,-49.0686
Gurupi,2026-01-13 15:00:00,30.98,54,0.0,-11.7292,-49.0686
Gurupi,2026-01-13 18:00:00,33.11,46,0.0,-11.7292,-49.0686
Gurupi,2026-01-13 21:00:00,22.64,93,100.0,-11.7292,-49.0686
Gurupi,2026-01-14 00:00:00,23.0,83,100.0,-11.7292,-49.0686
Gurupi,2026-01-14 03:00:00,21.23,91,0.0,-11.7292,-49.0686
Gurupi,2026-01-14 06:00:00,21.71,89,0.0,-11.7292,-49.0686
Gurupi,2026-01-14 09:00:00,20.46,89,0.0,-11.7292,-49.0686
Gurupi,2026-01-14 12:00:00,24.93,75,0.0,-11.7292,-49.0686
Gurupi,2026-01-14 15:00:00,30.36,56,0.0,-11.7292,-49.0686
Gurupi,2026-01-14 18:00:00,31.57,50,0.0,-11.7292,-49.0686
Gurupi,2026-01-14 21:00:00,28.74,65,0.0,-11.7292,-49.0686
Gurupi,2026-01-15 00:00:00,25.66,64,0.0,-11.7292,-49.0686
Gurupi,2026-01-15 03:00:00,24.48,67,0.0,-11.7292,-49.0686
Gurupi,2026-01-15 06:00:00,22.72,79,0.0,-11.7292,-49.0686
Gurupi,2026-01-15 09:00:00,22.2,82,0.0,-11.7292,-49.0686
Uruçuí,2026-01-11 12:00:00,23.66,78,20.0,-7.2294,-44.5561
Uruçuí,2026-01-11 15:00:00,25.97,68,8.0,-7.2294,-44.5561
Uruçuí,2026-01-11 18:00:00,32.73,43,0.0,-7.2294,-44.5561
Uruçuí,2026-01-11 21:00:00,28.1,58,0.0,-7.2294,-44.5561
Uruçuí,2026-01-12 00:00:00,25.1,67,0.0,-7.2294,-44.5561
Uruçuí,2026-01-12 03:00:00,24.12,71,0.0,-7.2294,-44.5561
Uruçuí,2026-01-12 06:00:00,23.2,74,0.0,-7.2294,-44.5561
Uruçuí,2026-01-12 09:00:00,22.51,80,0.0,-7.2294,-44.5561
Uruçuí,2026-01-12 12:00:00,28.35,62,20.0,-7.2294,-44.5561
Uruçuí,2026-01-12 15:00:00,33.44,40,0.0,-7.2294,-44.5561
Uruçuí,2026-01-12 18:00:00,29.22,57,0.0,-7.2294,-44.5561
Uruçuí,2026-01-12 21:00:00,29.14,55,0.0,-7.2294,-44.5561
Uruçuí,2026-01-13 00:00:00,25.66,66,0.0,-7.2294,-44.5561
Uruçuí,2026-01-13 03:00:00,25.56,67,0.0,-7.2294,-44.5561
Uruçuí,2026-01-13 06:00:00,23.57,76,0.0,-7.2294,-44.5561
Uruçuí,2026-01-13 09:00:00,21.82,88,98.0,-7.2294,-44.5561
Uruçuí,2026-01-13 12:00:00,28.79,59,80.0,-7.2294,-44.5561
Uruçuí,2026-01-13 15:00:00,34.09,38,0.0,-7.2294,-44.5561
Uruçuí,2026-01-13 18:00:00,35.61,30,0.0,-7.2294,-44.5561
Uruçuí,2026-01-13 21:00:00,30.67,41,0.0,-7.2294,-44.5561
Uruçuí,2026-01-14 00:00:00,26.92,50,0.0,-7.2294,-44.5561
Uruçuí,2026-01-14 03:00:00,26.56,55,0.0,-7.2294,-44.5561
Uruçuí,2026-01-14 06:00:00,23.76,69,0.0,-7.2294,-44.5561
Uruçuí,2026-01-14 09:00:00,23.54,54,0.0,-7.2294,-44.5561
Uruçuí,2026-01-14 12:00:00,29.19,49,0.0,-7.2294,-44.5561
Uruçuí,2026-01-14 15:00:00,34.23,36,0.0,-7.2294,-44.5561
Uruçuí,2026-01-14 18:00:00,35.8,29,0.0,-7.2294,-44.5561
Uruçuí,2026-01-14 21:00:00,30.58,41,0.0,-7.2294,-44.5561
Uruçuí,2026-01-15 00:00:00,27.0,43,0.0,-7.2294,-44.5561
Uruçuí,2026-01-15 03:00:00,24.37,44,0.0,-7.2294,-44.5561
Uruçuí,2026-01-15 06:00:00,23.69,47,0.0,-7.2294,-44.5561
Uruçuí,2026-01-15 09:00:00,23.17,50,0.0,-7.2294,-44.5561
Uruçuí,2026-01-15 12:00:00,28.98,43,0.0,-7.2294,-44.5561
Uruçuí,2026-01-15 15:00:00,32.63,41,0.0,-7.2294,-44.5561
Uruçuí,2026-01-15 18:00:00,33.77,38,0.0,-7.2294,-44.5561
Uruçuí,2026-01-15 21:00:00,29.19,54,0.0,-7.2294,-44.5561
Uruçuí,2026-01-16 00:00:00,26.49,61,0.0,-7.2294,-44.5561
Uruçuí,2026-01-16 03:00:00,25.15,66,0.0,-7.2294,-44.5561
Uruçuí,2026-01-16 06:00:00,25.18,65,0.0,-7.2294,-44.5561
Uruçuí,2026-01-16 09:00:00,25.46,64,0.0,-7.2294,-44.5561
Barreiras,2026-01-11 12:00:00,21.99,66,0.0,-12.1528,-44.99
Barreiras,2026-01-11 15:00:00,28.4,49,0.0,-12.1528,-44.99
Barreiras,2026-01-11 18:00:00,33.22,33,0.0,-12.1528,-44.99
Barreiras,2026-01-11 21:00:00,27.95,47,0.0,-12.1528,-44.99
Barreiras,2026-01-12 00:00:00,25.29,52,0.0,-12.1528,-44.99
Barreiras,2026-01-12 03:00:00,23.68,59,0.0,-12.1528,-44.99
Barreiras,2026-01-12 06:00:00,21.88,66,0.0,-12.1528,-44.99
Barreiras,2026-01-12 09:00:00,20.76,72,0.0,-12.1528,-44.99
Barreiras,2026-01-12 12:00:00,28.59,48,0.0,-12.1528,-44.99
Barreiras,2026-01-12 15:00:00,32.95,38,0.0,-12.1528,-44.99
Barreiras,2026-01-12 18:00:00,32.84,36,0.0,-12.1528,-44.99
Barreiras,2026-01-12 21:00:00,27.02,63,0.0,-12.1528,-44.99
Barreiras,2026-01-13 00:00:00,23.58,72,0.0,-12.1528,-44.99
Barreiras,2026-01-13 03:00:00,21.51,81,2.0,-12.1528,-44.99
Barreiras,2026-01-13 06:00:00,21.25,83,0.0,-12.1528,-44.99
Barreiras,2026-01-13 09:00:00,20.47,85,0.0,-12.1528,-44.99
Barreiras,2026-01-13 12:00:00,28.05,53,0.0,-12.1528,-44.99
Barreiras,2026-01-13 15:00:00,34.15,34,0.0,-12.1528,-44.99
Barreiras,2026-01-13 18:00:00,34.99,29,0.0,-12.1528,-44.99
Barreiras,2026-01-13 21:00:00,27.23,55,0.0,-12.1528,-44.99
Barreiras,2026-01-14 00:00:00,22.66,73,0.0,-12.1528,-44.99
Barreiras,2026-01-14 03:00:00,21.71,77,0.0,-12.1528,-44.99
Barreiras,2026-01-14 06:00:00,20.13,83,0.0,-12.1528,-44.99
Barreiras,2026-01-14 09:00:00,19.25,83,0.0,-12.1528,-44.99
Barreiras,2026-01-14 12:00:00,28.57,45,0.0,-12.1528,-44.99
Barreiras,2026-01-14 15:00:00,34.07,30,0.0,-12.1528,-44.99
Barreiras,2026-01-14 18:00:00,35.56,25,0.0,-12.1528,-44.99
Barreiras,2026-01-14 21:00:00,30.23,38,0.0,-12.1528,-44.99
Barreiras,2026-01-15 00:00:00,24.18,56,0.0,-12.1528,-44.99
Barreiras,2026-01-15 03:00:00,22.77,58,0.0,-12.1528,-44.99
Barreiras,2026-01-15 06:00:00,20.63,64,0.0,-12.1528,-44.99
Barreiras,2026-01-15 09:00:00,19.89,69,0.0,-12.1528,-44.99
Barreiras,2026-01-15 12:00:00,28.86,41,0.0,-12.1528,-44.99
Barreiras,2026-01-15 15:00:00,34.26,26,0.0,-12.1528,-44.99
Barreiras,2026-01-15 18:00:00,35.99,23,0.0,-12.1528,-44.99
Barreiras,2026-01-15 21:00:00,31.0,34,0.0,-12.1528,-44.99
Barreiras,2026-01-16 00:00:00,24.18,55,0.0,-12.1528,-44.99
Barreiras,2026-01-16 03:00:00,25.6,48,0.0,-12.1528,-44.99
Barreiras,2026-01-16 06:00:00,23.81,53,0.0,-12.1528,-44.99
Barreiras,2026-01-16 09:00:00,23.17,61,0.0,-12.1528,-44.99
Balsas,2026-01-11 12:00:00,23.33,83,0.0,-7.5325,-46.0356
Balsas,2026-01-11 15:00:00,28.71,61,42.0,-7.5325,-46.0356
Balsas,2026-01-11 18:00:00,30.7,48,40.0,-7.5325,-46.0356
Balsas,2026-01-11 21:00:00,27.78,66,17.0,-7.5325,-46.0356
Balsas,2026-01-12 00:00:00,24.68,77,37.0,-7.5325,-46.0356
Balsas,2026-01-12 03:00:00,23.6,82,0.0,-7.5325,-46.0356
Balsas,2026-01-12 06:00:00,22.69,85,0.0,-7.5325,-46.0356
Balsas,2026-01-12 09:00:00,23.11,83,0.0,-7.5325,-46.0356
Balsas,2026-01-12 12:00:00,26.77,71,70.0,-7.5325,-46.0356
Balsas,2026-01-12 15:00:00,29.04,61,100.0,-7.5325,-46.0356
Balsas,2026-01-12 18:00:00,30.9,52,80.0,-7.5325,-46.0356
Balsas,2026-01-12 21:00:00,27.87,66,43.0,-7.5325,-46.0356
Balsas,2026-01-13 00:00:00,25.07,80,7.0,-7.5325,-46.0356
Balsas,2026-01-13 03:00:00,23.75,84,0.0,-7.5325,-46.0356
Balsas,2026-01-13 06:00:00,22.85,86,0.0,-7.5325,-46.0356
Balsas,2026-01-13 09:00:00,21.39,95,100.0,-7.5325,-46.0356
Balsas,2026-01-13 12:00:00,27.83,68,100.0,-7.5325,-46.0356
Balsas,2026-01-13 15:00:00,32.12,48,68.0,-7.5325,-46.0356
Balsas,2026-01-13 18:00:00,29.55,60,37.0,-7.5325,-46.0356
Balsas,2026-01-13 21:00:00,27.14,71,0.0,-7.5325,-46.0356
Balsas,2026-01-14 00:00:00,25.37,74,0.0,-7.5325,-46.0356
Balsas,2026-01-14 03:00:00,23.9,79,0.0,-7.5325,-46.0356
Balsas,2026-01-14 06:00:00,22.63,84,0.0,-7.5325,-46.0356
Balsas,2026-01-14 09:00:00,21.98,88,0.0,-7.5325,-46.0356
Balsas,2026-01-14 12:00:00,28.81,51,0.0,-7.5325,-46.0356
Balsas,2026-01-14 15:00:00,32.61,41,0.0,-7.5325,-46.0356
Balsas,2026-01-14 18:00:00,33.89,39,0.0,-7.5325,-46.0356
Balsas,2026-01-14 21:00:00,29.71,56,0.0,-7.5325,-46.0356
Balsas,2026-01-15 00:00:00,27.56,60,0.0,-7.5325,-46.0356
Balsas,2026-01-15 03:00:00,24.34,76,0.0,-7.5325,-46.0356
Balsas,2026-01-15 06:00:00,22.52,85,0.0,-7.5325,-46.0356
Balsas,2026-01-15 09:00:00,22.47,85,0.0,-7.5325,-46.0356
Balsas,2026-01-15 12:00:00,28.09,44,0.0,-7.5325,-46.0356
Balsas,2026-01-15 15:00:00,31.87,38,0.0,-7.5325,-46.0356
Balsas,2026-01-15 18:00:00,34.53,33,0.0,-7.5325,-46.0356
Balsas,2026-01-15 21:00:00,30.33,48,0.0,-7.5325,-46.0356
Balsas,2026-01-16 00:00:00,26.25,59,0.0,-7.5325,-46.0356
Balsas,2026-01-16 03:00:00,25.04,64,0.0,-7.5325,-46.0356
Balsas,2026-01-16 06:00:00,23.46,74,0.0,-7.5325,-46.0356
Balsas,2026-01-16 09:00:00,24.42,73,0.0,-7.5325,-46.0356
Gurupi,2026-01-11 12:00:00,22.78,86,0.0,-11.7292,-49.0686
Gurupi,2026-01-11 15:00:00,28.16,64,0.0,-11.7292,-49.0686
Gurupi,2026-01-11 18:00:00,32.92,44,0.0,-11.7292,-49.0686
Gurupi,2026-01-11 21:00:00,25.78,77,0.0,-11.7292,-49.0686
Gurupi,2026-01-12 00:00:00,23.53,83,60.0,-11.7292,-49.0686
Gurupi,2026-01-12 03:00:00,22.5,89,93.0,-11.7292,-49.0686
Gurupi,2026-01-12 06:00:00,22.07,88,63.0,-11.7292,-49.0686
Gurupi,2026-01-12 09:00:00,21.47,92,0.0,-11.7292,-49.0686
Gurupi,2026-01-12 12:00:00,26.82,69,0.0,-11.7292,-49.0686
Gurupi,2026-01-12 15:00:00,31.93,50,0.0,-11.7292,-49.0686
Gurupi,2026-01-12 18:00:00,30.61,58,0.0,-11.7292,-49.0686
Gurupi,2026-01-12 21:00:00,27.57,71,38.0,-11.7292,-49.0686
Gurupi,2026-01-13 00:00:00,23.87,79,27.0,-11.7292,-49.0686
Gurupi,2026-01-13 03:00:00,22.05,91,100.0,-11.7292,-49.0686
Gurupi,2026-01-13 06:00:00,21.03,95,80.0,-11.7292,-49.0686
Gurupi,2026-01-13 09:00:00,20.25,91,0.0,-11.7292,-49.0686
Gurupi,2026-01-13 12:00:00,25.45,74,0.0,-11.7292,-49.0686
Gurupi,2026-01-13 15:00:00,31.39,52,0.0,-11.7292,-49.0686
Gurupi,2026-01-13 18:00:00,31.42,57,0.0,-11.7292,-49.0686
Gurupi,2026-01-13 21:00:00,29.38,64,6.0,-11.7292,-49.0686
Gurupi,2026-01-14 00:00:00,23.99,83,62.0,-11.7292,-49.0686
Gurupi,2026-01-14 03:00:00,22.96,87,20.0,-11.7292,-49.0686
Gurupi,2026-01-14 06:00:00,21.83,91,0.0,-11.7292,-49.0686
Gurupi,2026-01-14 09:00:00,21.6,89,0.0,-11.7292,-49.0686
Gurupi,2026-01-14 12:00:00,26.61,70,0.0,-11.7292,-49.0686
Gurupi,2026-01-14 15:00:00,32.28,47,0.0,-11.7292,-49.0686
Gurupi,2026-01-14 18:00:00,34.7,35,0.0,-11.7292,-49.0686
Gurupi,2026-01-14 21:00:00,31.61,49,0.0,-11.7292,-49.0686
Gurupi,2026-01-15 00:00:00,27.14,49,0.0,-11.7292,-49.0686
Gurupi,2026-01-15 03:00:00,25.46,54,0.0,-11.7292,-49.0686
Gurupi,2026-01-15 06:00:00,23.84,63,0.0,-11.7292,-49.0686
Gurupi,2026-01-15 09:00:00,22.96,67,0.0,-11.7292,-49.0686
Gurupi,2026-01-15 12:00:00,28.88,52,0.0,-11.7292,-49.0686
Gurupi,2026-01-15 15:00:00,33.47,39,0.0,-11.7292,-49.0686
Gurupi,2026-01-15 18:00:00,35.51,31,0.0,-11.7292,-49.0686
Gurupi,2026-01-15 21:00:00,31.19,45,0.0,-11.7292,-49.0686
Gurupi,2026-01-16 00:00:00,28.18,45,0.0,-11.7292,-49.0686
Gurupi,2026-01-16 03:00:00,26.92,49,0.0,-11.7292,-49.0686
Gurupi,2026-01-16 06:00:00,24.13,57,0.0,-11.7292,-49.0686
Gurupi,2026-01-16 09:00:00,23.51,59,0.0,-11.7292,-49.0686
Uruçuí,2026-01-12 12:00:00,25.04,69,0.0,-7.2294,-44.5561
Uruçuí,2026-01-12 15:00:00,29.44,55,0.0,-7.2294,-44.5561
Uruçuí,2026-01-12 18:00:00,33.08,41,0.0,-7.2294,-44.5561
Uruçuí,2026-01-12 21:00:00,27.7,62,0.0,-7.2294,-44.5561
Uruçuí,2026-01-13 00:00:00,26.86,59,0.0,-7.2294,-44.5561
Uruçuí,2026-01-13 03:00:00,26.21,63,0.0,-7.2294,-44.5561
Uruçuí,2026-01-13 06:00:00,25.84,66,0.0,-7.2294,-44.5561
Uruçuí,2026-01-13 09:00:00,24.82,70,48.0,-7.2294,-44.5561
Uruçuí,2026-01-13 12:00:00,29.02,55,38.0,-7.2294,-44.5561
Uruçuí,2026-01-13 15:00:00,31.14,48,0.0,-7.2294,-44.5561
Uruçuí,2026-01-13 18:00:00,33.55,39,0.0,-7.2294,-44.5561
Uruçuí,2026-01-13 21:00:00,28.4,62,0.0,-7.2294,-44.5561
Uruçuí,2026-01-14 00:00:00,26.31,62,0.0,-7.2294,-44.5561
Uruçuí,2026-01-14 03:00:00,25.18,64,0.0,-7.2294,-44.5561
Uruçuí,2026-01-14 06:00:00,23.88,69,0.0,-7.2294,-44.5561
Uruçuí,2026-01-14 09:00:00,23.44,67,0.0,-7.2294,-44.5561
Uruçuí,2026-01-14 12:00:00,28.92,44,0.0,-7.2294,-44.5561
Uruçuí,2026-01-14 15:00:00,32.98,37,0.0,-7.2294,-44.5561
Uruçuí,2026-01-14 18:00:00,34.44,35,0.0,-7.2294,-44.5561
Uruçuí,2026-01-14 21:00:00,29.85,52,0.0,-7.2294,-44.5561
Uruçuí,2026-01-15 00:00:00,26.05,69,0.0,-7.2294,-44.5561
Uruçuí,2026-01-15 03:00:00,24.72,76,0.0,-7.2294,-44.5561
Uruçuí,2026-01-15 06:00:00,23.76,67,0.0,-7.2294,-44.5561
Uruçuí,2026-01-15 09:00:00,22.95,61,0.0,-7.2294,-44.5561
Uruçuí,2026-01-15 12:00:00,26.54,56,0.0,-7.2294,-44.5561
Uruçuí,2026-01-15 15:00:00,31.54,42,0.0,-7.2294,-44.5561
Uruçuí,2026-01-15 18:00:00,31.86,43,0.0,-7.2294,-44.5561
Uruçuí,2026-01-15 21:00:00,28.13,57,0.0,-7.2294,-44.5561
Uruçuí,2026-01-16 00:00:00,25.22,69,0.0,-7.2294,-44.5561
Uruçuí,2026-01-16 03:00:00,23.84,70,0.0,-7.2294,-44.5561
Uruçuí,2026-01-16 06:00:00,24.32,66,0.0,-7.2294,-44.5561
Uruçuí,2026-01-16 09:00:00,22.88,74,0.0,-7.2294,-44.5561
Uruçuí,2026-01-16 12:00:00,29.88,47,0.0,-7.2294,-44.5561
Uruçuí,2026-01-16 15:00:00,33.45,40,0.0,-7.2294,-44.5561
Uruçuí,2026-01-16 18:00:00,31.1,52,0.0,-7.2294,-44.5561
Uruçuí,2026-01-16 21:00:00,28.32,65,0.0,-7.2294,-44.5561
Uruçuí,2026-01-17 00:00:00,24.88,81,0.0,-7.2294,-44.5561
Uruçuí,2026-01-17 03:00:00,23.87,81,0.0,-7.2294,-44.5561
Uruçuí,2026-01-17 06:00:00,23.29,81,0.0,-7.2294,-44.5561
Uruçuí,2026-01-17 09:00:00,22.27,86,32.0,-7.2294,-44.5561
Barreiras,2026-01-12 12:00:00,21.44,87,100.0,-12.1528,-44.99
Barreiras,2026-01-12 15:00:00,27.78,61,0.0,-12.1528,-44.99
Barreiras,2026-01-12 18:00:00,33.18,37,0.0,-12.1528,-44.99
Barreiras,2026-01-12 21:00:00,26.56,64,0.0,-12.1528,-44.99
Barreiras,2026-01-13 00:00:00,23.03,75,0.0,-12.1528,-44.99
Barreiras,2026-01-13 03:00:00,22.96,75,0.0,-12.1528,-44.99
Barreiras,2026-01-13 06:00:00,21.01,88,0.0,-12.1528,-44.99
Barreiras,2026-01-13 09:00:00,20.0,94,0.0,-12.1528,-44.99
Barreiras,2026-01-13 12:00:00,28.05,57,0.0,-12.1528,-44.99
Barreiras,2026-01-13 15:00:00,32.52,39,0.0,-12.1528,-44.99
Barreiras,2026-01-13 18:00:00,34.06,33,0.0,-12.1528,-44.99
Barreiras,2026-01-13 21:00:00,28.63,54,0.0,-12.1528,-44.99
Barreiras,2026-01-14 00:00:00,23.33,59,0.0,-12.1528,-44.99
Barreiras,2026-01-14 03:00:00,21.95,56,0.0,-12.1528,-44.99
Barreiras,2026-01-14 06:00:00,20.37,63,0.0,-12.1528,-44.99
Barreiras,2026-01-14 09:00:00,19.53,68,0.0,-12.1528,-44.99
Barreiras,2026-01-14 12:00:00,27.83,42,0.0,-12.1528,-44.99
Barreiras,2026-01-14 15:00:00,32.98,26,0.0,-12.1528,-44.99
Barreiras,2026-01-14 18:00:00,34.22,25,0.0,-12.1528,-44.99
Barreiras,2026-01-14 21:00:00,28.08,46,0.0,-12.1528,-44.99
Barreiras,2026-01-15 00:00:00,23.51,54,0.0,-12.1528,-44.99
Barreiras,2026-01-15 03:00:00,21.1,57,0.0,-12.1528,-44.99
Barreiras,2026-01-15 06:00:00,20.24,60,0.0,-12.1528,-44.99
Barreiras,2026-01-15 09:00:00,19.47,66,0.0,-12.1528,-44.99
Barreiras,2026-01-15 12:00:00,27.4,47,0.0,-12.1528,-44.99
Barreiras,2026-01-15 15:00:00,33.1,34,0.0,-12.1528,-44.99
Barreiras,2026-01-15 18:00:00,34.82,28,0.0,-12.1528,-44.99
Barreiras,2026-01-15 21:00:00,29.06,48,0.0,-12.1528,-44.99
Barreiras,2026-01-16 00:00:00,24.75,62,0.0,-12.1528,-44.99
Barreiras,2026-01-16 03:00:00,24.38,62,0.0,-12.1528,-44.99
Barreiras,2026-01-16 06:00:00,23.16,66,0.0,-12.1528,-44.99
Barreiras,2026-01-16 09:00:00,21.06,73,0.0,-12.1528,-44.99
Barreiras,2026-01-16 12:00:00,28.23,49,0.0,-12.1528,-44.99
Barreiras,2026-01-16 15:00:00,33.69,32,0.0,-12.1528,-44.99
Barreiras,2026-01-16 18:00:00,35.36,28,0.0,-12.1528,-44.99
Barreiras,2026-01-16 21:00:00,29.51,43,0.0,-12.1528,-44.99
Barreiras,2026-01-17 00:00:00,25.22,53,0.0,-12.1528,-44.99
Barreiras,2026-01-17 03:00:00,23.59,61,0.0,-12.1528,-44.99
Barreiras,2026-01-17 06:00:00,24.49,59,0.0,-12.1528,-44.99
Barreiras,2026-01-17 09:00:00,20.59,73,0.0,-12.1528,-44.99
Balsas,2026-01-12 12:00:00,24.63,77,25.0,-7.5325,-46.0356
Balsas,2026-01-12 15:00:00,27.64,63,45.0,-7.5325,-46.0356
Balsas,2026-01-12 18:00:00,28.73,63,2.0,-7.5325,-46.0356
Balsas,2026-01-12 21:00:00,26.62,73,52.0,-7.5325,-46.0356
Balsas,2026-01-13 00:00:00,24.35,79,22.0,-7.5325,-46.0356
Balsas,2026-01-13 03:00:00,23.41,82,0.0,-7.5325,-46.0356
Balsas,2026-01-13 06:00:00,22.98,85,0.0,-7.5325,-46.0356
Balsas,2026-01-13 09:00:00,22.61,90,98.0,-7.5325,-46.0356
Balsas,2026-01-13 12:00:00,25.43,80,100.0,-7.5325,-46.0356
Balsas,2026-01-13 15:00:00,32.14,47,100.0,-7.5325,-46.0356
Balsas,2026-01-13 18:00:00,29.25,63,78.0,-7.5325,-46.0356
Balsas,2026-01-13 21:00:00,26.66,75,30.0,-7.5325,-46.0356
Balsas,2026-01-14 00:00:00,25.03,77,10.0,-7.5325,-46.0356
Balsas,2026-01-14 03:00:00,23.76,80,0.0,-7.5325,-46.0356
Balsas,2026-01-14 06:00:00,22.91,82,0.0,-7.5325,-46.0356
Balsas,2026-01-14 09:00:00,22.33,85,19.0,-7.5325,-46.0356
Balsas,2026-01-14 12:00:00,28.91,52,4.0,-7.5325,-46.0356
Balsas,2026-01-14 15:00:00,32.7,38,0.0,-7.5325,-46.0356
Balsas,2026-01-14 18:00:00,34.2,35,0.0,-7.5325,-46.0356
Balsas,2026-01-14 21:00:00,29.61,55,0.0,-7.5325,-46.0356
Balsas,2026-01-15 00:00:00,25.87,70,0.0,-7.5325,-46.0356
Balsas,2026-01-15 03:00:00,24.21,80,0.0,-7.5325,-46.0356
Balsas,2026-01-15 06:00:00,23.34,82,0.0,-7.5325,-46.0356
Balsas,2026-01-15 09:00:00,23.02,83,0.0,-7.5325,-46.0356
Balsas,2026-01-15 12:00:00,28.61,50,0.0,-7.5325,-46.0356
Balsas,2026-01-15 15:00:00,32.28,40,0.0,-7.5325,-46.0356
Balsas,2026-01-15 18:00:00,33.41,38,0.0,-7.5325,-46.0356
Balsas,2026-01-15 21:00:00,28.09,58,0.0,-7.5325,-46.0356
Balsas,2026-01-16 00:00:00,25.09,66,0.0,-7.5325,-46.0356
Balsas,2026-01-16 03:00:00,24.78,67,0.0,-7.5325,-46.0356
Balsas,2026-01-16 06:00:00,23.08,73,0.0,-7.5325,-46.0356
Balsas,2026-01-16 09:00:00,23.54,72,0.0,-7.5325,-46.0356
Balsas,2026-01-16 12:00:00,27.39,63,36.0,-7.5325,-46.0356
Balsas,2026-01-16 15:00:00,32.68,42,20.0,-7.5325,-46.0356
Balsas,2026-01-16 18:00:00,29.93,57,10.0,-7.5325,-46.0356
Balsas,2026-01-16 21:00:00,28.58,64,0.0,-7.5325,-46.0356
Balsas,2026-01-17 00:00:00,25.79,72,0.0,-7.5325,-46.0356
Balsas,2026-01-17 03:00:00,24.25,79,0.0,-7.5325,-46.0356
Balsas,2026-01-17 06:00:00,23.18,83,0.0,-7.5325,-46.0356
Balsas,2026-01-17 09:00:00,22.23,87,0.0,-7.5325,-46.0356
Gurupi,2026-01-12 12:00:00,22.92,84,91.0,-11.7292,-49.0686
Gurupi,2026-01-12 15:00:00,27.49,68,100.0,-11.7292,-49.0686
Gurupi,2026-01-12 18:00:00,31.26,52,100.0,-11.7292,-49.0686
Gurupi,2026-01-12 21:00:00,22.87,83,99.0,-11.7292,-49.0686
Gurupi,2026-01-13 00:00:00,20.9,94,100.0,-11.7292,-49.0686
Gurupi,2026-01-13 03:00:00,22.29,80,42.0,-11.7292,-49.0686
Gurupi,2026-01-13 06:00:00,21.33,88,27.0,-11.7292,-49.0686
Gurupi,2026-01-13 09:00:00,20.96,94,0.0,-11.7292,-49.0686
Gurupi,2026-01-13 12:00:00,25.25,75,0.0,-11.7292,-49.0686
Gurupi,2026-01-13 15:00:00,30.82,55,0.0,-11.7292,-49.0686
Gurupi,2026-01-13 18:00:00,32.11,51,0.0,-11.7292,-49.0686
Gurupi,2026-01-13 21:00:00,28.17,65,0.0,-11.7292,-49.0686
Gurupi,2026-01-14 00:00:00,25.18,71,20.0,-11.7292,-49.0686
Gurupi,2026-01-14 03:00:00,22.19,88,100.0,-11.7292,-49.0686
Gurupi,2026-01-14 06:00:00,21.82,94,100.0,-11.7292,-49.0686
Gurupi,2026-01-14 09:00:00,21.15,94,0.0,-11.7292,-49.0686
Gurupi,2026-01-14 12:00:00,25.79,73,0.0,-11.7292,-49.0686
Gurupi,2026-01-14 15:00:00,31.34,51,0.0,-11.7292,-49.0686
Gurupi,2026-01-14 18:00:00,33.53,41,0.0,-11.7292,-49.0686
Gurupi,2026-01-14 21:00:00,29.66,59,0.0,-11.7292,-49.0686
Gurupi,2026-01-15 00:00:00,25.7,61,0.0,-11.7292,-49.0686
Gurupi,2026-01-15 03:00:00,25.0,65,20.0,-11.7292,-49.0686
Gurupi,2026-01-15 06:00:00,23.25,68,0.0,-11.7292,-49.0686
Gurupi,2026-01-15 09:00:00,21.8,71,0.0,-11.7292,-49.0686
Gurupi,2026-01-15 12:00:00,27.22,57,0.0,-11.7292,-49.0686
Gurupi,2026-01-15 15:00:00,31.32,42,0.0,-11.7292,-49.0686
Gurupi,2026-01-15 18:00:00,33.32,36,0.0,-11.7292,-49.0686
Gurupi,2026-01-15 21:00:00,29.22,54,0.0,-11.7292,-49.0686
Gurupi,2026-01-16 00:00:00,25.38,57,0.0,-11.7292,-49.0686
Gurupi,2026-01-16 03:00:00,25.09,57,0.0,-11.7292,-49.0686
Gurupi,2026-01-16 06:00:00,24.27,59,0.0,-11.7292,-49.0686
Gurupi,2026-01-16 09:00:00,22.83,64,0.0,-11.7292,-49.0686
Gurupi,2026-01-16 12:00:00,27.72,57,0.0,-11.7292,-49.0686
Gurupi,2026-01-16 15:00:00,32.34,45,0.0,-11.7292,-49.0686
Gurupi,2026-01-16 18:00:00,33.85,40,0.0,-11.7292,-49.0686
Gurupi,2026-01-16 21:00:00,29.76,58,0.0,-11.7292,-49.0686
Gurupi,2026-01-17 00:00:00,27.92,57,0.0,-11.7292,-49.0686
Gurupi,2026-01-17 03:00:00,27.38,51,0.0,-11.7292,-49.0686
Gurupi,2026-01-17 06:00:00,23.96,68,0.0,-11.7292,-49.0686
Gurupi,2026-01-17 09:00:00,24.63,67,0.0,-11.7292,-49.0686
Uruçuí,2026-01-13 12:00:00,24.49,77,68.0,-7.2294,-44.5561
Uruçuí,2026-01-13 15:00:00,29.77,56,35.0,-7.2294,-44.5561
Uruçuí,2026-01-13 18:00:00,32.55,43,16.0,-7.2294,-44.5561
Uruçuí,2026-01-13 21:00:00,28.84,59,0.0,-7.2294,-44.5561
Uruçuí,2026-01-14 00:00:00,26.36,60,0.0,-7.2294,-44.5561
Uruçuí,2026-01-14 03:00:00,25.18,64,0.0,-7.2294,-44.5561
Uruçuí,2026-01-14 06:00:00,25.31,63,0.0,-7.2294,-44.5561
Uruçuí,2026-01-14 09:00:00,24.57,66,0.0,-7.2294,-44.5561
Uruçuí,2026-01-14 12:00:00,29.42,43,0.0,-7.2294,-44.5561
Uruçuí,2026-01-14 15:00:00,33.37,37,0.0,-7.2294,-44.5561
Uruçuí,2026-01-14 18:00:00,35.34,32,0.0,-7.2294,-44.5561
Uruçuí,2026-01-14 21:00:00,30.43,47,0.0,-7.2294,-44.5561
Uruçuí,2026-01-15 00:00:00,26.53,62,0.0,-7.2294,-44.5561
Uruçuí,2026-01-15 03:00:00,24.91,63,0.0,-7.2294,-44.5561
Uruçuí,2026-01-15 06:00:00,23.46,57,0.0,-7.2294,-44.5561
Uruçuí,2026-01-15 09:00:00,23.94,55,0.0,-7.2294,-44.5561
Uruçuí,2026-01-15 12:00:00,29.16,47,0.0,-7.2294,-44.5561
Uruçuí,2026-01-15 15:00:00,33.38,37,0.0,-7.2294,-44.5561
Uruçuí,2026-01-15 18:00:00,33.65,37,0.0,-7.2294,-44.5561
Uruçuí,2026-01-15 21:00:00,28.48,62,0.0,-7.2294,-44.5561
Uruçuí,2026-01-16 00:00:00,25.02,72,0.0,-7.2294,-44.5561
Uruçuí,2026-01-16 03:00:00,24.45,73,0.0,-7.2294,-44.5561
Uruçuí,2026-01-16 06:00:00,25.02,69,0.0,-7.2294,-44.5561
Uruçuí,2026-01-16 09:00:00,24.04,73,0.0,-7.2294,-44.5561
Uruçuí,2026-01-16 12:00:00,27.63,57,0.0,-7.2294,-44.5561
Uruçuí,2026-01-16 15:00:00,30.64,49,16.0,-7.2294,-44.5561
Uruçuí,2026-01-16 18:00:00,32.67,42,5.0,-7.2294,-44.5561
Uruçuí,2026-01-16 21:00:00,28.54,56,0.0,-7.2294,-44.5561
Uruçuí,2026-01-17 00:00:00,26.15,70,0.0,-7.2294,-44.5561
Uruçuí,2026-01-17 03:00:00,24.45,80,0.0,-7.2294,-44.5561
Uruçuí,2026-01-17 06:00:00,23.64,81,0.0,-7.2294,-44.5561
Uruçuí,2026-01-17 09:00:00,24.3,77,0.0,-7.2294,-44.5561
Uruçuí,2026-01-17 12:00:00,27.84,64,41.0,-7.2294,-44.5561
Uruçuí,2026-01-17 15:00:00,27.99,69,100.0,-7.2294,-44.5561
Uruçuí,2026-01-17 18:00:00,30.02,58,100.0,-7.2294,-44.5561
Uruçuí,2026-01-17 21:00:00,26.25,79,74.0,-7.2294,-44.5561
Uruçuí,2026-01-18 00:00:00,23.52,89,78.0,-7.2294,-44.5561
Uruçuí,2026-01-18 03:00:00,23.5,88,0.0,-7.2294,-44.5561
Uruçuí,2026-01-18 06:00:00,22.08,93,31.0,-7.2294,-44.5561
Uruçuí,2026-01-18 09:00:00,21.5,95,62.0,-7.2294,-44.5561
Barreiras,2026-01-13 12:00:00,22.63,79,0.0,-12.1528,-44.99
Barreiras,2026-01-13 15:00:00,28.63,56,0.0,-12.1528,-44.99
Barreiras,2026-01-13 18:00:00,34.98,27,0.0,-12.1528,-44.99
Barreiras,2026-01-13 21:00:00,29.56,41,0.0,-12.1528,-44.99
Barreiras,2026-01-14 00:00:00,22.58,65,0.0,-12.1528,-44.99
Barreiras,2026-01-14 03:00:00,21.39,65,0.0,-12.1528,-44.99
Barreiras,2026-01-14 06:00:00,20.29,67,0.0,-12.1528,-44.99
Barreiras,2026-01-14 09:00:00,19.44,68,0.0,-12.1528,-44.99
Barreiras,2026-01-14 12:00:00,28.14,47,0.0,-12.1528,-44.99
Barreiras,2026-01-14 15:00:00,33.58,31,0.0,-12.1528,-44.99
Barreiras,2026-01-14 18:00:00,35.05,25,0.0,-12.1528,-44.99
Barreiras,2026-01-14 21:00:00,28.67,38,0.0,-12.1528,-44.99
Barreiras,2026-01-15 00:00:00,23.26,51,0.0,-12.1528,-44.99
Barreiras,2026-01-15 03:00:00,20.94,55,0.0,-12.1528,-44.99
Barreiras,2026-01-15 06:00:00,19.99,58,0.0,-12.1528,-44.99
Barreiras,2026-01-15 09:00:00,19.27,66,0.0,-12.1528,-44.99
Barreiras,2026-01-15 12:00:00,28.05,48,0.0,-12.1528,-44.99
Barreiras,2026-01-15 15:00:00,33.34,32,0.0,-12.1528,-44.99
Barreiras,2026-01-15 18:00:00,34.11,29,0.0,-12.1528,-44.99
Barreiras,2026-01-15 21:00:00,28.97,46,0.0,-12.1528,-44.99
Barreiras,2026-01-16 00:00:00,24.06,57,0.0,-12.1528,-44.99
Barreiras,2026-01-16 03:00:00,22.52,60,0.0,-12.1528,-44.99
Barreiras,2026-01-16 06:00:00,20.77,55,0.0,-12.1528,-44.99
Barreiras,2026-01-16 09:00:00,19.4,68,0.0,-12.1528,-44.99
Barreiras,2026-01-16 12:00:00,29.24,38,0.0,-12.1528,-44.99
Barreiras,2026-01-16 15:00:00,34.46,28,0.0,-12.1528,-44.99
Barreiras,2026-01-16 18:00:00,35.32,26,0.0,-12.1528,-44.99
Barreiras,2026-01-16 21:00:00,29.44,39,0.0,-12.1528,-44.99
Barreiras,2026-01-17 00:00:00,24.49,53,0.0,-12.1528,-44.99
Barreiras,2026-01-17 03:00:00,21.5,55,0.0,-12.1528,-44.99
Barreiras,2026-01-17 06:00:00,19.61,56,0.0,-12.1528,-44.99
Barreiras,2026-01-17 09:00:00,18.92,62,0.0,-12.1528,-44.99
Barreiras,2026-01-17 12:00:00,28.0,41,0.0,-12.1528,-44.99
Barreiras,2026-01-17 15:00:00,33.13,31,0.0,-12.1528,-44.99
Barreiras,2026-01-17 18:00:00,34.6,28,0.0,-12.1528,-44.99
Barreiras,2026-01-17 21:00:00,29.24,43,0.0,-12.1528,-44.99
Barreiras,2026-01-18 00:00:00,27.75,44,0.0,-12.1528,-44.99
Barreiras,2026-01-18 03:00:00,24.1,56,0.0,-12.1528,-44.99
Barreiras,2026-01-18 06:00:00,22.53,62,0.0,-12.1528,-44.99
Barreiras,2026-01-18 09:00:00,21.42,67,0.0,-12.1528,-44.99
Balsas,2026-01-13 12:00:00,23.4,83,21.0,-7.5325,-46.0356
Balsas,2026-01-13 15:00:00,29.3,58,20.0,-7.5325,-46.0356
Balsas,2026-01-13 18:00:00,30.72,53,1.0,-7.5325,-46.0356
Balsas,2026-01-13 21:00:00,27.95,70,0.0,-7.5325,-46.0356
Balsas,2026-01-14 00:00:00,26.4,71,0.0,-7.5325,-46.0356
Balsas,2026-01-14 03:00:00,24.34,78,0.0,-7.5325,-46.0356
Balsas,2026-01-14 06:00:00,23.21,83,0.0,-7.5325,-46.0356
Balsas,2026-01-14 09:00:00,22.59,84,0.0,-7.5325,-46.0356
Balsas,2026-01-14 12:00:00,28.17,59,38.0,-7.5325,-46.0356
Balsas,2026-01-14 15:00:00,32.93,37,0.0,-7.5325,-46.0356
Balsas,2026-01-14 18:00:00,34.31,35,0.0,-7.5325,-46.0356
Balsas,2026-01-14 21:00:00,30.11,52,0.0,-7.5325,-46.0356
Balsas,2026-01-15 00:00:00,25.88,73,0.0,-7.5325,-46.0356
Balsas,2026-01-15 03:00:00,25.17,76,0.0,-7.5325,-46.0356
Balsas,2026-01-15 06:00:00,23.5,83,0.0,-7.5325,-46.0356
Balsas,2026-01-15 09:00:00,22.29,91,100.0,-7.5325,-46.0356
Balsas,2026-01-15 12:00:00,26.05,72,74.0,-7.5325,-46.0356
Balsas,2026-01-15 15:00:00,31.22,43,0.0,-7.5325,-46.0356
Balsas,2026-01-15 18:00:00,33.27,39,0.0,-7.5325,-46.0356
Balsas,2026-01-15 21:00:00,28.6,58,0.0,-7.5325,-46.0356
Balsas,2026-01-16 00:00:00,26.21,60,0.0,-7.5325,-46.0356
Balsas,2026-01-16 03:00:00,24.46,72,0.0,-7.5325,-46.0356
Balsas,2026-01-16 06:00:00,23.6,80,0.0,-7.5325,-46.0356
Balsas,2026-01-16 09:00:00,23.52,83,39.0,-7.5325,-46.0356
Balsas,2026-01-16 12:00:00,27.8,69,100.0,-7.5325,-46.0356
Balsas,2026-01-16 15:00:00,30.89,49,100.0,-7.5325,-46.0356
Balsas,2026-01-16 18:00:00,32.03,46,58.0,-7.5325,-46.0356
Balsas,2026-01-16 21:00:00,27.98,63,0.0,-7.5325,-46.0356
Balsas,2026-01-17 00:00:00,25.54,72,0.0,-7.5325,-46.0356
Balsas,2026-01-17 03:00:00,23.71,82,0.0,-7.5325,-46.0356
Balsas,2026-01-17 06:00:00,22.5,86,0.0,-7.5325,-46.0356
Balsas,2026-01-17 09:00:00,22.06,87,0.0,-7.5325,-46.0356
Balsas,2026-01-17 12:00:00,27.53,65,0.0,-7.5325,-46.0356
Balsas,2026-01-17 15:00:00,29.62,62,100.0,-7.5325,-46.0356
Balsas,2026-01-17 18:00:00,31.83,49,100.0,-7.5325,-46.0356
Balsas,2026-01-17 21:00:00,26.11,79,100.0,-7.5325,-46.0356
Balsas,2026-01-18 00:00:00,23.96,87,80.0,-7.5325,-46.0356
Balsas,2026-01-18 03:00:00,23.46,91,81.0,-7.5325,-46.0356
Balsas,2026-01-18 06:00:00,22.84,92,70.0,-7.5325,-46.0356
Balsas,2026-01-18 09:00:00,22.41,90,0.0,-7.5325,-46.0356
Gurupi,2026-01-13 12:00:00,22.32,88,0.0,-11.7292,-49.0686
Gurupi,2026-01-13 15:00:00,27.37,67,0.0,-11.7292,-49.0686
Gurupi,2026-01-13 18:00:00,32.3,47,0.0,-11.7292,-49.0686
Gurupi,2026-01-13 21:00:00,28.92,67,0.0,-11.7292,-49.0686
Gurupi,2026-01-14 00:00:00,23.47,87,89.0,-11.7292,-49.0686
Gurupi,2026-01-14 03:00:00,22.79,92,44.0,-11.7292,-49.0686
Gurupi,2026-01-14 06:00:00,21.71,95,90.0,-11.7292,-49.0686
Gurupi,2026-01-14 09:00:00,21.42,91,0.0,-11.7292,-49.0686
Gurupi,2026-01-14 12:00:00,26.47,70,0.0,-11.7292,-49.0686
Gurupi,2026-01-14 15:00:00,31.6,48,0.0,-11.7292,-49.0686
Gurupi,2026-01-14 18:00:00,33.08,41,0.0,-11.7292,-49.0686
Gurupi,2026-01-14 21:00:00,29.92,59,0.0,-11.7292,-49.0686
Gurupi,2026-01-15 00:00:00,25.96,63,0.0,-11.7292,-49.0686
Gurupi,2026-01-15 03:00:00,24.52,70,0.0,-11.7292,-49.0686
Gurupi,2026-01-15 06:00:00,23.88,73,0.0,-11.7292,-49.0686
Gurupi,2026-01-15 09:00:00,22.73,78,0.0,-11.7292,-49.0686
Gurupi,2026-01-15 12:00:00,26.9,60,0.0,-11.7292,-49.0686
Gurupi,2026-01-15 15:00:00,29.71,47,0.0,-11.7292,-49.0686
Gurupi,2026-01-15 18:00:00,32.77,42,0.0,-11.7292,-49.0686
Gurupi,2026-01-15 21:00:00,29.62,56,0.0,-11.7292,-49.0686
Gurupi,2026-01-16 00:00:00,26.98,59,0.0,-11.7292,-49.0686
Gurupi,2026-01-16 03:00:00,25.23,63,0.0,-11.7292,-49.0686
Gurupi,2026-01-16 06:00:00,23.77,68,0.0,-11.7292,-49.0686
Gurupi,2026-01-16 09:00:00,23.65,67,0.0,-11.7292,-49.0686
Gurupi,2026-01-16 12:00:00,28.13,57,0.0,-11.7292,-49.0686
Gurupi,2026-01-16 15:00:00,32.96,40,0.0,-11.7292,-49.0686
Gurupi,2026-01-16 18:00:00,33.19,40,0.0,-11.7292,-49.0686
Gurupi,2026-01-16 21:00:00,30.53,54,0.0,-11.7292,-49.0686
Gurupi,2026-01-17 00:00:00,26.66,56,0.0,-11.7292,-49.0686
Gurupi,2026-01-17 03:00:00,25.11,62,0.0,-11.7292,-49.0686
Gurupi,2026-01-17 06:00:00,24.28,67,0.0,-11.7292,-49.0686
Gurupi,2026-01-17 09:00:00,23.96,70,0.0,-11.7292,-49.0686
Gurupi,2026-01-17 12:00:00,28.1,61,0.0,-11.7292,-49.0686
Gurupi,2026-01-17 15:00:00,30.89,52,0.0,-11.7292,-49.0686
Gurupi,2026-01-17 18:00:00,30.32,51,5.0,-11.7292,-49.0686
Gurupi,2026-01-17 21:00:00,28.04,55,26.0,-11.7292,-49.0686
Gurupi,2026-01-18 00:00:00,23.89,80,18.0,-11.7292,-49.0686
Gurupi,2026-01-18 03:00:00,22.35,87,0.0,-11.7292,-49.0686
Gurupi,2026-01-18 06:00:00,21.66,84,0.0,-11.7292,-49.0686
Gurupi,2026-01-18 09:00:00,21.34,81,0.0,-11.7292,-49.0686
Uruçuí,2026-01-14 12:00:00,24.58,64,0.0,-7.2294,-44.5561
Uruçuí,2026-01-14 15:00:00,29.76,47,0.0,-7.2294,-44.5561
Uruçuí,2026-01-14 18:00:00,34.9,30,0.0,-7.2294,-44.5561
Uruçuí,2026-01-14 21:00:00,29.9,45,0.0,-7.2294,-44.5561
Uruçuí,2026-01-15 00:00:00,26.48,47,0.0,-7.2294,-44.5561
Uruçuí,2026-01-15 03:00:00,24.65,49,0.0,-7.2294,-44.5561
Uruçuí,2026-01-15 06:00:00,24.58,44,0.0,-7.2294,-44.5561
Uruçuí,2026-01-15 09:00:00,22.78,48,0.0,-7.2294,-44.5561
Uruçuí,2026-01-15 12:00:00,28.44,45,0.0,-7.2294,-44.5561
Uruçuí,2026-01-15 15:00:00,33.69,34,0.0,-7.2294,-44.5561
Uruçuí,2026-01-15 18:00:00,35.21,30,0.0,-7.2294,-44.5561
Uruçuí,2026-01-15 21:00:00,29.84,51,0.0,-7.2294,-44.5561
Uruçuí,2026-01-16 00:00:00,27.17,65,0.0,-7.2294,-44.5561
Uruçuí,2026-01-16 03:00:00,24.97,71,0.0,-7.2294,-44.5561
Uruçuí,2026-01-16 06:00:00,22.99,88,93.0,-7.2294,-44.5561
Uruçuí,2026-01-16 09:00:00,23.0,90,100.0,-7.2294,-44.5561
Uruçuí,2026-01-16 12:00:00,28.9,54,80.0,-7.2294,-44.5561
Uruçuí,2026-01-16 15:00:00,33.66,39,0.0,-7.2294,-44.5561
Uruçuí,2026-01-16 18:00:00,31.16,50,0.0,-7.2294,-44.5561
Uruçuí,2026-01-16 21:00:00,28.85,61,0.0,-7.2294,-44.5561
Uruçuí,2026-01-17 00:00:00,26.45,69,2.0,-7.2294,-44.5561
Uruçuí,2026-01-17 03:00:00,24.72,77,0.0,-7.2294,-44.5561
Uruçuí,2026-01-17 06:00:00,23.49,85,0.0,-7.2294,-44.5561
Uruçuí,2026-01-17 09:00:00,22.38,91,88.0,-7.2294,-44.5561
Uruçuí,2026-01-17 12:00:00,26.53,75,100.0,-7.2294,-44.5561
Uruçuí,2026-01-17 15:00:00,29.04,65,100.0,-7.2294,-44.5561
Uruçuí,2026-01-17 18:00:00,29.26,64,100.0,-7.2294,-44.5561
Uruçuí,2026-01-17 21:00:00,27.14,74,31.0,-7.2294,-44.5561
Uruçuí,2026-01-18 00:00:00,24.97,78,4.0,-7.2294,-44.5561
Uruçuí,2026-01-18 03:00:00,24.18,81,0.0,-7.2294,-44.5561
Uruçuí,2026-01-18 06:00:00,22.28,92,100.0,-7.2294,-44.5561
Uruçuí,2026-01-18 09:00:00,21.77,95,57.0,-7.2294,-44.5561
Uruçuí,2026-01-18 12:00:00,25.48,82,100.0,-7.2294,-44.5561
Uruçuí,2026-01-18 15:00:00,26.71,78,100.0,-7.2294,-44.5561
Uruçuí,2026-01-18 18:00:00,29.03,65,100.0,-7.2294,-44.5561
Uruçuí,2026-01-18 21:00:00,24.7,87,100.0,-7.2294,-44.5561
Uruçuí,2026-01-19 00:00:00,23.47,91,100.0,-7.2294,-44.5561
Uruçuí,2026-01-19 03:00:00,23.1,92,12.0,-7.2294,-44.5561
Uruçuí,2026-01-19 06:00:00,22.09,96,100.0,-7.2294,-44.5561
Uruçuí,2026-01-19 09:00:00,21.09,97,100.0,-7.2294,-44.5561
Barreiras,2026-01-14 12:00:00,22.28,69,0.0,-12.1528,-44.99
Barreiras,2026-01-14 15:00:00,28.78,46,0.0,-12.1528,-44.99
Barreiras,2026-01-14 18:00:00,34.74,21,0.0,-12.1528,-44.99
Barreiras,2026-01-14 21:00:00,28.12,40,0.0,-12.1528,-44.99
Barreiras,2026-01-15 00:00:00,23.65,45,0.0,-12.1528,-44.99
Barreiras,2026-01-15 03:00:00,23.77,47,0.0,-12.1528,-44.99
Barreiras,2026-01-15 06:00:00,21.34,55,0.0,-12.1528,-44.99
Barreiras,2026-01-15 09:00:00,20.16,67,0.0,-12.1528,-44.99
Barreiras,2026-01-15 12:00:00,27.98,51,0.0,-12.1528,-44.99
Barreiras,2026-01-15 15:00:00,33.78,32,0.0,-12.1528,-44.99
Barreiras,2026-01-15 18:00:00,35.55,26,0.0,-12.1528,-44.99
Barreiras,2026-01-15 21:00:00,30.06,41,0.0,-12.1528,-44.99
Barreiras,2026-01-16 00:00:00,24.49,60,0.0,-12.1528,-44.99
Barreiras,2026-01-16 03:00:00,21.8,54,0.0,-12.1528,-44.99
Barreiras,2026-01-16 06:00:00,19.89,55,0.0,-12.1528,-44.99
Barreiras,2026-01-16 09:00:00,19.63,66,0.0,-12.1528,-44.99
Barreiras,2026-01-16 12:00:00,28.95,44,0.0,-12.1528,-44.99
Barreiras,2026-01-16 15:00:00,34.28,30,0.0,-12.1528,-44.99
Barreiras,2026-01-16 18:00:00,34.9,26,0.0,-12.1528,-44.99
Barreiras,2026-01-16 21:00:00,28.82,42,0.0,-12.1528,-44.99
Barreiras,2026-01-17 00:00:00,25.15,51,0.0,-12.1528,-44.99
Barreiras,2026-01-17 03:00:00,22.79,60,0.0,-12.1528,-44.99
Barreiras,2026-01-17 06:00:00,23.09,59,0.0,-12.1528,-44.99
Barreiras,2026-01-17 09:00:00,20.18,70,0.0,-12.1528,-44.99
Barreiras,2026-01-17 12:00:00,28.84,44,0.0,-12.1528,-44.99
Barreiras,2026-01-17 15:00:00,34.02,32,0.0,-12.1528,-44.99
Barreiras,2026-01-17 18:00:00,36.15,25,0.0,-12.1528,-44.99
Barreiras,2026-01-17 21:00:00,29.09,46,0.0,-12.1528,-44.99
Barreiras,2026-01-18 00:00:00,28.2,45,0.0,-12.1528,-44.99
Barreiras,2026-01-18 03:00:00,24.48,55,0.0,-12.1528,-44.99
Barreiras,2026-01-18 06:00:00,23.59,57,0.0,-12.1528,-44.99
Barreiras,2026-01-18 09:00:00,21.28,74,100.0,-12.1528,-44.99
Barreiras,2026-01-18 12:00:00,24.71,67,89.0,-12.1528,-44.99
Barreiras,2026-01-18 15:00:00,33.69,36,0.0,-12.1528,-44.99
Barreiras,2026-01-18 18:00:00,30.85,45,0.0,-12.1528,-44.99
Barreiras,2026-01-18 21:00:00,26.55,61,3.0,-12.1528,-44.99
Barreiras,2026-01-19 00:00:00,21.32,92,100.0,-12.1528,-44.99
Barreiras,2026-01-19 03:00:00,20.35,95,100.0,-12.1528,-44.99
Barreiras,2026-01-19 06:00:00,19.67,97,100.0,-12.1528,-44.99
Barreiras,2026-01-19 09:00:00,19.37,98,97.0,-12.1528,-44.99
Balsas,2026-01-14 12:00:00,24.33,75,0.0,-7.5325,-46.0356
Balsas,2026-01-14 15:00:00,29.12,54,0.0,-7.5325,-46.0356
Balsas,2026-01-14 18:00:00,33.77,35,0.0,-7.5325,-46.0356
Balsas,2026-01-14 21:00:00,29.42,54,0.0,-7.5325,-46.0356
Balsas,2026-01-15 00:00:00,26.83,57,0.0,-7.5325,-46.0356
Balsas,2026-01-15 03:00:00,24.81,62,0.0,-7.5325,-46.0356
Balsas,2026-01-15 06:00:00,23.85,65,0.0,-7.5325,-46.0356
Balsas,2026-01-15 09:00:00,23.86,63,0.0,-7.5325,-46.0356
Balsas,2026-01-15 12:00:00,27.75,46,0.0,-7.5325,-46.0356
Balsas,2026-01-15 15:00:00,30.02,44,0.0,-7.5325,-46.0356
Balsas,2026-01-15 18:00:00,31.58,41,0.0,-7.5325,-46.0356
Balsas,2026-01-15 21:00:00,26.9,66,0.0,-7.5325,-46.0356
Balsas,2026-01-16 00:00:00,26.05,61,0.0,-7.5325,-46.0356
Balsas,2026-01-16 03:00:00,24.36,70,0.0,-7.5325,-46.0356
Balsas,2026-01-16 06:00:00,23.58,74,0.0,-7.5325,-46.0356
Balsas,2026-01-16 09:00:00,22.89,83,0.0,-7.5325,-46.0356
Balsas,2026-01-16 12:00:00,25.68,78,69.0,-7.5325,-46.0356
Balsas,2026-01-16 15:00:00,29.37,57,98.0,-7.5325,-46.0356
Balsas,2026-01-16 18:00:00,29.07,62,83.0,-7.5325,-46.0356
Balsas,2026-01-16 21:00:00,27.22,73,0.0,-7.5325,-46.0356
Balsas,2026-01-17 00:00:00,24.63,83,52.0,-7.5325,-46.0356
Balsas,2026-01-17 03:00:00,23.66,86,0.0,-7.5325,-46.0356
Balsas,2026-01-17 06:00:00,22.78,88,0.0,-7.5325,-46.0356
Balsas,2026-01-17 09:00:00,22.45,89,0.0,-7.5325,-46.0356
Balsas,2026-01-17 12:00:00,26.98,72,94.0,-7.5325,-46.0356
Balsas,2026-01-17 15:00:00,31.42,49,70.0,-7.5325,-46.0356
Balsas,2026-01-17 18:00:00,27.57,71,75.0,-7.5325,-46.0356
Balsas,2026-01-17 21:00:00,27.42,72,31.0,-7.5325,-46.0356
Balsas,2026-01-18 00:00:00,24.57,82,1.0,-7.5325,-46.0356
Balsas,2026-01-18 03:00:00,23.56,85,0.0,-7.5325,-46.0356
Balsas,2026-01-18 06:00:00,22.58,88,0.0,-7.5325,-46.0356
Balsas,2026-01-18 09:00:00,22.2,90,0.0,-7.5325,-46.0356
Balsas,2026-01-18 12:00:00,26.09,75,34.0,-7.5325,-46.0356
Balsas,2026-01-18 15:00:00,29.44,62,100.0,-7.5325,-46.0356
Balsas,2026-01-18 18:00:00,28.92,66,100.0,-7.5325,-46.0356
Balsas,2026-01-18 21:00:00,24.99,86,100.0,-7.5325,-46.0356
Balsas,2026-01-19 00:00:00,23.28,94,100.0,-7.5325,-46.0356
Balsas,2026-01-19 03:00:00,22.64,95,100.0,-7.5325,-46.0356
Balsas,2026-01-19 06:00:00,21.93,96,78.0,-7.5325,-46.0356
Balsas,2026-01-19 09:00:00,21.74,95,0.0,-7.5325,-46.0356
Gurupi,2026-01-14 12:00:00,22.83,86,0.0,-11.7292,-49.0686
Gurupi,2026-01-14 15:00:00,27.83,66,0.0,-11.7292,-49.0686
Gurupi,2026-01-14 18:00:00,32.87,44,0.0,-11.7292,-49.0686
Gurupi,2026-01-14 21:00:00,28.38,62,0.0,-11.7292,-49.0686
Gurupi,2026-01-15 00:00:00,26.32,65,0.0,-11.7292,-49.0686
Gurupi,2026-01-15 03:00:00,24.15,73,0.0,-11.7292,-49.0686
Gurupi,2026-01-15 06:00:00,22.95,78,0.0,-11.7292,-49.0686
Gurupi,2026-01-15 09:00:00,22.3,82,0.0,-11.7292,-49.0686
Gurupi,2026-01-15 12:00:00,27.84,63,0.0,-11.7292,-49.0686
Gurupi,2026-01-15 15:00:00,31.57,44,0.0,-11.7292,-49.0686
Gurupi,2026-01-15 18:00:00,32.87,39,0.0,-11.7292,-49.0686
Gurupi,2026-01-15 21:00:00,29.53,57,0.0,-11.7292,-49.0686
Gurupi,2026-01-16 00:00:00,25.89,57,0.0,-11.7292,-49.0686
Gurupi,2026-01-16 03:00:00,25.05,60,0.0,-11.7292,-49.0686
Gurupi,2026-01-16 06:00:00,24.95,63,0.0,-11.7292,-49.0686
Gurupi,2026-01-16 09:00:00,23.55,68,0.0,-11.7292,-49.0686
Gurupi,2026-01-16 12:00:00,27.14,62,0.0,-11.7292,-49.0686
Gurupi,2026-01-16 15:00:00,31.91,45,0.0,-11.7292,-49.0686
Gurupi,2026-01-16 18:00:00,33.91,40,0.0,-11.7292,-49.0686
Gurupi,2026-01-16 21:00:00,29.95,60,0.0,-11.7292,-49.0686
Gurupi,2026-01-17 00:00:00,27.22,56,0.0,-11.7292,-49.0686
Gurupi,2026-01-17 03:00:00,25.11,67,0.0,-11.7292,-49.0686
Gurupi,2026-01-17 06:00:00,24.23,71,0.0,-11.7292,-49.0686
Gurupi,2026-01-17 09:00:00,23.24,75,0.0,-11.7292,-49.0686
Gurupi,2026-01-17 12:00:00,27.97,65,0.0,-11.7292,-49.0686
Gurupi,2026-01-17 15:00:00,32.87,48,0.0,-11.7292,-49.0686
Gurupi,2026-01-17 18:00:00,32.56,47,25.0,-11.7292,-49.0686
Gurupi,2026-01-17 21:00:00,26.21,74,36.0,-11.7292,-49.0686
Gurupi,2026-01-18 00:00:00,23.9,71,16.0,-11.7292,-49.0686
Gurupi,2026-01-18 03:00:00,24.6,70,0.0,-11.7292,-49.0686
Gurupi,2026-01-18 06:00:00,23.33,80,20.0,-11.7292,-49.0686
Gurupi,2026-01-18 09:00:00,22.62,87,40.0,-11.7292,-49.0686
Gurupi,2026-01-18 12:00:00,25.24,80,100.0,-11.7292,-49.0686
Gurupi,2026-01-18 15:00:00,25.24,82,30.0,-11.7292,-49.0686
Gurupi,2026-01-18 18:00:00,29.43,60,0.0,-11.7292,-49.0686
Gurupi,2026-01-18 21:00:00,28.51,69,15.0,-11.7292,-49.0686
Gurupi,2026-01-19 00:00:00,22.8,91,33.0,-11.7292,-49.0686
Gurupi,2026-01-19 03:00:00,21.66,92,0.0,-11.7292,-49.0686
Gurupi,2026-01-19 06:00:00,21.49,94,0.0,-11.7292,-49.0686
Gurupi,2026-01-19 09:00:00,21.1,96,10.0,-11.7292,-49.0686
Uruçuí,2026-01-15 12:00:00,25.21,51,0.0,-7.2294,-44.5561
Uruçuí,2026-01-15 15:00:00,30.23,42,0.0,-7.2294,-44.5561
Uruçuí,2026-01-15 18:00:00,35.62,29,0.0,-7.2294,-44.5561
Uruçuí,2026-01-15 21:00:00,30.72,43,0.0,-7.2294,-44.5561
Uruçuí,2026-01-16 00:00:00,27.87,45,0.0,-7.2294,-44.5561
Uruçuí,2026-01-16 03:00:00,26.9,46,0.0,-7.2294,-44.5561
Uruçuí,2026-01-16 06:00:00,24.56,52,0.0,-7.2294,-44.5561
Uruçuí,2026-01-16 09:00:00,25.03,51,0.0,-7.2294,-44.5561
Uruçuí,2026-01-16 12:00:00,29.92,39,0.0,-7.2294,-44.5561
Uruçuí,2026-01-16 15:00:00,33.92,34,0.0,-7.2294,-44.5561
Uruçuí,2026-01-16 18:00:00,32.06,45,0.0,-7.2294,-44.5561
Uruçuí,2026-01-16 21:00:00,29.79,51,0.0,-7.2294,-44.5561
Uruçuí,2026-01-17 00:00:00,27.46,57,0.0,-7.2294,-44.5561
Uruçuí,2026-01-17 03:00:00,26.31,65,0.0,-7.2294,-44.5561
Uruçuí,2026-01-17 06:00:00,24.47,72,0.0,-7.2294,-44.5561
Uruçuí,2026-01-17 09:00:00,23.16,78,24.0,-7.2294,-44.5561
Uruçuí,2026-01-17 12:00:00,28.81,55,46.0,-7.2294,-44.5561
Uruçuí,2026-01-17 15:00:00,32.76,43,0.0,-7.2294,-44.5561
Uruçuí,2026-01-17 18:00:00,29.92,54,0.0,-7.2294,-44.5561
Uruçuí,2026-01-17 21:00:00,29.15,57,0.0,-7.2294,-44.5561
Uruçuí,2026-01-18 00:00:00,26.7,64,0.0,-7.2294,-44.5561
Uruçuí,2026-01-18 03:00:00,24.71,74,8.0,-7.2294,-44.5561
Uruçuí,2026-01-18 06:00:00,23.26,84,27.0,-7.2294,-44.5561
Uruçuí,2026-01-18 09:00:00,22.02,95,100.0,-7.2294,-44.5561
Uruçuí,2026-01-18 12:00:00,24.23,86,100.0,-7.2294,-44.5561
Uruçuí,2026-01-18 15:00:00,28.14,69,100.0,-7.2294,-44.5561
Uruçuí,2026-01-18 18:00:00,28.01,71,100.0,-7.2294,-44.5561
Uruçuí,2026-01-18 21:00:00,24.35,88,100.0,-7.2294,-44.5561
Uruçuí,2026-01-19 00:00:00,22.77,95,100.0,-7.2294,-44.5561
Uruçuí,2026-01-19 03:00:00,22.73,93,100.0,-7.2294,-44.5561
Uruçuí,2026-01-19 06:00:00,22.1,95,100.0,-7.2294,-44.5561
Uruçuí,2026-01-19 09:00:00,21.91,97,32.0,-7.2294,-44.5561
Uruçuí,2026-01-19 12:00:00,23.78,88,20.0,-7.2294,-44.5561
Uruçuí,2026-01-19 15:00:00,25.1,83,100.0,-7.2294,-44.5561
Uruçuí,2026-01-19 18:00:00,23.02,93,100.0,-7.2294,-44.5561
Uruçuí,2026-01-19 21:00:00,22.11,97,100.0,-7.2294,-44.5561
Uruçuí,2026-01-20 00:00:00,21.91,97,100.0,-7.2294,-44.5561
Uruçuí,2026-01-20 03:00:00,21.1,97,0.0,-7.2294,-44.5561
Uruçuí,2026-01-20 06:00:00,20.47,96,0.0,-7.2294,-44.5561
Uruçuí,2026-01-20 09:00:00,19.97,95,0.0,-7.2294,-44.5561
Barreiras,2026-01-15 12:00:00,21.89,67,0.0,-12.1528,-44.99
Barreiras,2026-01-15 15:00:00,28.55,46,0.0,-12.1528,-44.99
Barreiras,2026-01-15 18:00:00,35.16,26,0.0,-12.1528,-44.99
Barreiras,2026-01-15 21:00:00,30.41,34,0.0,-12.1528,-44.99
Barreiras,2026-01-16 00:00:00,24.43,48,0.0,-12.1528,-44.99
Barreiras,2026-01-16 03:00:00,21.32,57,0.0,-12.1528,-44.99
Barreiras,2026-01-16 06:00:00,19.7,67,0.0,-12.1528,-44.99
Barreiras,2026-01-16 09:00:00,19.22,77,0.0,-12.1528,-44.99
Barreiras,2026-01-16 12:00:00,28.44,48,0.0,-12.1528,-44.99
Barreiras,2026-01-16 15:00:00,34.49,29,0.0,-12.1528,-44.99
Barreiras,2026-01-16 18:00:00,35.96,23,0.0,-12.1528,-44.99
Barreiras,2026-01-16 21:00:00,29.48,40,0.0,-12.1528,-44.99
Barreiras,2026-01-17 00:00:00,26.66,50,0.0,-12.1528,-44.99
Barreiras,2026-01-17 03:00:00,24.32,60,0.0,-12.1528,-44.99
Barreiras,2026-01-17 06:00:00,21.54,72,0.0,-12.1528,-44.99
Barreiras,2026-01-17 09:00:00,21.26,72,0.0,-12.1528,-44.99
Barreiras,2026-01-17 12:00:00,28.9,46,0.0,-12.1528,-44.99
Barreiras,2026-01-17 15:00:00,33.78,33,0.0,-12.1528,-44.99
Barreiras,2026-01-17 18:00:00,34.74,30,0.0,-12.1528,-44.99
Barreiras,2026-01-17 21:00:00,30.21,45,0.0,-12.1528,-44.99
Barreiras,2026-01-18 00:00:00,26.03,53,0.0,-12.1528,-44.99
Barreiras,2026-01-18 03:00:00,25.63,55,0.0,-12.1528,-44.99
Barreiras,2026-01-18 06:00:00,22.37,70,20.0,-12.1528,-44.99
Barreiras,2026-01-18 09:00:00,21.0,78,28.0,-12.1528,-44.99
Barreiras,2026-01-18 12:00:00,27.98,51,0.0,-12.1528,-44.99
Barreiras,2026-01-18 15:00:00,31.71,41,0.0,-12.1528,-44.99
Barreiras,2026-01-18 18:00:00,33.73,35,0.0,-12.1528,-44.99
Barreiras,2026-01-18 21:00:00,29.08,51,35.0,-12.1528,-44.99
Barreiras,2026-01-19 00:00:00,22.16,90,100.0,-12.1528,-44.99
Barreiras,2026-01-19 03:00:00,20.73,94,100.0,-12.1528,-44.99
Barreiras,2026-01-19 06:00:00,20.42,95,98.0,-12.1528,-44.99
Barreiras,2026-01-19 09:00:00,20.11,97,100.0,-12.1528,-44.99
Barreiras,2026-01-19 12:00:00,23.97,85,100.0,-12.1528,-44.99
Barreiras,2026-01-19 15:00:00,26.51,76,100.0,-12.1528,-44.99
Barreiras,2026-01-19 18:00:00,28.88,60,100.0,-12.1528,-44.99
Barreiras,2026-01-19 21:00:00,24.26,88,100.0,-12.1528,-44.99
Barreiras,2026-01-20 00:00:00,21.47,96,100.0,-12.1528,-44.99
Barreiras,2026-01-20 03:00:00,20.89,97,4.0,-12.1528,-44.99
Barreiras,2026-01-20 06:00:00,20.52,97,0.0,-12.1528,-44.99
Barreiras,2026-01-20 09:00:00,20.84,97,0.0,-12.1528,-44.99
Balsas,2026-01-15 12:00:00,25.87,55,0.0,-7.5325,-46.0356
Balsas,2026-01-15 15:00:00,30.24,43,0.0,-7.5325,-46.0356
Balsas,2026-01-15 18:00:00,35.01,30,0.0,-7.5325,-46.0356
Balsas,2026-01-15 21:00:00,30.53,46,0.0,-7.5325,-46.0356
Balsas,2026-01-16 00:00:00,26.42,54,0.0,-7.5325,-46.0356
Balsas,2026-01-16 03:00:00,25.23,62,0.0,-7.5325,-46.0356
Balsas,2026-01-16 06:00:00,24.14,65,0.0,-7.5325,-46.0356
Balsas,2026-01-16 09:00:00,22.83,70,0.0,-7.5325,-46.0356
Balsas,2026-01-16 12:00:00,27.32,58,0.0,-7.5325,-46.0356
Balsas,2026-01-16 15:00:00,33.55,32,0.0,-7.5325,-46.0356
Balsas,2026-01-16 18:00:00,35.18,30,0.0,-7.5325,-46.0356
Balsas,2026-01-16 21:00:00,29.66,48,0.0,-7.5325,-46.0356
Balsas,2026-01-17 00:00:00,26.11,69,20.0,-7.5325,-46.0356
Balsas,2026-01-17 03:00:00,24.8,76,0.0,-7.5325,-46.0356
Balsas,2026-01-17 06:00:00,23.35,82,0.0,-7.5325,-46.0356
Balsas,2026-01-17 09:00:00,22.63,85,0.0,-7.5325,-46.0356
Balsas,2026-01-17 12:00:00,27.97,65,66.0,-7.5325,-46.0356
Balsas,2026-01-17 15:00:00,32.91,41,50.0,-7.5325,-46.0356
Balsas,2026-01-17 18:00:00,33.43,40,20.0,-7.5325,-46.0356
Balsas,2026-01-17 21:00:00,28.37,62,0.0,-7.5325,-46.0356
Balsas,2026-01-18 00:00:00,26.26,71,31.0,-7.5325,-46.0356
Balsas,2026-01-18 03:00:00,23.93,82,0.0,-7.5325,-46.0356
Balsas,2026-01-18 06:00:00,22.92,87,24.0,-7.5325,-46.0356
Balsas,2026-01-18 09:00:00,22.5,90,1.0,-7.5325,-46.0356
Balsas,2026-01-18 12:00:00,27.59,67,0.0,-7.5325,-46.0356
Balsas,2026-01-18 15:00:00,28.63,67,100.0,-7.5325,-46.0356
Balsas,2026-01-18 18:00:00,28.78,68,100.0,-7.5325,-46.0356
Balsas,2026-01-18 21:00:00,24.95,85,100.0,-7.5325,-46.0356
Balsas,2026-01-19 00:00:00,23.29,92,100.0,-7.5325,-46.0356
Balsas,2026-01-19 03:00:00,22.45,95,100.0,-7.5325,-46.0356
Balsas,2026-01-19 06:00:00,21.71,95,100.0,-7.5325,-46.0356
Balsas,2026-01-19 09:00:00,21.46,97,83.0,-7.5325,-46.0356
Balsas,2026-01-19 12:00:00,22.88,89,49.0,-7.5325,-46.0356
Balsas,2026-01-19 15:00:00,23.7,84,61.0,-7.5325,-46.0356
Balsas,2026-01-19 18:00:00,26.2,74,82.0,-7.5325,-46.0356
Balsas,2026-01-19 21:00:00,23.78,90,100.0,-7.5325,-46.0356
Balsas,2026-01-20 00:00:00,22.11,95,100.0,-7.5325,-46.0356
Balsas,2026-01-20 03:00:00,22.19,96,0.0,-7.5325,-46.0356
Balsas,2026-01-20 06:00:00,22.01,95,0.0,-7.5325,-46.0356
Balsas,2026-01-20 09:00:00,21.06,97,0.0,-7.5325,-46.0356
Gurupi,2026-01-15 12:00:00,22.99,72,0.0,-11.7292,-49.0686
Gurupi,2026-01-15 15:00:00,27.9,53,0.0,-11.7292,-49.0686
Gurupi,2026-01-15 18:00:00,31.63,43,0.0,-11.7292,-49.0686
Gurupi,2026-01-15 21:00:00,28.12,61,0.0,-11.7292,-49.0686
Gurupi,2026-01-16 00:00:00,25.86,53,0.0,-11.7292,-49.0686
Gurupi,2026-01-16 03:00:00,24.7,59,0.0,-11.7292,-49.0686
Gurupi,2026-01-16 06:00:00,23.3,65,0.0,-11.7292,-49.0686
Gurupi,2026-01-16 09:00:00,22.6,67,0.0,-11.7292,-49.0686
Gurupi,2026-01-16 12:00:00,28.09,53,0.0,-11.7292,-49.0686
Gurupi,2026-01-16 15:00:00,32.39,42,0.0,-11.7292,-49.0686
Gurupi,2026-01-16 18:00:00,34.69,34,0.0,-11.7292,-49.0686
Gurupi,2026-01-16 21:00:00,30.6,52,0.0,-11.7292,-49.0686
Gurupi,2026-01-17 00:00:00,26.56,50,0.0,-11.7292,-49.0686
Gurupi,2026-01-17 03:00:00,25.12,56,0.0,-11.7292,-49.0686
Gurupi,2026-01-17 06:00:00,23.86,61,0.0,-11.7292,-49.0686
Gurupi,2026-01-17 09:00:00,23.54,61,0.0,-11.7292,-49.0686
Gurupi,2026-01-17 12:00:00,28.91,53,0.0,-11.7292,-49.0686
Gurupi,2026-01-17 15:00:00,32.96,42,0.0,-11.7292,-49.0686
Gurupi,2026-01-17 18:00:00,33.49,47,0.0,-11.7292,-49.0686
Gurupi,2026-01-17 21:00:00,27.75,62,0.0,-11.7292,-49.0686
Gurupi,2026-01-18 00:00:00,26.26,60,0.0,-11.7292,-49.0686
Gurupi,2026-01-18 03:00:00,25.14,63,0.0,-11.7292,-49.0686
Gurupi,2026-01-18 06:00:00,23.6,71,0.0,-11.7292,-49.0686
Gurupi,2026-01-18 09:00:00,23.12,75,2.0,-11.7292,-49.0686
Gurupi,2026-01-18 12:00:00,27.94,62,10.0,-11.7292,-49.0686
Gurupi,2026-01-18 15:00:00,31.65,52,0.0,-11.7292,-49.0686
Gurupi,2026-01-18 18:00:00,29.49,62,21.0,-11.7292,-49.0686
Gurupi,2026-01-18 21:00:00,28.53,70,78.0,-11.7292,-49.0686
Gurupi,2026-01-19 00:00:00,22.01,95,100.0,-11.7292,-49.0686
Gurupi,2026-01-19 03:00:00,21.29,94,60.0,-11.7292,-49.0686
Gurupi,2026-01-19 06:00:00,20.79,95,50.0,-11.7292,-49.0686
Gurupi,2026-01-19 09:00:00,20.44,94,100.0,-11.7292,-49.0686
Gurupi,2026-01-19 12:00:00,25.24,73,89.0,-11.7292,-49.0686
Gurupi,2026-01-19 15:00:00,30.51,55,0.0,-11.7292,-49.0686
Gurupi,2026-01-19 18:00:00,27.21,75,78.0,-11.7292,-49.0686
Gurupi,2026-01-19 21:00:00,25.94,84,100.0,-11.7292,-49.0686
Gurupi,2026-01-20 00:00:00,22.94,92,100.0,-11.7292,-49.0686
Gurupi,2026-01-20 03:00:00,22.4,93,5.0,-11.7292,-49.0686
Gurupi,2026-01-20 06:00:00,22.22,94,0.0,-11.7292,-49.0686
Gurupi,2026-01-20 09:00:00,21.62,95,0.0,-11.7292,-49.0686
Uruçuí,2026-01-16 12:00:00,25.09,52,0.0,-7.2294,-44.5561
Uruçuí,2026-01-16 15:00:00,29.13,46,0.0,-7.2294,-44.5561
Uruçuí,2026-01-16 18:00:00,34.39,37,0.0,-7.2294,-44.5561
Uruçuí,2026-01-16 21:00:00,29.09,54,0.0,-7.2294,-44.5561
Uruçuí,2026-01-17 00:00:00,26.76,60,0.0,-7.2294,-44.5561
Uruçuí,2026-01-17 03:00:00,25.02,67,0.0,-7.2294,-44.5561
Uruçuí,2026-01-17 06:00:00,23.98,73,0.0,-7.2294,-44.5561
Uruçuí,2026-01-17 09:00:00,24.09,72,0.0,-7.2294,-44.5561
Uruçuí,2026-01-17 12:00:00,28.66,58,0.0,-7.2294,-44.5561
Uruçuí,2026-01-17 15:00:00,31.61,49,26.0,-7.2294,-44.5561
Uruçuí,2026-01-17 18:00:00,29.43,59,16.0,-7.2294,-44.5561
Uruçuí,2026-01-17 21:00:00,27.98,67,0.0,-7.2294,-44.5561
Uruçuí,2026-01-18 00:00:00,24.47,78,0.0,-7.2294,-44.5561
Uruçuí,2026-01-18 03:00:00,23.68,81,0.0,-7.2294,-44.5561
Uruçuí,2026-01-18 06:00:00,22.9,86,0.0,-7.2294,-44.5561
Uruçuí,2026-01-18 09:00:00,21.65,94,67.0,-7.2294,-44.5561
Uruçuí,2026-01-18 12:00:00,24.6,84,100.0,-7.2294,-44.5561
Uruçuí,2026-01-18 15:00:00,27.16,73,100.0,-7.2294,-44.5561
Uruçuí,2026-01-18 18:00:00,27.07,74,100.0,-7.2294,-44.5561
Uruçuí,2026-01-18 21:00:00,23.99,86,100.0,-7.2294,-44.5561
Uruçuí,2026-01-19 00:00:00,22.79,92,97.0,-7.2294,-44.5561
Uruçuí,2026-01-19 03:00:00,22.22,93,0.0,-7.2294,-44.5561
Uruçuí,2026-01-19 06:00:00,22.4,92,0.0,-7.2294,-44.5561
Uruçuí,2026-01-19 09:00:00,21.39,97,29.0,-7.2294,-44.5561
Uruçuí,2026-01-19 12:00:00,25.94,77,0.0,-7.2294,-44.5561
Uruçuí,2026-01-19 15:00:00,28.8,64,100.0,-7.2294,-44.5561
Uruçuí,2026-01-19 18:00:00,27.67,72,100.0,-7.2294,-44.5561
Uruçuí,2026-01-19 21:00:00,23.92,89,100.0,-7.2294,-44.5561
Uruçuí,2026-01-20 00:00:00,23.2,94,100.0,-7.2294,-44.5561
Uruçuí,2026-01-20 03:00:00,22.84,93,0.0,-7.2294,-44.5561
Uruçuí,2026-01-20 06:00:00,22.38,95,0.0,-7.2294,-44.5561
Uruçuí,2026-01-20 09:00:00,21.58,96,0.0,-7.2294,-44.5561
Uruçuí,2026-01-20 12:00:00,26.4,75,0.0,-7.2294,-44.5561
Uruçuí,2026-01-20 15:00:00,28.61,64,100.0,-7.2294,-44.5561
Uruçuí,2026-01-20 18:00:00,28.64,68,100.0,-7.2294,-44.5561
Uruçuí,2026-01-20 21:00:00,25.59,84,100.0,-7.2294,-44.5561
Uruçuí,2026-01-21 00:00:00,23.75,86,100.0,-7.2294,-44.5561
Uruçuí,2026-01-21 03:00:00,23.28,88,8.0,-7.2294,-44.5561
Uruçuí,2026-01-21 06:00:00,21.98,94,73.0,-7.2294,-44.5561
Uruçuí,2026-01-21 09:00:00,22.12,95,100.0,-7.2294,-44.5561
Barreiras,2026-01-16 12:00:00,21.79,62,0.0,-12.1528,-44.99
Barreiras,2026-01-16 15:00:00,28.6,44,0.0,-12.1528,-44.99
Barreiras,2026-01-16 18:00:00,35.31,26,0.0,-12.1528,-44.99
Barreiras,2026-01-16 21:00:00,29.45,44,0.0,-12.1528,-44.99
Barreiras,2026-01-17 00:00:00,25.72,54,0.0,-12.1528,-44.99
Barreiras,2026-01-17 03:00:00,24.4,56,0.0,-12.1528,-44.99
Barreiras,2026-01-17 06:00:00,21.49,67,0.0,-12.1528,-44.99
Barreiras,2026-01-17 09:00:00,20.87,76,0.0,-12.1528,-44.99
Barreiras,2026-01-17 12:00:00,28.95,47,0.0,-12.1528,-44.99
Barreiras,2026-01-17 15:00:00,33.36,36,0.0,-12.1528,-44.99
Barreiras,2026-01-17 18:00:00,35.24,29,0.0,-12.1528,-44.99
Barreiras,2026-01-17 21:00:00,29.31,46,0.0,-12.1528,-44.99
Barreiras,2026-01-18 00:00:00,27.68,47,0.0,-12.1528,-44.99
Barreiras,2026-01-18 03:00:00,24.65,60,46.0,-12.1528,-44.99
Barreiras,2026-01-18 06:00:00,22.18,72,40.0,-12.1528,-44.99
Barreiras,2026-01-18 09:00:00,22.52,71,0.0,-12.1528,-44.99
Barreiras,2026-01-18 12:00:00,25.27,64,0.0,-12.1528,-44.99
Barreiras,2026-01-18 15:00:00,30.75,45,0.0,-12.1528,-44.99
Barreiras,2026-01-18 18:00:00,31.99,40,0.0,-12.1528,-44.99
Barreiras,2026-01-18 21:00:00,28.53,52,0.0,-12.1528,-44.99
Barreiras,2026-01-19 00:00:00,22.83,80,9.0,-12.1528,-44.99
Barreiras,2026-01-19 03:00:00,21.43,87,51.0,-12.1528,-44.99
Barreiras,2026-01-19 06:00:00,19.84,95,39.0,-12.1528,-44.99
Barreiras,2026-01-19 09:00:00,19.6,96,74.0,-12.1528,-44.99
Barreiras,2026-01-19 12:00:00,25.03,77,100.0,-12.1528,-44.99
Barreiras,2026-01-19 15:00:00,29.33,56,100.0,-12.1528,-44.99
Barreiras,2026-01-19 18:00:00,31.27,45,80.0,-12.1528,-44.99
Barreiras,2026-01-19 21:00:00,25.82,72,71.0,-12.1528,-44.99
Barreiras,2026-01-20 00:00:00,22.56,85,44.0,-12.1528,-44.99
Barreiras,2026-01-20 03:00:00,20.94,93,78.0,-12.1528,-44.99
Barreiras,2026-01-20 06:00:00,20.6,97,100.0,-12.1528,-44.99
Barreiras,2026-01-20 09:00:00,20.67,98,98.0,-12.1528,-44.99
Barreiras,2026-01-20 12:00:00,21.6,95,100.0,-12.1528,-44.99
Barreiras,2026-01-20 15:00:00,28.63,64,100.0,-12.1528,-44.99
Barreiras,2026-01-20 18:00:00,27.39,73,100.0,-12.1528,-44.99
Barreiras,2026-01-20 21:00:00,22.27,96,100.0,-12.1528,-44.99
Barreiras,2026-01-21 00:00:00,21.51,97,100.0,-12.1528,-44.99
Barreiras,2026-01-21 03:00:00,21.27,98,96.0,-12.1528,-44.99
Barreiras,2026-01-21 06:00:00,21.15,98,100.0,-12.1528,-44.99
Barreiras,2026-01-21 09:00:00,21.09,99,100.0,-12.1528,-44.99
Balsas,2026-01-16 12:00:00,25.33,58,0.0,-7.5325,-46.0356
Balsas,2026-01-16 15:00:00,29.98,46,0.0,-7.5325,-46.0356
Balsas,2026-01-16 18:00:00,33.82,37,0.0,-7.5325,-46.0356
Balsas,2026-01-16 21:00:00,28.59,55,0.0,-7.5325,-46.0356
Balsas,2026-01-17 00:00:00,27.28,61,0.0,-7.5325,-46.0356
Balsas,2026-01-17 03:00:00,24.74,73,0.0,-7.5325,-46.0356
Balsas,2026-01-17 06:00:00,23.66,77,0.0,-7.5325,-46.0356
Balsas,2026-01-17 09:00:00,22.79,81,0.0,-7.5325,-46.0356
Balsas,2026-01-17 12:00:00,27.75,64,25.0,-7.5325,-46.0356
Balsas,2026-01-17 15:00:00,32.97,42,67.0,-7.5325,-46.0356
Balsas,2026-01-17 18:00:00,29.75,56,55.0,-7.5325,-46.0356
Balsas,2026-01-17 21:00:00,27.99,67,0.0,-7.5325,-46.0356
Balsas,2026-01-18 00:00:00,24.97,77,0.0,-7.5325,-46.0356
Balsas,2026-01-18 03:00:00,23.91,84,1.0,-7.5325,-46.0356
Balsas,2026-01-18 06:00:00,23.19,86,0.0,-7.5325,-46.0356
Balsas,2026-01-18 09:00:00,22.47,88,0.0,-7.5325,-46.0356
Balsas,2026-01-18 12:00:00,26.71,72,0.0,-7.5325,-46.0356
Balsas,2026-01-18 15:00:00,25.96,77,100.0,-7.5325,-46.0356
Balsas,2026-01-18 18:00:00,25.98,78,100.0,-7.5325,-46.0356
Balsas,2026-01-18 21:00:00,24.86,86,100.0,-7.5325,-46.0356
Balsas,2026-01-19 00:00:00,22.93,92,100.0,-7.5325,-46.0356
Balsas,2026-01-19 03:00:00,22.48,93,100.0,-7.5325,-46.0356
Balsas,2026-01-19 06:00:00,21.79,95,96.0,-7.5325,-46.0356
Balsas,2026-01-19 09:00:00,22.08,95,0.0,-7.5325,-46.0356
Balsas,2026-01-19 12:00:00,22.72,94,0.0,-7.5325,-46.0356
Balsas,2026-01-19 15:00:00,27.79,69,89.0,-7.5325,-46.0356
Balsas,2026-01-19 18:00:00,27.51,72,100.0,-7.5325,-46.0356
Balsas,2026-01-19 21:00:00,24.55,87,100.0,-7.5325,-46.0356
Balsas,2026-01-20 00:00:00,23.37,90,100.0,-7.5325,-46.0356
Balsas,2026-01-20 03:00:00,22.32,94,100.0,-7.5325,-46.0356
Balsas,2026-01-20 06:00:00,21.97,95,100.0,-7.5325,-46.0356
Balsas,2026-01-20 09:00:00,21.86,95,0.0,-7.5325,-46.0356
Balsas,2026-01-20 12:00:00,25.63,77,0.0,-7.5325,-46.0356
Balsas,2026-01-20 15:00:00,29.97,56,12.0,-7.5325,-46.0356
Balsas,2026-01-20 18:00:00,28.51,69,100.0,-7.5325,-46.0356
Balsas,2026-01-20 21:00:00,25.1,87,100.0,-7.5325,-46.0356
Balsas,2026-01-21 00:00:00,23.42,90,100.0,-7.5325,-46.0356
Balsas,2026-01-21 03:00:00,23.12,91,29.0,-7.5325,-46.0356
Balsas,2026-01-21 06:00:00,22.88,92,26.0,-7.5325,-46.0356
Balsas,2026-01-21 09:00:00,22.11,94,0.0,-7.5325,-46.0356
Gurupi,2026-01-16 12:00:00,24.55,62,0.0,-11.7292,-49.0686
Gurupi,2026-01-16 15:00:00,29.32,50,0.0,-11.7292,-49.0686
Gurupi,2026-01-16 18:00:00,34.13,36,0.0,-11.7292,-49.0686
Gurupi,2026-01-16 21:00:00,30.8,49,0.0,-11.7292,-49.0686
Gurupi,2026-01-17 00:00:00,26.96,47,0.0,-11.7292,-49.0686
Gurupi,2026-01-17 03:00:00,27.65,48,0.0,-11.7292,-49.0686
Gurupi,2026-01-17 06:00:00,25.94,55,0.0,-11.7292,-49.0686
Gurupi,2026-01-17 09:00:00,23.86,64,0.0,-11.7292,-49.0686
Gurupi,2026-01-17 12:00:00,28.97,54,0.0,-11.7292,-49.0686
Gurupi,2026-01-17 15:00:00,33.16,40,0.0,-11.7292,-49.0686
Gurupi,2026-01-17 18:00:00,34.17,38,0.0,-11.7292,-49.0686
Gurupi,2026-01-17 21:00:00,30.46,53,0.0,-11.7292,-49.0686
Gurupi,2026-01-18 00:00:00,27.15,52,0.0,-11.7292,-49.0686
Gurupi,2026-01-18 03:00:00,24.94,62,20.0,-11.7292,-49.0686
Gurupi,2026-01-18 06:00:00,22.84,76,27.0,-11.7292,-49.0686
Gurupi,2026-01-18 09:00:00,22.19,85,5.0,-11.7292,-49.0686
Gurupi,2026-01-18 12:00:00,28.03,65,4.0,-11.7292,-49.0686
Gurupi,2026-01-18 15:00:00,32.53,48,0.0,-11.7292,-49.0686
Gurupi,2026-01-18 18:00:00,32.52,49,0.0,-11.7292,-49.0686
Gurupi,2026-01-18 21:00:00,24.72,82,73.0,-11.7292,-49.0686
Gurupi,2026-01-19 00:00:00,22.28,95,100.0,-11.7292,-49.0686
Gurupi,2026-01-19 03:00:00,21.27,95,100.0,-11.7292,-49.0686
Gurupi,2026-01-19 06:00:00,21.75,95,100.0,-11.7292,-49.0686
Gurupi,2026-01-19 09:00:00,22.01,94,81.0,-11.7292,-49.0686
Gurupi,2026-01-19 12:00:00,23.98,87,59.0,-11.7292,-49.0686
Gurupi,2026-01-19 15:00:00,28.79,67,95.0,-11.7292,-49.0686
Gurupi,2026-01-19 18:00:00,30.92,58,100.0,-11.7292,-49.0686
Gurupi,2026-01-19 21:00:00,24.7,88,100.0,-11.7292,-49.0686
Gurupi,2026-01-20 00:00:00,22.07,95,100.0,-11.7292,-49.0686
Gurupi,2026-01-20 03:00:00,21.98,95,59.0,-11.7292,-49.0686
Gurupi,2026-01-20 06:00:00,22.22,95,42.0,-11.7292,-49.0686
Gurupi,2026-01-20 09:00:00,21.96,97,1.0,-11.7292,-49.0686
Gurupi,2026-01-20 12:00:00,24.97,80,0.0,-11.7292,-49.0686
Gurupi,2026-01-20 15:00:00,28.46,66,32.0,-11.7292,-49.0686
Gurupi,2026-01-20 18:00:00,28.33,67,100.0,-11.7292,-49.0686
Gurupi,2026-01-20 21:00:00,27.64,75,96.0,-11.7292,-49.0686
Gurupi,2026-01-21 00:00:00,23.49,90,100.0,-11.7292,-49.0686
Gurupi,2026-01-21 03:00:00,22.15,97,100.0,-11.7292,-49.0686
Gurupi,2026-01-21 06:00:00,21.8,98,100.0,-11.7292,-49.0686
Gurupi,2026-01-21 09:00:00,21.21,99,100.0,-11.7292,-49.0686
Uruçuí,2026-01-17 12:00:00,24.33,71,84.0,-7.2294,-44.5561
Uruçuí,2026-01-17 15:00:00,29.84,51,0.0,-7.2294,-44.5561
Uruçuí,2026-01-17 18:00:00,29.49,55,20.0,-7.2294,-44.5561
Uruçuí,2026-01-17 21:00:00,26.45,69,0.0,-7.2294,-44.5561
Uruçuí,2026-01-18 00:00:00,24.59,80,0.0,-7.2294,-44.5561
Uruçuí,2026-01-18 03:00:00,23.57,87,0.0,-7.2294,-44.5561
Uruçuí,2026-01-18 06:00:00,22.47,91,0.0,-7.2294,-44.5561
Uruçuí,2026-01-18 09:00:00,21.73,95,0.0,-7.2294,-44.5561
Uruçuí,2026-01-18 12:00:00,26.24,78,100.0,-7.2294,-44.5561
Uruçuí,2026-01-18 15:00:00,27.54,73,100.0,-7.2294,-44.5561
Uruçuí,2026-01-18 18:00:00,26.61,76,100.0,-7.2294,-44.5561
Uruçuí,2026-01-18 21:00:00,23.77,92,100.0,-7.2294,-44.5561
Uruçuí,2026-01-19 00:00:00,23.48,91,80.0,-7.2294,-44.5561
Uruçuí,2026-01-19 03:00:00,22.97,92,38.0,-7.2294,-44.5561
Uruçuí,2026-01-19 06:00:00,22.12,95,100.0,-7.2294,-44.5561
Uruçuí,2026-01-19 09:00:00,21.48,95,0.0,-7.2294,-44.5561
Uruçuí,2026-01-19 12:00:00,25.99,73,0.0,-7.2294,-44.5561
Uruçuí,2026-01-19 15:00:00,31.19,50,24.0,-7.2294,-44.5561
Uruçuí,2026-01-19 18:00:00,28.82,62,20.0,-7.2294,-44.5561
Uruçuí,2026-01-19 21:00:00,25.8,82,95.0,-7.2294,-44.5561
Uruçuí,2026-01-20 00:00:00,24.11,86,99.0,-7.2294,-44.5561
Uruçuí,2026-01-20 03:00:00,23.25,88,99.0,-7.2294,-44.5561
Uruçuí,2026-01-20 06:00:00,21.84,94,86.0,-7.2294,-44.5561
Uruçuí,2026-01-20 09:00:00,21.05,96,0.0,-7.2294,-44.5561
Uruçuí,2026-01-20 12:00:00,26.11,72,0.0,-7.2294,-44.5561
Uruçuí,2026-01-20 15:00:00,29.61,56,99.0,-7.2294,-44.5561
Uruçuí,2026-01-20 18:00:00,29.98,56,100.0,-7.2294,-44.5561
Uruçuí,2026-01-20 21:00:00,25.4,79,100.0,-7.2294,-44.5561
Uruçuí,2026-01-21 00:00:00,24.25,82,77.0,-7.2294,-44.5561
Uruçuí,2026-01-21 03:00:00,23.22,86,4.0,-7.2294,-44.5561
Uruçuí,2026-01-21 06:00:00,22.29,92,71.0,-7.2294,-44.5561
Uruçuí,2026-01-21 09:00:00,21.71,95,100.0,-7.2294,-44.5561
Uruçuí,2026-01-21 12:00:00,26.53,75,95.0,-7.2294,-44.5561
Uruçuí,2026-01-21 15:00:00,28.46,68,100.0,-7.2294,-44.5561
Uruçuí,2026-01-21 18:00:00,28.99,67,100.0,-7.2294,-44.5561
Uruçuí,2026-01-21 21:00:00,25.54,84,75.0,-7.2294,-44.5561
Uruçuí,2026-01-22 00:00:00,24.21,87,88.0,-7.2294,-44.5561
Uruçuí,2026-01-22 03:00:00,23.46,89,0.0,-7.2294,-44.5561
Uruçuí,2026-01-22 06:00:00,22.2,92,35.0,-7.2294,-44.5561
Uruçuí,2026-01-22 09:00:00,21.41,96,100.0,-7.2294,-44.5561
Barreiras,2026-01-17 12:00:00,22.82,68,0.0,-12.1528,-44.99
Barreiras,2026-01-17 15:00:00,29.21,47,0.0,-12.1528,-44.99
Barreiras,2026-01-17 18:00:00,34.88,27,0.0,-12.1528,-44.99
Barreiras,2026-01-17 21:00:00,29.5,38,0.0,-12.1528,-44.99
Barreiras,2026-01-18 00:00:00,27.7,43,0.0,-12.1528,-44.99
Barreiras,2026-01-18 03:00:00,25.97,49,0.0,-12.1528,-44.99
Barreiras,2026-01-18 06:00:00,22.6,70,20.0,-12.1528,-44.99
Barreiras,2026-01-18 09:00:00,21.34,76,20.0,-12.1528,-44.99
Barreiras,2026-01-18 12:00:00,26.69,56,0.0,-12.1528,-44.99
Barreiras,2026-01-18 15:00:00,33.06,38,0.0,-12.1528,-44.99
Barreiras,2026-01-18 18:00:00,30.94,44,0.0,-12.1528,-44.99
Barreiras,2026-01-18 21:00:00,25.54,70,22.0,-12.1528,-44.99
Barreiras,2026-01-19 00:00:00,20.74,94,100.0,-12.1528,-44.99
Barreiras,2026-01-19 03:00:00,20.37,96,100.0,-12.1528,-44.99
Barreiras,2026-01-19 06:00:00,19.72,98,100.0,-12.1528,-44.99
Barreiras,2026-01-19 09:00:00,19.99,97,41.0,-12.1528,-44.99
Barreiras,2026-01-19 12:00:00,23.43,83,0.0,-12.1528,-44.99
Barreiras,2026-01-19 15:00:00,28.53,63,100.0,-12.1528,-44.99
Barreiras,2026-01-19 18:00:00,30.76,51,100.0,-12.1528,-44.99
Barreiras,2026-01-19 21:00:00,24.97,82,100.0,-12.1528,-44.99
Barreiras,2026-01-20 00:00:00,21.79,93,100.0,-12.1528,-44.99
Barreiras,2026-01-20 03:00:00,20.99,97,76.0,-12.1528,-44.99
Barreiras,2026-01-20 06:00:00,20.36,97,55.0,-12.1528,-44.99
Barreiras,2026-01-20 09:00:00,20.63,97,46.0,-12.1528,-44.99
Barreiras,2026-01-20 12:00:00,22.86,91,100.0,-12.1528,-44.99
Barreiras,2026-01-20 15:00:00,23.22,90,100.0,-12.1528,-44.99
Barreiras,2026-01-20 18:00:00,24.28,86,100.0,-12.1528,-44.99
Barreiras,2026-01-20 21:00:00,23.71,86,100.0,-12.1528,-44.99
Barreiras,2026-01-21 00:00:00,21.4,96,100.0,-12.1528,-44.99
Barreiras,2026-01-21 03:00:00,20.92,99,100.0,-12.1528,-44.99
Barreiras,2026-01-21 06:00:00,20.89,99,100.0,-12.1528,-44.99
Barreiras,2026-01-21 09:00:00,20.87,99,87.0,-12.1528,-44.99
Barreiras,2026-01-21 12:00:00,21.78,96,100.0,-12.1528,-44.99
Barreiras,2026-01-21 15:00:00,22.44,92,100.0,-12.1528,-44.99
Barreiras,2026-01-21 18:00:00,25.15,77,77.0,-12.1528,-44.99
Barreiras,2026-01-21 21:00:00,22.65,86,77.0,-12.1528,-44.99
Barreiras,2026-01-22 00:00:00,21.23,96,100.0,-12.1528,-44.99
Barreiras,2026-01-22 03:00:00,20.69,97,100.0,-12.1528,-44.99
Barreiras,2026-01-22 06:00:00,20.64,96,100.0,-12.1528,-44.99
Barreiras,2026-01-22 09:00:00,20.42,96,0.0,-12.1528,-44.99
Balsas,2026-01-17 12:00:00,25.73,64,0.0,-7.5325,-46.0356
Balsas,2026-01-17 15:00:00,30.04,51,1.0,-7.5325,-46.0356
Balsas,2026-01-17 18:00:00,30.03,54,0.0,-7.5325,-46.0356
Balsas,2026-01-17 21:00:00,27.09,69,0.0,-7.5325,-46.0356
Balsas,2026-01-18 00:00:00,25.46,73,0.0,-7.5325,-46.0356
Balsas,2026-01-18 03:00:00,23.84,82,0.0,-7.5325,-46.0356
Balsas,2026-01-18 06:00:00,23.41,85,0.0,-7.5325,-46.0356
Balsas,2026-01-18 09:00:00,23.32,85,0.0,-7.5325,-46.0356
Balsas,2026-01-18 12:00:00,27.81,67,0.0,-7.5325,-46.0356
Balsas,2026-01-18 15:00:00,28.11,69,100.0,-7.5325,-46.0356
Balsas,2026-01-18 18:00:00,27.94,69,100.0,-7.5325,-46.0356
Balsas,2026-01-18 21:00:00,25.22,84,100.0,-7.5325,-46.0356
Balsas,2026-01-19 00:00:00,23.08,92,100.0,-7.5325,-46.0356
Balsas,2026-01-19 03:00:00,22.84,94,0.0,-7.5325,-46.0356
Balsas,2026-01-19 06:00:00,22.08,95,26.0,-7.5325,-46.0356
Balsas,2026-01-19 09:00:00,21.47,95,0.0,-7.5325,-46.0356
Balsas,2026-01-19 12:00:00,26.72,70,0.0,-7.5325,-46.0356
Balsas,2026-01-19 15:00:00,30.93,53,45.0,-7.5325,-46.0356
Balsas,2026-01-19 18:00:00,28.28,67,76.0,-7.5325,-46.0356
Balsas,2026-01-19 21:00:00,25.81,82,100.0,-7.5325,-46.0356
Balsas,2026-01-20 00:00:00,23.33,90,100.0,-7.5325,-46.0356
Balsas,2026-01-20 03:00:00,22.16,93,0.0,-7.5325,-46.0356
Balsas,2026-01-20 06:00:00,21.77,94,0.0,-7.5325,-46.0356
Balsas,2026-01-20 09:00:00,21.02,96,0.0,-7.5325,-46.0356
Balsas,2026-01-20 12:00:00,25.94,71,0.0,-7.5325,-46.0356
Balsas,2026-01-20 15:00:00,31.31,48,0.0,-7.5325,-46.0356
Balsas,2026-01-20 18:00:00,28.08,64,20.0,-7.5325,-46.0356
Balsas,2026-01-20 21:00:00,25.29,84,100.0,-7.5325,-46.0356
Balsas,2026-01-21 00:00:00,22.97,91,100.0,-7.5325,-46.0356
Balsas,2026-01-21 03:00:00,22.66,91,0.0,-7.5325,-46.0356
Balsas,2026-01-21 06:00:00,22.41,91,0.0,-7.5325,-46.0356
Balsas,2026-01-21 09:00:00,21.38,94,0.0,-7.5325,-46.0356
Balsas,2026-01-21 12:00:00,25.9,76,0.0,-7.5325,-46.0356
Balsas,2026-01-21 15:00:00,29.16,62,100.0,-7.5325,-46.0356
Balsas,2026-01-21 18:00:00,29.31,61,100.0,-7.5325,-46.0356
Balsas,2026-01-21 21:00:00,25.06,82,100.0,-7.5325,-46.0356
Balsas,2026-01-22 00:00:00,23.53,89,100.0,-7.5325,-46.0356
Balsas,2026-01-22 03:00:00,23.2,91,34.0,-7.5325,-46.0356
Balsas,2026-01-22 06:00:00,22.4,93,80.0,-7.5325,-46.0356
Balsas,2026-01-22 09:00:00,21.97,95,100.0,-7.5325,-46.0356
Gurupi,2026-01-17 12:00:00,24.89,63,0.0,-11.7292,-49.0686
Gurupi,2026-01-17 15:00:00,30.52,46,0.0,-11.7292,-49.0686
Gurupi,2026-01-17 18:00:00,33.85,37,0.0,-11.7292,-49.0686
Gurupi,2026-01-17 21:00:00,30.5,52,0.0,-11.7292,-49.0686
Gurupi,2026-01-18 00:00:00,26.14,57,0.0,-11.7292,-49.0686
Gurupi,2026-01-18 03:00:00,25.42,57,0.0,-11.7292,-49.0686
Gurupi,2026-01-18 06:00:00,24.67,65,0.0,-11.7292,-49.0686
Gurupi,2026-01-18 09:00:00,23.03,74,0.0,-11.7292,-49.0686
Gurupi,2026-01-18 12:00:00,27.99,63,0.0,-11.7292,-49.0686
Gurupi,2026-01-18 15:00:00,32.67,47,0.0,-11.7292,-49.0686
Gurupi,2026-01-18 18:00:00,34.16,40,0.0,-11.7292,-49.0686
Gurupi,2026-01-18 21:00:00,31.14,56,0.0,-11.7292,-49.0686
Gurupi,2026-01-19 00:00:00,26.04,68,0.0,-11.7292,-49.0686
Gurupi,2026-01-19 03:00:00,22.24,88,100.0,-11.7292,-49.0686
Gurupi,2026-01-19 06:00:00,21.87,94,100.0,-11.7292,-49.0686
Gurupi,2026-01-19 09:00:00,21.5,94,0.0,-11.7292,-49.0686
Gurupi,2026-01-19 12:00:00,26.86,73,0.0,-11.7292,-49.0686
Gurupi,2026-01-19 15:00:00,31.36,53,100.0,-11.7292,-49.0686
Gurupi,2026-01-19 18:00:00,32.69,47,100.0,-11.7292,-49.0686
Gurupi,2026-01-19 21:00:00,27.95,70,0.0,-11.7292,-49.0686
Gurupi,2026-01-20 00:00:00,26.87,66,0.0,-11.7292,-49.0686
Gurupi,2026-01-20 03:00:00,22.46,93,100.0,-11.7292,-49.0686
Gurupi,2026-01-20 06:00:00,22.58,92,71.0,-11.7292,-49.0686
Gurupi,2026-01-20 09:00:00,22.39,93,63.0,-11.7292,-49.0686
Gurupi,2026-01-20 12:00:00,24.02,87,83.0,-11.7292,-49.0686
Gurupi,2026-01-20 15:00:00,25.06,85,100.0,-11.7292,-49.0686
Gurupi,2026-01-20 18:00:00,23.38,94,100.0,-11.7292,-49.0686
Gurupi,2026-01-20 21:00:00,22.02,99,100.0,-11.7292,-49.0686
Gurupi,2026-01-21 00:00:00,21.62,94,100.0,-11.7292,-49.0686
Gurupi,2026-01-21 03:00:00,21.97,97,92.0,-11.7292,-49.0686
Gurupi,2026-01-21 06:00:00,22.09,96,100.0,-11.7292,-49.0686
Gurupi,2026-01-21 09:00:00,21.88,97,82.0,-11.7292,-49.0686
Gurupi,2026-01-21 12:00:00,22.4,94,100.0,-11.7292,-49.0686
Gurupi,2026-01-21 15:00:00,23.19,92,100.0,-11.7292,-49.0686
Gurupi,2026-01-21 18:00:00,22.12,95,100.0,-11.7292,-49.0686
Gurupi,2026-01-21 21:00:00,21.65,97,100.0,-11.7292,-49.0686
Gurupi,2026-01-22 00:00:00,21.41,96,100.0,-11.7292,-49.0686
Gurupi,2026-01-22 03:00:00,21.16,98,49.0,-11.7292,-49.0686
Gurupi,2026-01-22 06:00:00,21.11,98,0.0,-11.7292,-49.0686
Gurupi,2026-01-22 09:00:00,21.07,97,11.0,-11.7292,-49.0686
Uruçuí,2026-01-18 12:00:00,24.45,80,100.0,-7.2294,-44.5561
Uruçuí,2026-01-18 15:00:00,25.83,75,100.0,-7.2294,-44.5561
Uruçuí,2026-01-18 18:00:00,23.25,92,100.0,-7.2294,-44.5561
Uruçuí,2026-01-18 21:00:00,22.62,95,68.0,-7.2294,-44.5561
Uruçuí,2026-01-19 00:00:00,21.85,96,0.0,-7.2294,-44.5561
Uruçuí,2026-01-19 03:00:00,21.63,97,0.0,-7.2294,-44.5561
Uruçuí,2026-01-19 06:00:00,21.07,97,0.0,-7.2294,-44.5561
Uruçuí,2026-01-19 09:00:00,20.54,98,0.0,-7.2294,-44.5561
Uruçuí,2026-01-19 12:00:00,25.89,74,0.0,-7.2294,-44.5561
Uruçuí,2026-01-19 15:00:00,31.21,48,0.0,-7.2294,-44.5561
Uruçuí,2026-01-19 18:00:00,28.59,61,20.0,-7.2294,-44.5561
Uruçuí,2026-01-19 21:00:00,27.05,67,9.0,-7.2294,-44.5561
Uruçuí,2026-01-20 00:00:00,26.16,66,0.0,-7.2294,-44.5561
Uruçuí,2026-01-20 03:00:00,24.12,75,0.0,-7.2294,-44.5561
Uruçuí,2026-01-20 06:00:00,23.35,78,0.0,-7.2294,-44.5561
Uruçuí,2026-01-20 09:00:00,21.93,87,0.0,-7.2294,-44.5561
Uruçuí,2026-01-20 12:00:00,26.93,64,0.0,-7.2294,-44.5561
Uruçuí,2026-01-20 15:00:00,30.77,50,11.0,-7.2294,-44.5561
Uruçuí,2026-01-20 18:00:00,28.83,64,100.0,-7.2294,-44.5561
Uruçuí,2026-01-20 21:00:00,24.87,85,100.0,-7.2294,-44.5561
Uruçuí,2026-01-21 00:00:00,23.85,85,80.0,-7.2294,-44.5561
Uruçuí,2026-01-21 03:00:00,22.79,88,0.0,-7.2294,-44.5561
Uruçuí,2026-01-21 06:00:00,21.76,94,100.0,-7.2294,-44.5561
Uruçuí,2026-01-21 09:00:00,21.84,94,87.0,-7.2294,-44.5561
Uruçuí,2026-01-21 12:00:00,25.51,80,96.0,-7.2294,-44.5561
Uruçuí,2026-01-21 15:00:00,26.19,75,94.0,-7.2294,-44.5561
Uruçuí,2026-01-21 18:00:00,30.56,56,100.0,-7.2294,-44.5561
Uruçuí,2026-01-21 21:00:00,25.57,85,100.0,-7.2294,-44.5561
Uruçuí,2026-01-22 00:00:00,24.53,87,100.0,-7.2294,-44.5561
Uruçuí,2026-01-22 03:00:00,23.51,89,0.0,-7.2294,-44.5561
Uruçuí,2026-01-22 06:00:00,22.51,94,100.0,-7.2294,-44.5561
Uruçuí,2026-01-22 09:00:00,22.4,93,100.0,-7.2294,-44.5561
Uruçuí,2026-01-22 12:00:00,27.08,74,100.0,-7.2294,-44.5561
Uruçuí,2026-01-22 15:00:00,28.47,71,100.0,-7.2294,-44.5561
Uruçuí,2026-01-22 18:00:00,29.44,65,100.0,-7.2294,-44.5561
Uruçuí,2026-01-22 21:00:00,26.0,82,100.0,-7.2294,-44.5561
Uruçuí,2026-01-23 00:00:00,24.26,86,100.0,-7.2294,-44.5561
Uruçuí,2026-01-23 03:00:00,23.38,91,100.0,-7.2294,-44.5561
Uruçuí,2026-01-23 06:00:00,22.82,94,80.0,-7.2294,-44.5561
Uruçuí,2026-01-23 09:00:00,22.13,94,99.0,-7.2294,-44.5561
Barreiras,2026-01-18 12:00:00,22.16,85,0.0,-12.1528,-44.99
Barreiras,2026-01-18 15:00:00,27.65,60,0.0,-12.1528,-44.99
Barreiras,2026-01-18 18:00:00,30.93,45,0.0,-12.1528,-44.99
Barreiras,2026-01-18 21:00:00,27.64,57,24.0,-12.1528,-44.99
Barreiras,2026-01-19 00:00:00,21.92,87,91.0,-12.1528,-44.99
Barreiras,2026-01-19 03:00:00,20.11,96,100.0,-12.1528,-44.99
Barreiras,2026-01-19 06:00:00,20.38,98,100.0,-12.1528,-44.99
Barreiras,2026-01-19 09:00:00,20.65,97,95.0,-12.1528,-44.99
Barreiras,2026-01-19 12:00:00,22.18,91,100.0,-12.1528,-44.99
Barreiras,2026-01-19 15:00:00,27.62,61,0.0,-12.1528,-44.99
Barreiras,2026-01-19 18:00:00,30.91,47,0.0,-12.1528,-44.99
Barreiras,2026-01-19 21:00:00,24.1,89,100.0,-12.1528,-44.99
Barreiras,2026-01-20 00:00:00,20.91,97,100.0,-12.1528,-44.99
Barreiras,2026-01-20 03:00:00,20.66,97,100.0,-12.1528,-44.99
Barreiras,2026-01-20 06:00:00,20.77,98,80.0,-12.1528,-44.99
Barreiras,2026-01-20 09:00:00,20.69,98,13.0,-12.1528,-44.99
Barreiras,2026-01-20 12:00:00,23.91,87,100.0,-12.1528,-44.99
Barreiras,2026-01-20 15:00:00,22.72,91,100.0,-12.1528,-44.99
Barreiras,2026-01-20 18:00:00,26.04,72,100.0,-12.1528,-44.99
Barreiras,2026-01-20 21:00:00,23.14,89,100.0,-12.1528,-44.99
Barreiras,2026-01-21 00:00:00,21.49,94,98.0,-12.1528,-44.99
Barreiras,2026-01-21 03:00:00,21.03,97,0.0,-12.1528,-44.99
Barreiras,2026-01-21 06:00:00,20.82,99,29.0,-12.1528,-44.99
Barreiras,2026-01-21 09:00:00,20.39,99,46.0,-12.1528,-44.99
Barreiras,2026-01-21 12:00:00,20.82,98,100.0,-12.1528,-44.99
Barreiras,2026-01-21 15:00:00,21.43,95,100.0,-12.1528,-44.99
Barreiras,2026-01-21 18:00:00,26.42,68,71.0,-12.1528,-44.99
Barreiras,2026-01-21 21:00:00,22.77,89,97.0,-12.1528,-44.99
Barreiras,2026-01-22 00:00:00,21.29,96,100.0,-12.1528,-44.99
Barreiras,2026-01-22 03:00:00,21.01,98,100.0,-12.1528,-44.99
Barreiras,2026-01-22 06:00:00,20.7,99,100.0,-12.1528,-44.99
Barreiras,2026-01-22 09:00:00,20.55,99,100.0,-12.1528,-44.99
Barreiras,2026-01-22 12:00:00,20.99,99,100.0,-12.1528,-44.99
Barreiras,2026-01-22 15:00:00,22.71,93,100.0,-12.1528,-44.99
Barreiras,2026-01-22 18:00:00,23.43,91,100.0,-12.1528,-44.99
Barreiras,2026-01-22 21:00:00,22.06,96,100.0,-12.1528,-44.99
Barreiras,2026-01-23 00:00:00,20.99,99,100.0,-12.1528,-44.99
Barreiras,2026-01-23 03:00:00,20.78,98,89.0,-12.1528,-44.99
Barreiras,2026-01-23 06:00:00,20.36,98,95.0,-12.1528,-44.99
Barreiras,2026-01-23 09:00:00,19.81,97,11.0,-12.1528,-44.99
Balsas,2026-01-18 12:00:00,23.78,88,90.0,-7.5325,-46.0356
Balsas,2026-01-18 15:00:00,25.83,80,100.0,-7.5325,-46.0356
Balsas,2026-01-18 18:00:00,26.39,77,100.0,-7.5325,-46.0356
Balsas,2026-01-18 21:00:00,24.1,89,100.0,-7.5325,-46.0356
Balsas,2026-01-19 00:00:00,22.7,95,80.0,-7.5325,-46.0356
Balsas,2026-01-19 03:00:00,22.43,96,0.0,-7.5325,-46.0356
Balsas,2026-01-19 06:00:00,22.04,96,0.0,-7.5325,-46.0356
Balsas,2026-01-19 09:00:00,21.1,98,0.0,-7.5325,-46.0356
Balsas,2026-01-19 12:00:00,25.72,76,0.0,-7.5325,-46.0356
Balsas,2026-01-19 15:00:00,31.05,52,8.0,-7.5325,-46.0356
Balsas,2026-01-19 18:00:00,29.14,60,56.0,-7.5325,-46.0356
Balsas,2026-01-19 21:00:00,26.32,74,86.0,-7.5325,-46.0356
Balsas,2026-01-20 00:00:00,23.59,84,77.0,-7.5325,-46.0356
Balsas,2026-01-20 03:00:00,23.36,83,0.0,-7.5325,-46.0356
Balsas,2026-01-20 06:00:00,23.42,83,0.0,-7.5325,-46.0356
Balsas,2026-01-20 09:00:00,23.01,84,0.0,-7.5325,-46.0356
Balsas,2026-01-20 12:00:00,26.21,68,0.0,-7.5325,-46.0356
Balsas,2026-01-20 15:00:00,27.44,69,100.0,-7.5325,-46.0356
Balsas,2026-01-20 18:00:00,27.65,71,100.0,-7.5325,-46.0356
Balsas,2026-01-20 21:00:00,25.39,81,100.0,-7.5325,-46.0356
Balsas,2026-01-21 00:00:00,23.92,86,100.0,-7.5325,-46.0356
Balsas,2026-01-21 03:00:00,22.69,90,31.0,-7.5325,-46.0356
Balsas,2026-01-21 06:00:00,22.45,91,0.0,-7.5325,-46.0356
Balsas,2026-01-21 09:00:00,22.17,92,0.0,-7.5325,-46.0356
Balsas,2026-01-21 12:00:00,25.91,76,28.0,-7.5325,-46.0356
Balsas,2026-01-21 15:00:00,29.05,64,100.0,-7.5325,-46.0356
Balsas,2026-01-21 18:00:00,28.08,71,100.0,-7.5325,-46.0356
Balsas,2026-01-21 21:00:00,24.68,87,100.0,-7.5325,-46.0356
Balsas,2026-01-22 00:00:00,23.91,90,100.0,-7.5325,-46.0356
Balsas,2026-01-22 03:00:00,23.32,91,100.0,-7.5325,-46.0356
Balsas,2026-01-22 06:00:00,22.82,93,80.0,-7.5325,-46.0356
Balsas,2026-01-22 09:00:00,22.32,92,0.0,-7.5325,-46.0356
Balsas,2026-01-22 12:00:00,24.96,83,95.0,-7.5325,-46.0356
Balsas,2026-01-22 15:00:00,27.04,75,100.0,-7.5325,-46.0356
Balsas,2026-01-22 18:00:00,29.12,64,100.0,-7.5325,-46.0356
Balsas,2026-01-22 21:00:00,23.63,93,100.0,-7.5325,-46.0356
Balsas,2026-01-23 00:00:00,23.13,94,100.0,-7.5325,-46.0356
Balsas,2026-01-23 03:00:00,22.96,94,53.0,-7.5325,-46.0356
Balsas,2026-01-23 06:00:00,22.55,94,49.0,-7.5325,-46.0356
Balsas,2026-01-23 09:00:00,21.78,95,31.0,-7.5325,-46.0356
Gurupi,2026-01-18 12:00:00,23.31,78,0.0,-11.7292,-49.0686
Gurupi,2026-01-18 15:00:00,28.07,62,0.0,-11.7292,-49.0686
Gurupi,2026-01-18 18:00:00,32.65,47,0.0,-11.7292,-49.0686
Gurupi,2026-01-18 21:00:00,30.21,62,0.0,-11.7292,-49.0686
Gurupi,2026-01-19 00:00:00,25.68,71,0.0,-11.7292,-49.0686
Gurupi,2026-01-19 03:00:00,23.94,77,48.0,-11.7292,-49.0686
Gurupi,2026-01-19 06:00:00,21.37,95,100.0,-11.7292,-49.0686
Gurupi,2026-01-19 09:00:00,21.63,96,84.0,-11.7292,-49.0686
Gurupi,2026-01-19 12:00:00,26.01,77,35.0,-11.7292,-49.0686
Gurupi,2026-01-19 15:00:00,30.53,58,69.0,-11.7292,-49.0686
Gurupi,2026-01-19 18:00:00,30.39,59,56.0,-11.7292,-49.0686
Gurupi,2026-01-19 21:00:00,24.45,84,90.0,-11.7292,-49.0686
Gurupi,2026-01-20 00:00:00,25.21,76,85.0,-11.7292,-49.0686
Gurupi,2026-01-20 03:00:00,22.67,95,100.0,-11.7292,-49.0686
Gurupi,2026-01-20 06:00:00,23.08,93,100.0,-11.7292,-49.0686
Gurupi,2026-01-20 09:00:00,22.73,93,100.0,-11.7292,-49.0686
Gurupi,2026-01-20 12:00:00,22.79,92,100.0,-11.7292,-49.0686
Gurupi,2026-01-20 15:00:00,22.44,96,100.0,-11.7292,-49.0686
Gurupi,2026-01-20 18:00:00,22.37,97,100.0,-11.7292,-49.0686
Gurupi,2026-01-20 21:00:00,21.96,96,21.0,-11.7292,-49.0686
Gurupi,2026-01-21 00:00:00,21.85,95,2.0,-11.7292,-49.0686
Gurupi,2026-01-21 03:00:00,21.4,97,0.0,-11.7292,-49.0686
Gurupi,2026-01-21 06:00:00,21.49,98,57.0,-11.7292,-49.0686
Gurupi,2026-01-21 09:00:00,21.26,97,35.0,-11.7292,-49.0686
Gurupi,2026-01-21 12:00:00,23.36,89,36.0,-11.7292,-49.0686
Gurupi,2026-01-21 15:00:00,24.8,83,100.0,-11.7292,-49.0686
Gurupi,2026-01-21 18:00:00,24.17,88,100.0,-11.7292,-49.0686
Gurupi,2026-01-21 21:00:00,22.74,92,100.0,-11.7292,-49.0686
Gurupi,2026-01-22 00:00:00,21.99,95,100.0,-11.7292,-49.0686
Gurupi,2026-01-22 03:00:00,21.84,95,0.0,-11.7292,-49.0686
Gurupi,2026-01-22 06:00:00,21.52,95,0.0,-11.7292,-49.0686
Gurupi,2026-01-22 09:00:00,21.41,96,0.0,-11.7292,-49.0686
Gurupi,2026-01-22 12:00:00,22.96,92,26.0,-11.7292,-49.0686
Gurupi,2026-01-22 15:00:00,24.21,86,100.0,-11.7292,-49.0686
Gurupi,2026-01-22 18:00:00,23.16,91,100.0,-11.7292,-49.0686
Gurupi,2026-01-22 21:00:00,22.39,95,0.0,-11.7292,-49.0686
Gurupi,2026-01-23 00:00:00,21.7,95,0.0,-11.7292,-49.0686
Gurupi,2026-01-23 03:00:00,21.08,96,0.0,-11.7292,-49.0686
Gurupi,2026-01-23 06:00:00,20.49,96,0.0,-11.7292,-49.0686
Gurupi,2026-01-23 09:00:00,20.49,96,0.0,-11.7292,-49.0686
Uruçuí,2026-01-19 12:00:00,23.65,85,0.0,-7.2294,-44.5561
Uruçuí,2026-01-19 15:00:00,28.09,64,0.0,-7.2294,-44.5561
Uruçuí,2026-01-19 18:00:00,30.75,49,0.0,-7.2294,-44.5561
Uruçuí,2026-01-19 21:00:00,27.57,62,0.0,-7.2294,-44.5561
Uruçuí,2026-01-20 00:00:00,25.41,67,0.0,-7.2294,-44.5561
Uruçuí,2026-01-20 03:00:00,23.83,70,0.0,-7.2294,-44.5561
Uruçuí,2026-01-20 06:00:00,22.72,71,0.0,-7.2294,-44.5561
Uruçuí,2026-01-20 09:00:00,21.64,79,0.0,-7.2294,-44.5561
Uruçuí,2026-01-20 12:00:00,26.38,64,0.0,-7.2294,-44.5561
Uruçuí,2026-01-20 15:00:00,31.22,49,35.0,-7.2294,-44.5561
Uruçuí,2026-01-20 18:00:00,29.82,55,34.0,-7.2294,-44.5561
Uruçuí,2026-01-20 21:00:00,25.37,81,100.0,-7.2294,-44.5561
Uruçuí,2026-01-21 00:00:00,23.63,87,100.0,-7.2294,-44.5561
Uruçuí,2026-01-21 03:00:00,22.84,88,0.0,-7.2294,-44.5561
Uruçuí,2026-01-21 06:00:00,22.22,90,0.0,-7.2294,-44.5561
Uruçuí,2026-01-21 09:00:00,21.29,95,30.0,-7.2294,-44.5561
Uruçuí,2026-01-21 12:00:00,26.31,75,39.0,-7.2294,-44.5561
Uruçuí,2026-01-21 15:00:00,29.54,61,100.0,-7.2294,-44.5561
Uruçuí,2026-01-21 18:00:00,29.36,62,100.0,-7.2294,-44.5561
Uruçuí,2026-01-21 21:00:00,24.82,88,100.0,-7.2294,-44.5561
Uruçuí,2026-01-22 00:00:00,24.39,88,80.0,-7.2294,-44.5561
Uruçuí,2026-01-22 03:00:00,23.55,89,100.0,-7.2294,-44.5561
Uruçuí,2026-01-22 06:00:00,22.2,94,100.0,-7.2294,-44.5561
Uruçuí,2026-01-22 09:00:00,21.85,95,0.0,-7.2294,-44.5561
Uruçuí,2026-01-22 12:00:00,25.96,79,99.0,-7.2294,-44.5561
Uruçuí,2026-01-22 15:00:00,30.53,56,100.0,-7.2294,-44.5561
Uruçuí,2026-01-22 18:00:00,29.66,62,100.0,-7.2294,-44.5561
Uruçuí,2026-01-22 21:00:00,27.73,67,0.0,-7.2294,-44.5561
Uruçuí,2026-01-23 00:00:00,25.55,73,0.0,-7.2294,-44.5561
Uruçuí,2026-01-23 03:00:00,24.01,83,91.0,-7.2294,-44.5561
Uruçuí,2026-01-23 06:00:00,22.42,92,100.0,-7.2294,-44.5561
Uruçuí,2026-01-23 09:00:00,22.58,92,55.0,-7.2294,-44.5561
Uruçuí,2026-01-23 12:00:00,29.02,52,41.0,-7.2294,-44.5561
Uruçuí,2026-01-23 15:00:00,33.12,40,0.0,-7.2294,-44.5561
Uruçuí,2026-01-23 18:00:00,34.52,34,0.0,-7.2294,-44.5561
Uruçuí,2026-01-23 21:00:00,29.34,54,0.0,-7.2294,-44.5561
Uruçuí,2026-01-24 00:00:00,27.07,60,0.0,-7.2294,-44.5561
Uruçuí,2026-01-24 03:00:00,24.7,69,20.0,-7.2294,-44.5561
Uruçuí,2026-01-24 06:00:00,24.13,70,0.0,-7.2294,-44.5561
Uruçuí,2026-01-24 09:00:00,23.55,74,0.0,-7.2294,-44.5561
Barreiras,2026-01-19 12:00:00,20.74,95,0.0,-12.1528,-44.99
Barreiras,2026-01-19 15:00:00,26.47,66,86.0,-12.1528,-44.99
Barreiras,2026-01-19 18:00:00,32.31,40,62.0,-12.1528,-44.99
Barreiras,2026-01-19 21:00:00,28.23,57,0.0,-12.1528,-44.99
Barreiras,2026-01-20 00:00:00,21.12,95,100.0,-12.1528,-44.99
Barreiras,2026-01-20 03:00:00,21.17,98,100.0,-12.1528,-44.99
Barreiras,2026-01-20 06:00:00,21.07,99,100.0,-12.1528,-44.99
Barreiras,2026-01-20 09:00:00,20.99,99,100.0,-12.1528,-44.99
Barreiras,2026-01-20 12:00:00,21.83,96,100.0,-12.1528,-44.99
Barreiras,2026-01-20 15:00:00,21.78,95,100.0,-12.1528,-44.99
Barreiras,2026-01-20 18:00:00,21.29,97,100.0,-12.1528,-44.99
Barreiras,2026-01-20 21:00:00,21.06,97,57.0,-12.1528,-44.99
Barreiras,2026-01-21 00:00:00,20.62,97,0.0,-12.1528,-44.99
Barreiras,2026-01-21 03:00:00,20.36,98,0.0,-12.1528,-44.99
Barreiras,2026-01-21 06:00:00,19.95,99,0.0,-12.1528,-44.99
Barreiras,2026-01-21 09:00:00,19.84,99,0.0,-12.1528,-44.99
Barreiras,2026-01-21 12:00:00,20.99,95,0.0,-12.1528,-44.99
Barreiras,2026-01-21 15:00:00,20.96,96,100.0,-12.1528,-44.99
Barreiras,2026-01-21 18:00:00,26.51,70,95.0,-12.1528,-44.99
Barreiras,2026-01-21 21:00:00,25.02,76,81.0,-12.1528,-44.99
Barreiras,2026-01-22 00:00:00,21.5,95,100.0,-12.1528,-44.99
Barreiras,2026-01-22 03:00:00,21.01,99,100.0,-12.1528,-44.99
Barreiras,2026-01-22 06:00:00,21.07,99,100.0,-12.1528,-44.99
Barreiras,2026-01-22 09:00:00,20.76,99,100.0,-12.1528,-44.99
Barreiras,2026-01-22 12:00:00,21.4,96,100.0,-12.1528,-44.99
Barreiras,2026-01-22 15:00:00,21.72,96,82.0,-12.1528,-44.99
Barreiras,2026-01-22 18:00:00,23.64,85,68.0,-12.1528,-44.99
Barreiras,2026-01-22 21:00:00,22.92,89,59.0,-12.1528,-44.99
Barreiras,2026-01-23 00:00:00,21.23,99,100.0,-12.1528,-44.99
Barreiras,2026-01-23 03:00:00,21.02,98,100.0,-12.1528,-44.99
Barreiras,2026-01-23 06:00:00,20.06,98,80.0,-12.1528,-44.99
Barreiras,2026-01-23 09:00:00,19.54,98,0.0,-12.1528,-44.99
Barreiras,2026-01-23 12:00:00,24.71,78,0.0,-12.1528,-44.99
Barreiras,2026-01-23 15:00:00,29.65,54,0.0,-12.1528,-44.99
Barreiras,2026-01-23 18:00:00,31.47,46,0.0,-12.1528,-44.99
Barreiras,2026-01-23 21:00:00,26.79,70,0.0,-12.1528,-44.99
Barreiras,2026-01-24 00:00:00,23.49,81,20.0,-12.1528,-44.99
Barreiras,2026-01-24 03:00:00,21.24,93,98.0,-12.1528,-44.99
Barreiras,2026-01-24 06:00:00,21.37,94,99.0,-12.1528,-44.99
Barreiras,2026-01-24 09:00:00,21.9,92,9.0,-12.1528,-44.99
Balsas,2026-01-19 12:00:00,23.61,88,77.0,-7.5325,-46.0356
Balsas,2026-01-19 15:00:00,27.86,67,5.0,-7.5325,-46.0356
Balsas,2026-01-19 18:00:00,26.83,75,78.0,-7.5325,-46.0356
Balsas,2026-01-19 21:00:00,25.68,83,100.0,-7.5325,-46.0356
Balsas,2026-01-20 00:00:00,23.28,89,80.0,-7.5325,-46.0356
Balsas,2026-01-20 03:00:00,22.32,91,0.0,-7.5325,-46.0356
Balsas,2026-01-20 06:00:00,21.72,93,0.0,-7.5325,-46.0356
Balsas,2026-01-20 09:00:00,21.39,93,0.0,-7.5325,-46.0356
Balsas,2026-01-20 12:00:00,24.9,72,0.0,-7.5325,-46.0356
Balsas,2026-01-20 15:00:00,30.67,49,0.0,-7.5325,-46.0356
Balsas,2026-01-20 18:00:00,29.45,56,0.0,-7.5325,-46.0356
Balsas,2026-01-20 21:00:00,26.47,72,100.0,-7.5325,-46.0356
Balsas,2026-01-21 00:00:00,23.55,82,100.0,-7.5325,-46.0356
Balsas,2026-01-21 03:00:00,23.08,85,0.0,-7.5325,-46.0356
Balsas,2026-01-21 06:00:00,23.23,84,0.0,-7.5325,-46.0356
Balsas,2026-01-21 09:00:00,21.92,89,0.0,-7.5325,-46.0356
Balsas,2026-01-21 12:00:00,26.18,72,20.0,-7.5325,-46.0356
Balsas,2026-01-21 15:00:00,28.49,66,100.0,-7.5325,-46.0356
Balsas,2026-01-21 18:00:00,28.88,63,100.0,-7.5325,-46.0356
Balsas,2026-01-21 21:00:00,25.22,82,100.0,-7.5325,-46.0356
Balsas,2026-01-22 00:00:00,24.29,86,100.0,-7.5325,-46.0356
Balsas,2026-01-22 03:00:00,23.52,90,77.0,-7.5325,-46.0356
Balsas,2026-01-22 06:00:00,23.2,90,100.0,-7.5325,-46.0356
Balsas,2026-01-22 09:00:00,22.73,90,100.0,-7.5325,-46.0356
Balsas,2026-01-22 12:00:00,26.46,77,100.0,-7.5325,-46.0356
Balsas,2026-01-22 15:00:00,28.35,70,100.0,-7.5325,-46.0356
Balsas,2026-01-22 18:00:00,28.58,69,100.0,-7.5325,-46.0356
Balsas,2026-01-22 21:00:00,25.42,85,100.0,-7.5325,-46.0356
Balsas,2026-01-23 00:00:00,23.57,92,100.0,-7.5325,-46.0356
Balsas,2026-01-23 03:00:00,22.35,95,100.0,-7.5325,-46.0356
Balsas,2026-01-23 06:00:00,22.28,95,98.0,-7.5325,-46.0356
Balsas,2026-01-23 09:00:00,22.08,95,27.0,-7.5325,-46.0356
Balsas,2026-01-23 12:00:00,27.07,75,84.0,-7.5325,-46.0356
Balsas,2026-01-23 15:00:00,31.33,51,100.0,-7.5325,-46.0356
Balsas,2026-01-23 18:00:00,33.61,39,80.0,-7.5325,-46.0356
Balsas,2026-01-23 21:00:00,29.29,59,0.0,-7.5325,-46.0356
Balsas,2026-01-24 00:00:00,26.93,63,0.0,-7.5325,-46.0356
Balsas,2026-01-24 03:00:00,25.67,73,0.0,-7.5325,-46.0356
Balsas,2026-01-24 06:00:00,23.65,85,0.0,-7.5325,-46.0356
Balsas,2026-01-24 09:00:00,22.99,86,0.0,-7.5325,-46.0356
Gurupi,2026-01-19 12:00:00,23.46,85,0.0,-11.7292,-49.0686
Gurupi,2026-01-19 15:00:00,27.52,68,56.0,-11.7292,-49.0686
Gurupi,2026-01-19 18:00:00,32.12,50,31.0,-11.7292,-49.0686
Gurupi,2026-01-19 21:00:00,27.48,71,39.0,-11.7292,-49.0686
Gurupi,2026-01-20 00:00:00,22.53,95,100.0,-11.7292,-49.0686
Gurupi,2026-01-20 03:00:00,22.4,95,100.0,-11.7292,-49.0686
Gurupi,2026-01-20 06:00:00,22.19,95,100.0,-11.7292,-49.0686
Gurupi,2026-01-20 09:00:00,22.11,96,100.0,-11.7292,-49.0686
Gurupi,2026-01-20 12:00:00,23.05,94,100.0,-11.7292,-49.0686
Gurupi,2026-01-20 15:00:00,22.98,93,100.0,-11.7292,-49.0686
Gurupi,2026-01-20 18:00:00,23.99,87,100.0,-11.7292,-49.0686
Gurupi,2026-01-20 21:00:00,22.93,90,4.0,-11.7292,-49.0686
Gurupi,2026-01-21 00:00:00,21.78,93,10.0,-11.7292,-49.0686
Gurupi,2026-01-21 03:00:00,21.28,98,100.0,-11.7292,-49.0686
Gurupi,2026-01-21 06:00:00,21.6,98,100.0,-11.7292,-49.0686
Gurupi,2026-01-21 09:00:00,21.42,98,25.0,-11.7292,-49.0686
Gurupi,2026-01-21 12:00:00,22.65,93,81.0,-11.7292,-49.0686
Gurupi,2026-01-21 15:00:00,23.38,90,100.0,-11.7292,-49.0686
Gurupi,2026-01-21 18:00:00,23.1,91,100.0,-11.7292,-49.0686
Gurupi,2026-01-21 21:00:00,22.26,95,100.0,-11.7292,-49.0686
Gurupi,2026-01-22 00:00:00,21.46,97,100.0,-11.7292,-49.0686
Gurupi,2026-01-22 03:00:00,21.24,98,100.0,-11.7292,-49.0686
Gurupi,2026-01-22 06:00:00,21.12,98,100.0,-11.7292,-49.0686
Gurupi,2026-01-22 09:00:00,20.95,97,31.0,-11.7292,-49.0686
Gurupi,2026-01-22 12:00:00,22.64,92,0.0,-11.7292,-49.0686
Gurupi,2026-01-22 15:00:00,26.25,78,100.0,-11.7292,-49.0686
Gurupi,2026-01-22 18:00:00,26.48,78,100.0,-11.7292,-49.0686
Gurupi,2026-01-22 21:00:00,23.59,93,100.0,-11.7292,-49.0686
Gurupi,2026-01-23 00:00:00,22.62,96,100.0,-11.7292,-49.0686
Gurupi,2026-01-23 03:00:00,22.11,97,0.0,-11.7292,-49.0686
Gurupi,2026-01-23 06:00:00,21.53,97,0.0,-11.7292,-49.0686
Gurupi,2026-01-23 09:00:00,21.37,97,0.0,-11.7292,-49.0686
Gurupi,2026-01-23 12:00:00,23.47,89,0.0,-11.7292,-49.0686
Gurupi,2026-01-23 15:00:00,29.43,62,0.0,-11.7292,-49.0686
Gurupi,2026-01-23 18:00:00,29.56,61,67.0,-11.7292,-49.0686
Gurupi,2026-01-23 21:00:00,28.39,72,80.0,-11.7292,-49.0686
Gurupi,2026-01-24 00:00:00,23.64,87,100.0,-11.7292,-49.0686
Gurupi,2026-01-24 03:00:00,22.1,95,100.0,-11.7292,-49.0686
Gurupi,2026-01-24 06:00:00,21.99,96,100.0,-11.7292,-49.0686
Gurupi,2026-01-24 09:00:00,21.88,95,0.0,-11.7292,-49.0686
Uruçuí,2026-01-20 12:00:00,23.18,82,0.0,-7.2294,-44.5561
Uruçuí,2026-01-20 15:00:00,27.82,63,0.0,-7.2294,-44.5561
Uruçuí,2026-01-20 18:00:00,29.3,62,0.0,-7.2294,-44.5561
Uruçuí,2026-01-20 21:00:00,27.37,65,0.0,-7.2294,-44.5561
Uruçuí,2026-01-21 00:00:00,25.63,71,0.0,-7.2294,-44.5561
Uruçuí,2026-01-21 03:00:00,25.51,71,26.0,-7.2294,-44.5561
Uruçuí,2026-01-21 06:00:00,23.33,85,73.0,-7.2294,-44.5561
Uruçuí,2026-01-21 09:00:00,21.66,97,100.0,-7.2294,-44.5561
Uruçuí,2026-01-21 12:00:00,23.78,89,100.0,-7.2294,-44.5561
Uruçuí,2026-01-21 15:00:00,23.93,87,37.0,-7.2294,-44.5561
Uruçuí,2026-01-21 18:00:00,24.15,84,30.0,-7.2294,-44.5561
Uruçuí,2026-01-21 21:00:00,23.53,88,0.0,-7.2294,-44.5561
Uruçuí,2026-01-22 00:00:00,23.26,89,0.0,-7.2294,-44.5561
Uruçuí,2026-01-22 03:00:00,23.12,86,0.0,-7.2294,-44.5561
Uruçuí,2026-01-22 06:00:00,22.74,89,32.0,-7.2294,-44.5561
Uruçuí,2026-01-22 09:00:00,22.05,92,0.0,-7.2294,-44.5561
Uruçuí,2026-01-22 12:00:00,26.18,77,98.0,-7.2294,-44.5561
Uruçuí,2026-01-22 15:00:00,28.96,66,100.0,-7.2294,-44.5561
Uruçuí,2026-01-22 18:00:00,28.16,65,100.0,-7.2294,-44.5561
Uruçuí,2026-01-22 21:00:00,26.1,79,97.0,-7.2294,-44.5561
Uruçuí,2026-01-23 00:00:00,23.3,94,100.0,-7.2294,-44.5561
Uruçuí,2026-01-23 03:00:00,23.05,94,95.0,-7.2294,-44.5561
Uruçuí,2026-01-23 06:00:00,22.03,98,96.0,-7.2294,-44.5561
Uruçuí,2026-01-23 09:00:00,21.78,98,100.0,-7.2294,-44.5561
Uruçuí,2026-01-23 12:00:00,25.38,81,100.0,-7.2294,-44.5561
Uruçuí,2026-01-23 15:00:00,30.42,52,43.0,-7.2294,-44.5561
Uruçuí,2026-01-23 18:00:00,30.3,57,10.0,-7.2294,-44.5561
Uruçuí,2026-01-23 21:00:00,27.96,68,0.0,-7.2294,-44.5561
Uruçuí,2026-01-24 00:00:00,25.25,75,0.0,-7.2294,-44.5561
Uruçuí,2026-01-24 03:00:00,24.16,81,9.0,-7.2294,-44.5561
Uruçuí,2026-01-24 06:00:00,23.03,87,47.0,-7.2294,-44.5561
Uruçuí,2026-01-24 09:00:00,22.3,91,67.0,-7.2294,-44.5561
Uruçuí,2026-01-24 12:00:00,27.55,72,100.0,-7.2294,-44.5561
Uruçuí,2026-01-24 15:00:00,31.7,51,22.0,-7.2294,-44.5561
Uruçuí,2026-01-24 18:00:00,31.13,54,0.0,-7.2294,-44.5561
Uruçuí,2026-01-24 21:00:00,27.78,71,0.0,-7.2294,-44.5561
Uruçuí,2026-01-25 00:00:00,26.56,72,0.0,-7.2294,-44.5561
Uruçuí,2026-01-25 03:00:00,25.09,77,0.0,-7.2294,-44.5561
Uruçuí,2026-01-25 06:00:00,24.16,82,24.0,-7.2294,-44.5561
Uruçuí,2026-01-25 09:00:00,22.84,90,83.0,-7.2294,-44.5561
Barreiras,2026-01-20 12:00:00,20.87,98,100.0,-12.1528,-44.99
Barreiras,2026-01-20 15:00:00,21.69,96,100.0,-12.1528,-44.99
Barreiras,2026-01-20 18:00:00,21.37,97,100.0,-12.1528,-44.99
Barreiras,2026-01-20 21:00:00,20.85,98,100.0,-12.1528,-44.99
Barreiras,2026-01-21 00:00:00,20.44,99,100.0,-12.1528,-44.99
Barreiras,2026-01-21 03:00:00,20.1,98,61.0,-12.1528,-44.99
Barreiras,2026-01-21 06:00:00,19.89,99,57.0,-12.1528,-44.99
Barreiras,2026-01-21 09:00:00,19.88,99,94.0,-12.1528,-44.99
Barreiras,2026-01-21 12:00:00,20.96,96,97.0,-12.1528,-44.99
Barreiras,2026-01-21 15:00:00,23.43,84,20.0,-12.1528,-44.99
Barreiras,2026-01-21 18:00:00,27.07,69,69.0,-12.1528,-44.99
Barreiras,2026-01-21 21:00:00,22.93,91,100.0,-12.1528,-44.99
Barreiras,2026-01-22 00:00:00,21.5,97,100.0,-12.1528,-44.99
Barreiras,2026-01-22 03:00:00,21.53,96,100.0,-12.1528,-44.99
Barreiras,2026-01-22 06:00:00,20.85,99,100.0,-12.1528,-44.99
Barreiras,2026-01-22 09:00:00,20.76,100,100.0,-12.1528,-44.99
Barreiras,2026-01-22 12:00:00,21.15,98,100.0,-12.1528,-44.99
Barreiras,2026-01-22 15:00:00,22.25,94,100.0,-12.1528,-44.99
Barreiras,2026-01-22 18:00:00,22.65,92,100.0,-12.1528,-44.99
Barreiras,2026-01-22 21:00:00,22.74,93,39.0,-12.1528,-44.99
Barreiras,2026-01-23 00:00:00,21.3,97,19.0,-12.1528,-44.99
Barreiras,2026-01-23 03:00:00,20.84,98,0.0,-12.1528,-44.99
Barreiras,2026-01-23 06:00:00,20.54,98,0.0,-12.1528,-44.99
Barreiras,2026-01-23 09:00:00,20.44,96,0.0,-12.1528,-44.99
Barreiras,2026-01-23 12:00:00,22.65,87,0.0,-12.1528,-44.99
Barreiras,2026-01-23 15:00:00,25.43,80,91.0,-12.1528,-44.99
Barreiras,2026-01-23 18:00:00,25.93,76,97.0,-12.1528,-44.99
Barreiras,2026-01-23 21:00:00,22.96,91,100.0,-12.1528,-44.99
Barreiras,2026-01-24 00:00:00,21.92,96,80.0,-12.1528,-44.99
Barreiras,2026-01-24 03:00:00,20.65,97,21.0,-12.1528,-44.99
Barreiras,2026-01-24 06:00:00,20.71,97,0.0,-12.1528,-44.99
Barreiras,2026-01-24 09:00:00,20.6,96,0.0,-12.1528,-44.99
Barreiras,2026-01-24 12:00:00,26.11,70,0.0,-12.1528,-44.99
Barreiras,2026-01-24 15:00:00,30.95,47,0.0,-12.1528,-44.99
Barreiras,2026-01-24 18:00:00,32.18,42,0.0,-12.1528,-44.99
Barreiras,2026-01-24 21:00:00,26.73,71,0.0,-12.1528,-44.99
Barreiras,2026-01-25 00:00:00,23.17,77,0.0,-12.1528,-44.99
Barreiras,2026-01-25 03:00:00,23.53,73,0.0,-12.1528,-44.99
Barreiras,2026-01-25 06:00:00,21.43,82,0.0,-12.1528,-44.99
Barreiras,2026-01-25 09:00:00,22.78,75,0.0,-12.1528,-44.99
Balsas,2026-01-20 12:00:00,23.0,86,0.0,-7.5325,-46.0356
Balsas,2026-01-20 15:00:00,26.3,73,100.0,-7.5325,-46.0356
Balsas,2026-01-20 18:00:00,29.97,57,100.0,-7.5325,-46.0356
Balsas,2026-01-20 21:00:00,25.27,81,100.0,-7.5325,-46.0356
Balsas,2026-01-21 00:00:00,24.04,85,100.0,-7.5325,-46.0356
Balsas,2026-01-21 03:00:00,23.76,86,31.0,-7.5325,-46.0356
Balsas,2026-01-21 06:00:00,23.52,86,100.0,-7.5325,-46.0356
Balsas,2026-01-21 09:00:00,23.02,88,100.0,-7.5325,-46.0356
Balsas,2026-01-21 12:00:00,25.94,78,100.0,-7.5325,-46.0356
Balsas,2026-01-21 15:00:00,25.99,80,100.0,-7.5325,-46.0356
Balsas,2026-01-21 18:00:00,24.38,87,100.0,-7.5325,-46.0356
Balsas,2026-01-21 21:00:00,23.67,90,0.0,-7.5325,-46.0356
Balsas,2026-01-22 00:00:00,23.29,90,0.0,-7.5325,-46.0356
Balsas,2026-01-22 03:00:00,22.22,97,98.0,-7.5325,-46.0356
Balsas,2026-01-22 06:00:00,22.31,96,100.0,-7.5325,-46.0356
Balsas,2026-01-22 09:00:00,22.37,93,0.0,-7.5325,-46.0356
Balsas,2026-01-22 12:00:00,25.42,79,73.0,-7.5325,-46.0356
Balsas,2026-01-22 15:00:00,28.0,64,78.0,-7.5325,-46.0356
Balsas,2026-01-22 18:00:00,30.06,57,100.0,-7.5325,-46.0356
Balsas,2026-01-22 21:00:00,25.33,84,100.0,-7.5325,-46.0356
Balsas,2026-01-23 00:00:00,23.26,92,100.0,-7.5325,-46.0356
Balsas,2026-01-23 03:00:00,22.54,97,100.0,-7.5325,-46.0356
Balsas,2026-01-23 06:00:00,21.8,98,100.0,-7.5325,-46.0356
Balsas,2026-01-23 09:00:00,21.75,97,100.0,-7.5325,-46.0356
Balsas,2026-01-23 12:00:00,25.07,83,100.0,-7.5325,-46.0356
Balsas,2026-01-23 15:00:00,28.74,67,100.0,-7.5325,-46.0356
Balsas,2026-01-23 18:00:00,29.03,66,100.0,-7.5325,-46.0356
Balsas,2026-01-23 21:00:00,26.22,82,100.0,-7.5325,-46.0356
Balsas,2026-01-24 00:00:00,24.07,89,80.0,-7.5325,-46.0356
Balsas,2026-01-24 03:00:00,23.41,92,63.0,-7.5325,-46.0356
Balsas,2026-01-24 06:00:00,22.85,94,96.0,-7.5325,-46.0356
Balsas,2026-01-24 09:00:00,22.23,95,0.0,-7.5325,-46.0356
Balsas,2026-01-24 12:00:00,26.48,80,100.0,-7.5325,-46.0356
Balsas,2026-01-24 15:00:00,30.35,58,100.0,-7.5325,-46.0356
Balsas,2026-01-24 18:00:00,28.5,72,100.0,-7.5325,-46.0356
Balsas,2026-01-24 21:00:00,27.07,78,21.0,-7.5325,-46.0356
Balsas,2026-01-25 00:00:00,23.99,87,4.0,-7.5325,-46.0356
Balsas,2026-01-25 03:00:00,24.35,84,39.0,-7.5325,-46.0356
Balsas,2026-01-25 06:00:00,23.99,85,25.0,-7.5325,-46.0356
Balsas,2026-01-25 09:00:00,22.92,89,47.0,-7.5325,-46.0356
Gurupi,2026-01-20 12:00:00,23.82,82,3.0,-11.7292,-49.0686
Gurupi,2026-01-20 15:00:00,26.76,71,91.0,-11.7292,-49.0686
Gurupi,2026-01-20 18:00:00,31.74,50,100.0,-11.7292,-49.0686
Gurupi,2026-01-20 21:00:00,23.04,97,100.0,-11.7292,-49.0686
Gurupi,2026-01-21 00:00:00,22.05,97,100.0,-11.7292,-49.0686
Gurupi,2026-01-21 03:00:00,21.74,98,100.0,-11.7292,-49.0686
Gurupi,2026-01-21 06:00:00,21.3,97,100.0,-11.7292,-49.0686
Gurupi,2026-01-21 09:00:00,21.51,97,26.0,-11.7292,-49.0686
Gurupi,2026-01-21 12:00:00,22.16,95,50.0,-11.7292,-49.0686
Gurupi,2026-01-21 15:00:00,24.82,83,100.0,-11.7292,-49.0686
Gurupi,2026-01-21 18:00:00,23.44,91,100.0,-11.7292,-49.0686
Gurupi,2026-01-21 21:00:00,22.38,94,38.0,-11.7292,-49.0686
Gurupi,2026-01-22 00:00:00,21.99,95,0.0,-11.7292,-49.0686
Gurupi,2026-01-22 03:00:00,21.74,95,0.0,-11.7292,-49.0686
Gurupi,2026-01-22 06:00:00,21.52,96,0.0,-11.7292,-49.0686
Gurupi,2026-01-22 09:00:00,21.14,97,22.0,-11.7292,-49.0686
Gurupi,2026-01-22 12:00:00,22.96,91,24.0,-11.7292,-49.0686
Gurupi,2026-01-22 15:00:00,26.27,79,100.0,-11.7292,-49.0686
Gurupi,2026-01-22 18:00:00,25.98,81,100.0,-11.7292,-49.0686
Gurupi,2026-01-22 21:00:00,23.94,90,100.0,-11.7292,-49.0686
Gurupi,2026-01-23 00:00:00,22.37,96,100.0,-11.7292,-49.0686
Gurupi,2026-01-23 03:00:00,21.92,96,97.0,-11.7292,-49.0686
Gurupi,2026-01-23 06:00:00,21.71,98,77.0,-11.7292,-49.0686
Gurupi,2026-01-23 09:00:00,21.5,98,26.0,-11.7292,-49.0686
Gurupi,2026-01-23 12:00:00,23.67,89,67.0,-11.7292,-49.0686
Gurupi,2026-01-23 15:00:00,26.03,78,85.0,-11.7292,-49.0686
Gurupi,2026-01-23 18:00:00,24.06,87,73.0,-11.7292,-49.0686
Gurupi,2026-01-23 21:00:00,24.22,87,0.0,-11.7292,-49.0686
Gurupi,2026-01-24 00:00:00,22.6,91,0.0,-11.7292,-49.0686
Gurupi,2026-01-24 03:00:00,21.47,93,97.0,-11.7292,-49.0686
Gurupi,2026-01-24 06:00:00,21.25,95,86.0,-11.7292,-49.0686
Gurupi,2026-01-24 09:00:00,21.14,97,100.0,-11.7292,-49.0686
Gurupi,2026-01-24 12:00:00,23.55,89,100.0,-11.7292,-49.0686
Gurupi,2026-01-24 15:00:00,25.5,78,0.0,-11.7292,-49.0686
Gurupi,2026-01-24 18:00:00,28.04,72,29.0,-11.7292,-49.0686
Gurupi,2026-01-24 21:00:00,26.24,85,100.0,-11.7292,-49.0686
Gurupi,2026-01-25 00:00:00,23.69,85,99.0,-11.7292,-49.0686
Gurupi,2026-01-25 03:00:00,21.86,97,100.0,-11.7292,-49.0686
Gurupi,2026-01-25 06:00:00,21.9,93,100.0,-11.7292,-49.0686
Gurupi,2026-01-25 09:00:00,21.54,95,71.0,-11.7292,-49.0686
Uruçuí,2026-01-21 12:00:00,23.61,85,97.0,-7.2294,-44.5561
Uruçuí,2026-01-21 15:00:00,24.74,80,98.0,-7.2294,-44.5561
Uruçuí,2026-01-21 18:00:00,31.74,49,91.0,-7.2294,-44.5561
Uruçuí,2026-01-21 21:00:00,27.61,69,71.0,-7.2294,-44.5561
Uruçuí,2026-01-22 00:00:00,24.42,88,100.0,-7.2294,-44.5561
Uruçuí,2026-01-22 03:00:00,23.38,92,81.0,-7.2294,-44.5561
Uruçuí,2026-01-22 06:00:00,23.01,94,100.0,-7.2294,-44.5561
Uruçuí,2026-01-22 09:00:00,22.56,96,100.0,-7.2294,-44.5561
Uruçuí,2026-01-22 12:00:00,24.37,86,100.0,-7.2294,-44.5561
Uruçuí,2026-01-22 15:00:00,28.71,63,100.0,-7.2294,-44.5561
Uruçuí,2026-01-22 18:00:00,26.19,83,100.0,-7.2294,-44.5561
Uruçuí,2026-01-22 21:00:00,24.11,89,100.0,-7.2294,-44.5561
Uruçuí,2026-01-23 00:00:00,23.0,95,100.0,-7.2294,-44.5561
Uruçuí,2026-01-23 03:00:00,22.71,95,0.0,-7.2294,-44.5561
Uruçuí,2026-01-23 06:00:00,21.83,98,1.0,-7.2294,-44.5561
Uruçuí,2026-01-23 09:00:00,21.38,98,0.0,-7.2294,-44.5561
Uruçuí,2026-01-23 12:00:00,23.62,89,73.0,-7.2294,-44.5561
Uruçuí,2026-01-23 15:00:00,31.22,50,82.0,-7.2294,-44.5561
Uruçuí,2026-01-23 18:00:00,33.46,40,58.0,-7.2294,-44.5561
Uruçuí,2026-01-23 21:00:00,27.77,64,0.0,-7.2294,-44.5561
Uruçuí,2026-01-24 00:00:00,25.83,74,21.0,-7.2294,-44.5561
Uruçuí,2026-01-24 03:00:00,24.76,80,0.0,-7.2294,-44.5561
Uruçuí,2026-01-24 06:00:00,24.04,83,0.0,-7.2294,-44.5561
Uruçuí,2026-01-24 09:00:00,22.12,95,100.0,-7.2294,-44.5561
Uruçuí,2026-01-24 12:00:00,27.58,72,100.0,-7.2294,-44.5561
Uruçuí,2026-01-24 15:00:00,31.39,52,99.0,-7.2294,-44.5561
Uruçuí,2026-01-24 18:00:00,29.81,62,76.0,-7.2294,-44.5561
Uruçuí,2026-01-24 21:00:00,27.9,70,10.0,-7.2294,-44.5561
Uruçuí,2026-01-25 00:00:00,25.22,80,34.0,-7.2294,-44.5561
Uruçuí,2026-01-25 03:00:00,24.11,83,0.0,-7.2294,-44.5561
Uruçuí,2026-01-25 06:00:00,23.04,88,23.0,-7.2294,-44.5561
Uruçuí,2026-01-25 09:00:00,21.82,95,100.0,-7.2294,-44.5561
Uruçuí,2026-01-25 12:00:00,26.61,74,100.0,-7.2294,-44.5561
Uruçuí,2026-01-25 15:00:00,30.83,50,80.0,-7.2294,-44.5561
Uruçuí,2026-01-25 18:00:00,29.19,61,60.0,-7.2294,-44.5561
Uruçuí,2026-01-25 21:00:00,26.71,75,70.0,-7.2294,-44.5561
Uruçuí,2026-01-26 00:00:00,24.25,82,51.0,-7.2294,-44.5561
Uruçuí,2026-01-26 03:00:00,23.67,84,0.0,-7.2294,-44.5561
Uruçuí,2026-01-26 06:00:00,24.08,81,0.0,-7.2294,-44.5561
Uruçuí,2026-01-26 09:00:00,23.21,86,100.0,-7.2294,-44.5561
Barreiras,2026-01-21 12:00:00,20.42,98,93.0,-12.1528,-44.99
Barreiras,2026-01-21 15:00:00,26.15,73,0.0,-12.1528,-44.99
Barreiras,2026-01-21 18:00:00,25.86,83,100.0,-12.1528,-44.99
Barreiras,2026-01-21 21:00:00,23.02,90,100.0,-12.1528,-44.99
Barreiras,2026-01-22 00:00:00,21.54,96,100.0,-12.1528,-44.99
Barreiras,2026-01-22 03:00:00,21.06,99,100.0,-12.1528,-44.99
Barreiras,2026-01-22 06:00:00,20.79,99,100.0,-12.1528,-44.99
Barreiras,2026-01-22 09:00:00,20.68,99,100.0,-12.1528,-44.99
Barreiras,2026-01-22 12:00:00,21.23,98,100.0,-12.1528,-44.99
Barreiras,2026-01-22 15:00:00,21.31,97,100.0,-12.1528,-44.99
Barreiras,2026-01-22 18:00:00,21.67,96,100.0,-12.1528,-44.99
Barreiras,2026-01-22 21:00:00,21.2,97,36.0,-12.1528,-44.99
Barreiras,2026-01-23 00:00:00,20.21,97,22.0,-12.1528,-44.99
Barreiras,2026-01-23 03:00:00,19.85,97,0.0,-12.1528,-44.99
Barreiras,2026-01-23 06:00:00,19.87,97,0.0,-12.1528,-44.99
Barreiras,2026-01-23 09:00:00,19.89,96,0.0,-12.1528,-44.99
Barreiras,2026-01-23 12:00:00,24.12,77,0.0,-12.1528,-44.99
Barreiras,2026-01-23 15:00:00,29.38,59,20.0,-12.1528,-44.99
Barreiras,2026-01-23 18:00:00,27.44,72,100.0,-12.1528,-44.99
Barreiras,2026-01-23 21:00:00,24.09,87,100.0,-12.1528,-44.99
Barreiras,2026-01-24 00:00:00,21.98,92,80.0,-12.1528,-44.99
Barreiras,2026-01-24 03:00:00,20.94,95,43.0,-12.1528,-44.99
Barreiras,2026-01-24 06:00:00,20.3,97,98.0,-12.1528,-44.99
Barreiras,2026-01-24 09:00:00,19.92,96,0.0,-12.1528,-44.99
Barreiras,2026-01-24 12:00:00,25.68,77,0.0,-12.1528,-44.99
Barreiras,2026-01-24 15:00:00,29.99,54,64.0,-12.1528,-44.99
Barreiras,2026-01-24 18:00:00,30.87,49,61.0,-12.1528,-44.99
Barreiras,2026-01-24 21:00:00,26.91,70,0.0,-12.1528,-44.99
Barreiras,2026-01-25 00:00:00,22.84,83,0.0,-12.1528,-44.99
Barreiras,2026-01-25 03:00:00,21.59,89,0.0,-12.1528,-44.99
Barreiras,2026-01-25 06:00:00,20.89,89,0.0,-12.1528,-44.99
Barreiras,2026-01-25 09:00:00,20.63,85,0.0,-12.1528,-44.99
Barreiras,2026-01-25 12:00:00,26.58,60,0.0,-12.1528,-44.99
Barreiras,2026-01-25 15:00:00,30.82,45,0.0,-12.1528,-44.99
Barreiras,2026-01-25 18:00:00,30.94,47,0.0,-12.1528,-44.99
Barreiras,2026-01-25 21:00:00,26.6,62,0.0,-12.1528,-44.99
Barreiras,2026-01-26 00:00:00,22.31,74,0.0,-12.1528,-44.99
Barreiras,2026-01-26 03:00:00,21.37,78,0.0,-12.1528,-44.99
Barreiras,2026-01-26 06:00:00,20.15,87,0.0,-12.1528,-44.99
Barreiras,2026-01-26 09:00:00,19.29,92,0.0,-12.1528,-44.99
Balsas,2026-01-21 12:00:00,24.06,81,77.0,-7.5325,-46.0356
Balsas,2026-01-21 15:00:00,26.18,76,100.0,-7.5325,-46.0356
Balsas,2026-01-21 18:00:00,25.71,78,100.0,-7.5325,-46.0356
Balsas,2026-01-21 21:00:00,24.22,83,0.0,-7.5325,-46.0356
Balsas,2026-01-22 00:00:00,24.02,82,17.0,-7.5325,-46.0356
Balsas,2026-01-22 03:00:00,22.86,89,94.0,-7.5325,-46.0356
Balsas,2026-01-22 06:00:00,22.71,92,100.0,-7.5325,-46.0356
Balsas,2026-01-22 09:00:00,22.53,93,100.0,-7.5325,-46.0356
Balsas,2026-01-22 12:00:00,22.43,96,100.0,-7.5325,-46.0356
Balsas,2026-01-22 15:00:00,23.38,91,100.0,-7.5325,-46.0356
Balsas,2026-01-22 18:00:00,23.77,91,100.0,-7.5325,-46.0356
Balsas,2026-01-22 21:00:00,22.51,94,99.0,-7.5325,-46.0356
Balsas,2026-01-23 00:00:00,21.98,95,90.0,-7.5325,-46.0356
Balsas,2026-01-23 03:00:00,21.47,96,74.0,-7.5325,-46.0356
Balsas,2026-01-23 06:00:00,21.23,96,61.0,-7.5325,-46.0356
Balsas,2026-01-23 09:00:00,21.17,96,0.0,-7.5325,-46.0356
Balsas,2026-01-23 12:00:00,25.14,80,0.0,-7.5325,-46.0356
Balsas,2026-01-23 15:00:00,28.75,67,100.0,-7.5325,-46.0356
Balsas,2026-01-23 18:00:00,29.05,68,100.0,-7.5325,-46.0356
Balsas,2026-01-23 21:00:00,25.44,85,100.0,-7.5325,-46.0356
Balsas,2026-01-24 00:00:00,23.65,91,100.0,-7.5325,-46.0356
Balsas,2026-01-24 03:00:00,22.74,94,100.0,-7.5325,-46.0356
Balsas,2026-01-24 06:00:00,22.04,96,100.0,-7.5325,-46.0356
Balsas,2026-01-24 09:00:00,21.55,97,100.0,-7.5325,-46.0356
Balsas,2026-01-24 12:00:00,24.22,88,100.0,-7.5325,-46.0356
Balsas,2026-01-24 15:00:00,29.58,61,97.0,-7.5325,-46.0356
Balsas,2026-01-24 18:00:00,28.6,68,94.0,-7.5325,-46.0356
Balsas,2026-01-24 21:00:00,27.0,77,35.0,-7.5325,-46.0356
Balsas,2026-01-25 00:00:00,24.13,85,6.0,-7.5325,-46.0356
Balsas,2026-01-25 03:00:00,21.86,95,100.0,-7.5325,-46.0356
Balsas,2026-01-25 06:00:00,21.85,94,100.0,-7.5325,-46.0356
Balsas,2026-01-25 09:00:00,21.64,95,3.0,-7.5325,-46.0356
Balsas,2026-01-25 12:00:00,26.18,80,100.0,-7.5325,-46.0356
Balsas,2026-01-25 15:00:00,28.42,66,100.0,-7.5325,-46.0356
Balsas,2026-01-25 18:00:00,30.22,56,100.0,-7.5325,-46.0356
Balsas,2026-01-25 21:00:00,26.93,75,0.0,-7.5325,-46.0356
Balsas,2026-01-26 00:00:00,23.98,87,0.0,-7.5325,-46.0356
Balsas,2026-01-26 03:00:00,23.31,88,0.0,-7.5325,-46.0356
Balsas,2026-01-26 06:00:00,22.76,88,0.0,-7.5325,-46.0356
Balsas,2026-01-26 09:00:00,23.4,84,0.0,-7.5325,-46.0356
Gurupi,2026-01-21 12:00:00,21.66,97,100.0,-11.7292,-49.0686
Gurupi,2026-01-21 15:00:00,22.21,94,100.0,-11.7292,-49.0686
Gurupi,2026-01-21 18:00:00,22.9,91,100.0,-11.7292,-49.0686
Gurupi,2026-01-21 21:00:00,22.08,96,20.0,-11.7292,-49.0686
Gurupi,2026-01-22 00:00:00,21.64,96,0.0,-11.7292,-49.0686
Gurupi,2026-01-22 03:00:00,21.45,96,0.0,-11.7292,-49.0686
Gurupi,2026-01-22 06:00:00,20.96,98,99.0,-11.7292,-49.0686
Gurupi,2026-01-22 09:00:00,20.87,98,98.0,-11.7292,-49.0686
Gurupi,2026-01-22 12:00:00,22.56,91,86.0,-11.7292,-49.0686
Gurupi,2026-01-22 15:00:00,25.28,77,34.0,-11.7292,-49.0686
Gurupi,2026-01-22 18:00:00,24.1,88,100.0,-11.7292,-49.0686
Gurupi,2026-01-22 21:00:00,21.99,96,100.0,-11.7292,-49.0686
Gurupi,2026-01-23 00:00:00,21.44,96,100.0,-11.7292,-49.0686
Gurupi,2026-01-23 03:00:00,21.18,97,0.0,-11.7292,-49.0686
Gurupi,2026-01-23 06:00:00,20.64,97,0.0,-11.7292,-49.0686
Gurupi,2026-01-23 09:00:00,20.59,96,0.0,-11.7292,-49.0686
Gurupi,2026-01-23 12:00:00,23.08,89,0.0,-11.7292,-49.0686
Gurupi,2026-01-23 15:00:00,25.84,77,39.0,-11.7292,-49.0686
Gurupi,2026-01-23 18:00:00,28.32,64,52.0,-11.7292,-49.0686
Gurupi,2026-01-23 21:00:00,25.58,81,72.0,-11.7292,-49.0686
Gurupi,2026-01-24 00:00:00,22.96,92,39.0,-11.7292,-49.0686
Gurupi,2026-01-24 03:00:00,22.07,95,6.0,-11.7292,-49.0686
Gurupi,2026-01-24 06:00:00,21.35,97,0.0,-11.7292,-49.0686
Gurupi,2026-01-24 09:00:00,20.89,97,16.0,-11.7292,-49.0686
Gurupi,2026-01-24 12:00:00,22.99,91,14.0,-11.7292,-49.0686
Gurupi,2026-01-24 15:00:00,22.51,94,20.0,-11.7292,-49.0686
Gurupi,2026-01-24 18:00:00,24.85,82,6.0,-11.7292,-49.0686
Gurupi,2026-01-24 21:00:00,26.33,80,67.0,-11.7292,-49.0686
Gurupi,2026-01-25 00:00:00,23.62,87,52.0,-11.7292,-49.0686
Gurupi,2026-01-25 03:00:00,22.63,90,56.0,-11.7292,-49.0686
Gurupi,2026-01-25 06:00:00,21.66,95,100.0,-11.7292,-49.0686
Gurupi,2026-01-25 09:00:00,20.81,98,100.0,-11.7292,-49.0686
Gurupi,2026-01-25 12:00:00,25.67,81,100.0,-11.7292,-49.0686
Gurupi,2026-01-25 15:00:00,30.96,57,28.0,-11.7292,-49.0686
Gurupi,2026-01-25 18:00:00,32.74,46,0.0,-11.7292,-49.0686
Gurupi,2026-01-25 21:00:00,27.01,71,43.0,-11.7292,-49.0686
Gurupi,2026-01-26 00:00:00,23.83,86,100.0,-11.7292,-49.0686
Gurupi,2026-01-26 03:00:00,22.46,93,100.0,-11.7292,-49.0686
Gurupi,2026-01-26 06:00:00,22.54,90,80.0,-11.7292,-49.0686
Gurupi,2026-01-26 09:00:00,21.59,92,0.0,-11.7292,-49.0686
Uruçuí,2026-01-22 12:00:00,24.6,76,0.0,-7.2294,-44.5561
Uruçuí,2026-01-22 15:00:00,29.86,56,98.0,-7.2294,-44.5561
Uruçuí,2026-01-22 18:00:00,32.6,45,29.0,-7.2294,-44.5561
Uruçuí,2026-01-22 21:00:00,29.02,59,0.0,-7.2294,-44.5561
Uruçuí,2026-01-23 00:00:00,25.54,73,0.0,-7.2294,-44.5561
Uruçuí,2026-01-23 03:00:00,23.37,88,27.0,-7.2294,-44.5561
Uruçuí,2026-01-23 06:00:00,22.79,92,30.0,-7.2294,-44.5561
Uruçuí,2026-01-23 09:00:00,21.64,97,100.0,-7.2294,-44.5561
Uruçuí,2026-01-23 12:00:00,26.09,77,100.0,-7.2294,-44.5561
Uruçuí,2026-01-23 15:00:00,33.01,44,53.0,-7.2294,-44.5561
Uruçuí,2026-01-23 18:00:00,30.42,57,32.0,-7.2294,-44.5561
Uruçuí,2026-01-23 21:00:00,26.96,75,62.0,-7.2294,-44.5561
Uruçuí,2026-01-24 00:00:00,25.17,83,58.0,-7.2294,-44.5561
Uruçuí,2026-01-24 03:00:00,24.01,86,0.0,-7.2294,-44.5561
Uruçuí,2026-01-24 06:00:00,23.77,87,0.0,-7.2294,-44.5561
Uruçuí,2026-01-24 09:00:00,22.45,92,58.0,-7.2294,-44.5561
Uruçuí,2026-01-24 12:00:00,26.76,73,100.0,-7.2294,-44.5561
Uruçuí,2026-01-24 15:00:00,29.87,58,100.0,-7.2294,-44.5561
Uruçuí,2026-01-24 18:00:00,30.91,53,97.0,-7.2294,-44.5561
Uruçuí,2026-01-24 21:00:00,26.04,81,86.0,-7.2294,-44.5561
Uruçuí,2026-01-25 00:00:00,24.25,86,70.0,-7.2294,-44.5561
Uruçuí,2026-01-25 03:00:00,23.57,87,0.0,-7.2294,-44.5561
Uruçuí,2026-01-25 06:00:00,22.87,89,0.0,-7.2294,-44.5561
Uruçuí,2026-01-25 09:00:00,21.93,94,95.0,-7.2294,-44.5561
Uruçuí,2026-01-25 12:00:00,27.11,73,100.0,-7.2294,-44.5561
Uruçuí,2026-01-25 15:00:00,29.83,57,100.0,-7.2294,-44.5561
Uruçuí,2026-01-25 18:00:00,30.69,54,100.0,-7.2294,-44.5561
Uruçuí,2026-01-25 21:00:00,27.89,66,0.0,-7.2294,-44.5561
Uruçuí,2026-01-26 00:00:00,24.77,81,20.0,-7.2294,-44.5561
Uruçuí,2026-01-26 03:00:00,23.8,84,0.0,-7.2294,-44.5561
Uruçuí,2026-01-26 06:00:00,23.11,86,0.0,-7.2294,-44.5561
Uruçuí,2026-01-26 09:00:00,22.59,85,0.0,-7.2294,-44.5561
Uruçuí,2026-01-26 12:00:00,25.77,70,0.0,-7.2294,-44.5561
Uruçuí,2026-01-26 15:00:00,32.74,45,0.0,-7.2294,-44.5561
Uruçuí,2026-01-26 18:00:00,30.68,51,0.0,-7.2294,-44.5561
Uruçuí,2026-01-26 21:00:00,28.75,61,0.0,-7.2294,-44.5561
Uruçuí,2026-01-27 00:00:00,26.44,66,0.0,-7.2294,-44.5561
Uruçuí,2026-01-27 03:00:00,25.19,70,0.0,-7.2294,-44.5561
Uruçuí,2026-01-27 06:00:00,23.85,75,0.0,-7.2294,-44.5561
Uruçuí,2026-01-27 09:00:00,21.41,94,100.0,-7.2294,-44.5561
Barreiras,2026-01-22 12:00:00,21.28,96,100.0,-12.1528,-44.99
Barreiras,2026-01-22 15:00:00,25.66,81,100.0,-12.1528,-44.99
Barreiras,2026-01-22 18:00:00,25.79,83,100.0,-12.1528,-44.99
Barreiras,2026-01-22 21:00:00,22.16,96,100.0,-12.1528,-44.99
Barreiras,2026-01-23 00:00:00,21.54,98,100.0,-12.1528,-44.99
Barreiras,2026-01-23 03:00:00,21.11,99,100.0,-12.1528,-44.99
Barreiras,2026-01-23 06:00:00,20.8,99,100.0,-12.1528,-44.99
Barreiras,2026-01-23 09:00:00,20.61,95,99.0,-12.1528,-44.99
Barreiras,2026-01-23 12:00:00,21.99,93,87.0,-12.1528,-44.99
Barreiras,2026-01-23 15:00:00,23.04,90,47.0,-12.1528,-44.99
Barreiras,2026-01-23 18:00:00,24.83,82,10.0,-12.1528,-44.99
Barreiras,2026-01-23 21:00:00,24.34,87,36.0,-12.1528,-44.99
Barreiras,2026-01-24 00:00:00,22.23,93,45.0,-12.1528,-44.99
Barreiras,2026-01-24 03:00:00,21.22,94,21.0,-12.1528,-44.99
Barreiras,2026-01-24 06:00:00,19.82,98,100.0,-12.1528,-44.99
Barreiras,2026-01-24 09:00:00,19.77,98,100.0,-12.1528,-44.99
Barreiras,2026-01-24 12:00:00,25.67,77,77.0,-12.1528,-44.99
Barreiras,2026-01-24 15:00:00,31.0,53,81.0,-12.1528,-44.99
Barreiras,2026-01-24 18:00:00,29.41,59,100.0,-12.1528,-44.99
Barreiras,2026-01-24 21:00:00,25.7,77,20.0,-12.1528,-44.99
Barreiras,2026-01-25 00:00:00,22.77,84,0.0,-12.1528,-44.99
Barreiras,2026-01-25 03:00:00,22.31,88,100.0,-12.1528,-44.99
Barreiras,2026-01-25 06:00:00,20.42,95,100.0,-12.1528,-44.99
Barreiras,2026-01-25 09:00:00,20.81,93,0.0,-12.1528,-44.99
Barreiras,2026-01-25 12:00:00,26.41,69,0.0,-12.1528,-44.99
Barreiras,2026-01-25 15:00:00,31.5,47,11.0,-12.1528,-44.99
Barreiras,2026-01-25 18:00:00,32.55,40,5.0,-12.1528,-44.99
Barreiras,2026-01-25 21:00:00,25.58,64,20.0,-12.1528,-44.99
Barreiras,2026-01-26 00:00:00,23.25,75,0.0,-12.1528,-44.99
Barreiras,2026-01-26 03:00:00,22.37,78,0.0,-12.1528,-44.99
Barreiras,2026-01-26 06:00:00,20.89,82,0.0,-12.1528,-44.99
Barreiras,2026-01-26 09:00:00,19.71,83,0.0,-12.1528,-44.99
Barreiras,2026-01-26 12:00:00,27.32,54,0.0,-12.1528,-44.99
Barreiras,2026-01-26 15:00:00,31.38,42,0.0,-12.1528,-44.99
Barreiras,2026-01-26 18:00:00,32.06,39,0.0,-12.1528,-44.99
Barreiras,2026-01-26 21:00:00,28.01,57,0.0,-12.1528,-44.99
Barreiras,2026-01-27 00:00:00,24.52,62,0.0,-12.1528,-44.99
Barreiras,2026-01-27 03:00:00,21.67,72,0.0,-12.1528,-44.99
Barreiras,2026-01-27 06:00:00,20.73,77,0.0,-12.1528,-44.99
Barreiras,2026-01-27 09:00:00,19.95,81,0.0,-12.1528,-44.99
Balsas,2026-01-22 12:00:00,23.1,90,79.0,-7.5325,-46.0356
Balsas,2026-01-22 15:00:00,26.55,76,100.0,-7.5325,-46.0356
Balsas,2026-01-22 18:00:00,25.39,86,100.0,-7.5325,-46.0356
Balsas,2026-01-22 21:00:00,23.93,92,100.0,-7.5325,-46.0356
Balsas,2026-01-23 00:00:00,22.67,96,100.0,-7.5325,-46.0356
Balsas,2026-01-23 03:00:00,22.57,95,0.0,-7.5325,-46.0356
Balsas,2026-01-23 06:00:00,22.12,95,0.0,-7.5325,-46.0356
Balsas,2026-01-23 09:00:00,21.75,96,16.0,-7.5325,-46.0356
Balsas,2026-01-23 12:00:00,25.18,84,38.0,-7.5325,-46.0356
Balsas,2026-01-23 15:00:00,28.95,69,100.0,-7.5325,-46.0356
Balsas,2026-01-23 18:00:00,28.55,70,100.0,-7.5325,-46.0356
Balsas,2026-01-23 21:00:00,25.76,83,100.0,-7.5325,-46.0356
Balsas,2026-01-24 00:00:00,23.87,90,100.0,-7.5325,-46.0356
Balsas,2026-01-24 03:00:00,22.28,96,100.0,-7.5325,-46.0356
Balsas,2026-01-24 06:00:00,22.36,96,100.0,-7.5325,-46.0356
Balsas,2026-01-24 09:00:00,22.0,98,8.0,-7.5325,-46.0356
Balsas,2026-01-24 12:00:00,25.54,83,83.0,-7.5325,-46.0356
Balsas,2026-01-24 15:00:00,29.92,65,100.0,-7.5325,-46.0356
Balsas,2026-01-24 18:00:00,28.95,66,100.0,-7.5325,-46.0356
Balsas,2026-01-24 21:00:00,25.82,81,92.0,-7.5325,-46.0356
Balsas,2026-01-25 00:00:00,23.05,93,100.0,-7.5325,-46.0356
Balsas,2026-01-25 03:00:00,22.0,95,100.0,-7.5325,-46.0356
Balsas,2026-01-25 06:00:00,21.8,95,100.0,-7.5325,-46.0356
Balsas,2026-01-25 09:00:00,21.43,95,16.0,-7.5325,-46.0356
Balsas,2026-01-25 12:00:00,25.93,80,5.0,-7.5325,-46.0356
Balsas,2026-01-25 15:00:00,28.35,68,100.0,-7.5325,-46.0356
Balsas,2026-01-25 18:00:00,30.59,55,100.0,-7.5325,-46.0356
Balsas,2026-01-25 21:00:00,26.5,79,100.0,-7.5325,-46.0356
Balsas,2026-01-26 00:00:00,24.29,86,6.0,-7.5325,-46.0356
Balsas,2026-01-26 03:00:00,23.0,90,51.0,-7.5325,-46.0356
Balsas,2026-01-26 06:00:00,22.27,91,0.0,-7.5325,-46.0356
Balsas,2026-01-26 09:00:00,22.75,89,0.0,-7.5325,-46.0356
Balsas,2026-01-26 12:00:00,26.96,72,38.0,-7.5325,-46.0356
Balsas,2026-01-26 15:00:00,30.13,58,100.0,-7.5325,-46.0356
Balsas,2026-01-26 18:00:00,29.42,65,100.0,-7.5325,-46.0356
Balsas,2026-01-26 21:00:00,27.63,73,15.0,-7.5325,-46.0356
Balsas,2026-01-27 00:00:00,25.17,76,0.0,-7.5325,-46.0356
Balsas,2026-01-27 03:00:00,24.11,79,0.0,-7.5325,-46.0356
Balsas,2026-01-27 06:00:00,23.07,85,0.0,-7.5325,-46.0356
Balsas,2026-01-27 09:00:00,22.44,87,0.0,-7.5325,-46.0356
Gurupi,2026-01-22 12:00:00,21.3,98,100.0,-11.7292,-49.0686
Gurupi,2026-01-22 15:00:00,21.71,96,100.0,-11.7292,-49.0686
Gurupi,2026-01-22 18:00:00,24.86,82,99.0,-11.7292,-49.0686
Gurupi,2026-01-22 21:00:00,22.93,91,0.0,-11.7292,-49.0686
Gurupi,2026-01-23 00:00:00,22.11,96,0.0,-11.7292,-49.0686
Gurupi,2026-01-23 03:00:00,21.83,95,0.0,-11.7292,-49.0686
Gurupi,2026-01-23 06:00:00,20.89,97,0.0,-11.7292,-49.0686
Gurupi,2026-01-23 09:00:00,21.11,94,0.0,-11.7292,-49.0686
Gurupi,2026-01-23 12:00:00,23.41,86,0.0,-11.7292,-49.0686
Gurupi,2026-01-23 15:00:00,27.87,69,0.0,-11.7292,-49.0686
Gurupi,2026-01-23 18:00:00,29.86,61,53.0,-11.7292,-49.0686
Gurupi,2026-01-23 21:00:00,25.89,85,100.0,-11.7292,-49.0686
Gurupi,2026-01-24 00:00:00,22.46,94,100.0,-11.7292,-49.0686
Gurupi,2026-01-24 03:00:00,21.68,94,0.0,-11.7292,-49.0686
Gurupi,2026-01-24 06:00:00,21.71,96,29.0,-11.7292,-49.0686
Gurupi,2026-01-24 09:00:00,21.68,98,100.0,-11.7292,-49.0686
Gurupi,2026-01-24 12:00:00,22.24,97,100.0,-11.7292,-49.0686
Gurupi,2026-01-24 15:00:00,23.51,91,0.0,-11.7292,-49.0686
Gurupi,2026-01-24 18:00:00,29.06,62,0.0,-11.7292,-49.0686
Gurupi,2026-01-24 21:00:00,27.36,76,30.0,-11.7292,-49.0686
Gurupi,2026-01-25 00:00:00,23.29,89,96.0,-11.7292,-49.0686
Gurupi,2026-01-25 03:00:00,22.63,93,100.0,-11.7292,-49.0686
Gurupi,2026-01-25 06:00:00,22.16,93,74.0,-11.7292,-49.0686
Gurupi,2026-01-25 09:00:00,21.59,94,0.0,-11.7292,-49.0686
Gurupi,2026-01-25 12:00:00,25.93,82,46.0,-11.7292,-49.0686
Gurupi,2026-01-25 15:00:00,29.32,65,100.0,-11.7292,-49.0686
Gurupi,2026-01-25 18:00:00,30.37,59,91.0,-11.7292,-49.0686
Gurupi,2026-01-25 21:00:00,27.9,76,0.0,-11.7292,-49.0686
Gurupi,2026-01-26 00:00:00,24.85,79,0.0,-11.7292,-49.0686
Gurupi,2026-01-26 03:00:00,23.45,89,0.0,-11.7292,-49.0686
Gurupi,2026-01-26 06:00:00,22.44,91,68.0,-11.7292,-49.0686
Gurupi,2026-01-26 09:00:00,21.91,94,69.0,-11.7292,-49.0686
Gurupi,2026-01-26 12:00:00,25.32,82,64.0,-11.7292,-49.0686
Gurupi,2026-01-26 15:00:00,30.68,58,2.0,-11.7292,-49.0686
Gurupi,2026-01-26 18:00:00,32.52,49,0.0,-11.7292,-49.0686
Gurupi,2026-01-26 21:00:00,28.8,65,0.0,-11.7292,-49.0686
Gurupi,2026-01-27 00:00:00,26.88,68,0.0,-11.7292,-49.0686
Gurupi,2026-01-27 03:00:00,23.73,84,37.0,-11.7292,-49.0686
Gurupi,2026-01-27 06:00:00,22.87,88,42.0,-11.7292,-49.0686
Gurupi,2026-01-27 09:00:00,21.66,95,96.0,-11.7292,-49.0686
Uruçuí,2026-01-23 12:00:00,25.1,69,84.0,-7.2294,-44.5561
Uruçuí,2026-01-23 15:00:00,29.7,56,34.0,-7.2294,-44.5561
Uruçuí,2026-01-23 18:00:00,31.48,50,1.0,-7.2294,-44.5561
Uruçuí,2026-01-23 21:00:00,29.53,56,23.0,-7.2294,-44.5561
Uruçuí,2026-01-24 00:00:00,26.03,76,32.0,-7.2294,-44.5561
Uruçuí,2026-01-24 03:00:00,23.93,84,0.0,-7.2294,-44.5561
Uruçuí,2026-01-24 06:00:00,24.16,82,23.0,-7.2294,-44.5561
Uruçuí,2026-01-24 09:00:00,22.53,91,34.0,-7.2294,-44.5561
Uruçuí,2026-01-24 12:00:00,26.44,75,100.0,-7.2294,-44.5561
Uruçuí,2026-01-24 15:00:00,30.36,58,100.0,-7.2294,-44.5561
Uruçuí,2026-01-24 18:00:00,29.43,65,100.0,-7.2294,-44.5561
Uruçuí,2026-01-24 21:00:00,25.79,86,100.0,-7.2294,-44.5561
Uruçuí,2026-01-25 00:00:00,23.73,90,80.0,-7.2294,-44.5561
Uruçuí,2026-01-25 03:00:00,23.01,91,0.0,-7.2294,-44.5561
Uruçuí,2026-01-25 06:00:00,22.69,92,0.0,-7.2294,-44.5561
Uruçuí,2026-01-25 09:00:00,23.1,91,74.0,-7.2294,-44.5561
Uruçuí,2026-01-25 12:00:00,27.74,70,100.0,-7.2294,-44.5561
Uruçuí,2026-01-25 15:00:00,30.13,55,100.0,-7.2294,-44.5561
Uruçuí,2026-01-25 18:00:00,31.24,52,80.0,-7.2294,-44.5561
Uruçuí,2026-01-25 21:00:00,27.46,69,10.0,-7.2294,-44.5561
Uruçuí,2026-01-26 00:00:00,25.0,79,0.0,-7.2294,-44.5561
Uruçuí,2026-01-26 03:00:00,23.87,85,0.0,-7.2294,-44.5561
Uruçuí,2026-01-26 06:00:00,24.49,79,0.0,-7.2294,-44.5561
Uruçuí,2026-01-26 09:00:00,23.48,87,69.0,-7.2294,-44.5561
Uruçuí,2026-01-26 12:00:00,26.71,75,100.0,-7.2294,-44.5561
Uruçuí,2026-01-26 15:00:00,32.28,47,98.0,-7.2294,-44.5561
Uruçuí,2026-01-26 18:00:00,29.91,60,71.0,-7.2294,-44.5561
Uruçuí,2026-01-26 21:00:00,28.07,67,2.0,-7.2294,-44.5561
Uruçuí,2026-01-27 00:00:00,25.79,73,21.0,-7.2294,-44.5561
Uruçuí,2026-01-27 03:00:00,24.26,80,0.0,-7.2294,-44.5561
Uruçuí,2026-01-27 06:00:00,24.6,79,0.0,-7.2294,-44.5561
Uruçuí,2026-01-27 09:00:00,22.7,93,100.0,-7.2294,-44.5561
Uruçuí,2026-01-27 12:00:00,26.4,74,100.0,-7.2294,-44.5561
Uruçuí,2026-01-27 15:00:00,32.31,46,20.0,-7.2294,-44.5561
Uruçuí,2026-01-27 18:00:00,30.28,55,15.0,-7.2294,-44.5561
Uruçuí,2026-01-27 21:00:00,27.75,67,0.0,-7.2294,-44.5561
Uruçuí,2026-01-28 00:00:00,24.13,86,38.0,-7.2294,-44.5561
Uruçuí,2026-01-28 03:00:00,22.52,93,94.0,-7.2294,-44.5561
Uruçuí,2026-01-28 06:00:00,21.83,96,100.0,-7.2294,-44.5561
Uruçuí,2026-01-28 09:00:00,22.01,96,100.0,-7.2294,-44.5561
Barreiras,2026-01-23 12:00:00,21.67,89,0.0,-12.1528,-44.99
Barreiras,2026-01-23 15:00:00,26.23,72,21.0,-12.1528,-44.99
Barreiras,2026-01-23 18:00:00,30.18,58,21.0,-12.1528,-44.99
Barreiras,2026-01-23 21:00:00,25.96,82,90.0,-12.1528,-44.99
Barreiras,2026-01-24 00:00:00,22.96,91,100.0,-12.1528,-44.99
Barreiras,2026-01-24 03:00:00,21.39,98,100.0,-12.1528,-44.99
Barreiras,2026-01-24 06:00:00,21.25,98,100.0,-12.1528,-44.99
Barreiras,2026-01-24 09:00:00,21.21,98,100.0,-12.1528,-44.99
Barreiras,2026-01-24 12:00:00,24.87,83,80.0,-12.1528,-44.99
Barreiras,2026-01-24 15:00:00,29.89,56,15.0,-12.1528,-44.99
Barreiras,2026-01-24 18:00:00,29.95,57,89.0,-12.1528,-44.99
Barreiras,2026-01-24 21:00:00,26.4,78,22.0,-12.1528,-44.99
Barreiras,2026-01-25 00:00:00,22.37,91,69.0,-12.1528,-44.99
Barreiras,2026-01-25 03:00:00,20.85,94,25.0,-12.1528,-44.99
Barreiras,2026-01-25 06:00:00,20.39,94,29.0,-12.1528,-44.99
Barreiras,2026-01-25 09:00:00,20.14,96,0.0,-12.1528,-44.99
Barreiras,2026-01-25 12:00:00,26.39,67,0.0,-12.1528,-44.99
Barreiras,2026-01-25 15:00:00,30.52,49,0.0,-12.1528,-44.99
Barreiras,2026-01-25 18:00:00,30.85,51,0.0,-12.1528,-44.99
Barreiras,2026-01-25 21:00:00,26.83,72,0.0,-12.1528,-44.99
Barreiras,2026-01-26 00:00:00,23.19,80,0.0,-12.1528,-44.99
Barreiras,2026-01-26 03:00:00,23.47,76,0.0,-12.1528,-44.99
Barreiras,2026-01-26 06:00:00,21.6,83,0.0,-12.1528,-44.99
Barreiras,2026-01-26 09:00:00,22.09,81,0.0,-12.1528,-44.99
Barreiras,2026-01-26 12:00:00,23.81,74,0.0,-12.1528,-44.99
Barreiras,2026-01-26 15:00:00,29.24,54,0.0,-12.1528,-44.99
Barreiras,2026-01-26 18:00:00,31.53,46,0.0,-12.1528,-44.99
Barreiras,2026-01-26 21:00:00,27.57,65,0.0,-12.1528,-44.99
Barreiras,2026-01-27 00:00:00,23.79,73,0.0,-12.1528,-44.99
Barreiras,2026-01-27 03:00:00,22.6,76,0.0,-12.1528,-44.99
Barreiras,2026-01-27 06:00:00,22.5,75,0.0,-12.1528,-44.99
Barreiras,2026-01-27 09:00:00,21.79,74,0.0,-12.1528,-44.99
Barreiras,2026-01-27 12:00:00,27.3,49,0.0,-12.1528,-44.99
Barreiras,2026-01-27 15:00:00,31.23,38,0.0,-12.1528,-44.99
Barreiras,2026-01-27 18:00:00,32.14,38,0.0,-12.1528,-44.99
Barreiras,2026-01-27 21:00:00,26.86,63,0.0,-12.1528,-44.99
Barreiras,2026-01-28 00:00:00,23.65,64,0.0,-12.1528,-44.99
Barreiras,2026-01-28 03:00:00,22.36,73,0.0,-12.1528,-44.99
Barreiras,2026-01-28 06:00:00,21.31,77,0.0,-12.1528,-44.99
Barreiras,2026-01-28 09:00:00,21.39,76,0.0,-12.1528,-44.99
Balsas,2026-01-23 12:00:00,24.15,82,100.0,-7.5325,-46.0356
Balsas,2026-01-23 15:00:00,26.65,75,100.0,-7.5325,-46.0356
Balsas,2026-01-23 18:00:00,30.63,56,100.0,-7.5325,-46.0356
Balsas,2026-01-23 21:00:00,27.93,72,51.0,-7.5325,-46.0356
Balsas,2026-01-24 00:00:00,24.1,87,45.0,-7.5325,-46.0356
Balsas,2026-01-24 03:00:00,22.3,95,100.0,-7.5325,-46.0356
Balsas,2026-01-24 06:00:00,22.04,95,100.0,-7.5325,-46.0356
Balsas,2026-01-24 09:00:00,21.26,97,100.0,-7.5325,-46.0356
Balsas,2026-01-24 12:00:00,25.42,78,56.0,-7.5325,-46.0356
Balsas,2026-01-24 15:00:00,29.06,66,100.0,-7.5325,-46.0356
Balsas,2026-01-24 18:00:00,27.16,76,100.0,-7.5325,-46.0356
Balsas,2026-01-24 21:00:00,25.94,84,100.0,-7.5325,-46.0356
Balsas,2026-01-25 00:00:00,23.64,91,87.0,-7.5325,-46.0356
Balsas,2026-01-25 03:00:00,22.8,91,2.0,-7.5325,-46.0356
Balsas,2026-01-25 06:00:00,22.22,93,0.0,-7.5325,-46.0356
Balsas,2026-01-25 09:00:00,21.52,95,0.0,-7.5325,-46.0356
Balsas,2026-01-25 12:00:00,26.65,75,25.0,-7.5325,-46.0356
Balsas,2026-01-25 15:00:00,30.3,56,100.0,-7.5325,-46.0356
Balsas,2026-01-25 18:00:00,29.11,65,100.0,-7.5325,-46.0356
Balsas,2026-01-25 21:00:00,27.33,72,44.0,-7.5325,-46.0356
Balsas,2026-01-26 00:00:00,23.93,85,22.0,-7.5325,-46.0356
Balsas,2026-01-26 03:00:00,23.2,86,0.0,-7.5325,-46.0356
Balsas,2026-01-26 06:00:00,22.49,88,0.0,-7.5325,-46.0356
Balsas,2026-01-26 09:00:00,22.47,87,47.0,-7.5325,-46.0356
Balsas,2026-01-26 12:00:00,24.89,80,44.0,-7.5325,-46.0356
Balsas,2026-01-26 15:00:00,30.49,56,100.0,-7.5325,-46.0356
Balsas,2026-01-26 18:00:00,30.63,52,100.0,-7.5325,-46.0356
Balsas,2026-01-26 21:00:00,28.37,68,0.0,-7.5325,-46.0356
Balsas,2026-01-27 00:00:00,25.48,76,0.0,-7.5325,-46.0356
Balsas,2026-01-27 03:00:00,24.02,82,0.0,-7.5325,-46.0356
Balsas,2026-01-27 06:00:00,22.94,86,0.0,-7.5325,-46.0356
Balsas,2026-01-27 09:00:00,22.18,91,98.0,-7.5325,-46.0356
Balsas,2026-01-27 12:00:00,26.67,77,100.0,-7.5325,-46.0356
Balsas,2026-01-27 15:00:00,28.85,65,100.0,-7.5325,-46.0356
Balsas,2026-01-27 18:00:00,30.47,58,100.0,-7.5325,-46.0356
Balsas,2026-01-27 21:00:00,26.76,79,92.0,-7.5325,-46.0356
Balsas,2026-01-28 00:00:00,24.04,86,18.0,-7.5325,-46.0356
Balsas,2026-01-28 03:00:00,22.72,92,32.0,-7.5325,-46.0356
Balsas,2026-01-28 06:00:00,22.39,93,79.0,-7.5325,-46.0356
Balsas,2026-01-28 09:00:00,21.85,95,68.0,-7.5325,-46.0356
Gurupi,2026-01-23 12:00:00,22.24,91,0.0,-11.7292,-49.0686
Gurupi,2026-01-23 15:00:00,25.64,77,0.0,-11.7292,-49.0686
Gurupi,2026-01-23 18:00:00,30.78,55,29.0,-11.7292,-49.0686
Gurupi,2026-01-23 21:00:00,25.86,82,100.0,-11.7292,-49.0686
Gurupi,2026-01-24 00:00:00,23.32,91,100.0,-11.7292,-49.0686
Gurupi,2026-01-24 03:00:00,22.62,94,0.0,-11.7292,-49.0686
Gurupi,2026-01-24 06:00:00,22.1,97,100.0,-11.7292,-49.0686
Gurupi,2026-01-24 09:00:00,22.0,98,100.0,-11.7292,-49.0686
Gurupi,2026-01-24 12:00:00,23.71,91,100.0,-11.7292,-49.0686
Gurupi,2026-01-24 15:00:00,25.69,80,0.0,-11.7292,-49.0686
Gurupi,2026-01-24 18:00:00,29.42,63,40.0,-11.7292,-49.0686
Gurupi,2026-01-24 21:00:00,26.95,76,20.0,-11.7292,-49.0686
Gurupi,2026-01-25 00:00:00,23.71,87,5.0,-11.7292,-49.0686
Gurupi,2026-01-25 03:00:00,23.52,80,0.0,-11.7292,-49.0686
Gurupi,2026-01-25 06:00:00,23.18,81,0.0,-11.7292,-49.0686
Gurupi,2026-01-25 09:00:00,21.57,95,96.0,-11.7292,-49.0686
Gurupi,2026-01-25 12:00:00,25.88,80,100.0,-11.7292,-49.0686
Gurupi,2026-01-25 15:00:00,29.57,65,100.0,-11.7292,-49.0686
Gurupi,2026-01-25 18:00:00,28.58,71,100.0,-11.7292,-49.0686
Gurupi,2026-01-25 21:00:00,27.96,78,91.0,-11.7292,-49.0686
Gurupi,2026-01-26 00:00:00,23.97,83,72.0,-11.7292,-49.0686
Gurupi,2026-01-26 03:00:00,23.16,85,60.0,-11.7292,-49.0686
Gurupi,2026-01-26 06:00:00,22.39,89,73.0,-11.7292,-49.0686
Gurupi,2026-01-26 09:00:00,21.55,94,22.0,-11.7292,-49.0686
Gurupi,2026-01-26 12:00:00,25.69,81,100.0,-11.7292,-49.0686
Gurupi,2026-01-26 15:00:00,31.37,55,20.0,-11.7292,-49.0686
Gurupi,2026-01-26 18:00:00,29.18,65,41.0,-11.7292,-49.0686
Gurupi,2026-01-26 21:00:00,26.66,79,54.0,-11.7292,-49.0686
Gurupi,2026-01-27 00:00:00,24.71,77,53.0,-11.7292,-49.0686
Gurupi,2026-01-27 03:00:00,21.98,95,100.0,-11.7292,-49.0686
Gurupi,2026-01-27 06:00:00,22.23,96,100.0,-11.7292,-49.0686
Gurupi,2026-01-27 09:00:00,21.3,97,61.0,-11.7292,-49.0686
Gurupi,2026-01-27 12:00:00,25.21,82,34.0,-11.7292,-49.0686
Gurupi,2026-01-27 15:00:00,30.72,58,0.0,-11.7292,-49.0686
Gurupi,2026-01-27 18:00:00,31.97,53,0.0,-11.7292,-49.0686
Gurupi,2026-01-27 21:00:00,27.76,74,2.0,-11.7292,-49.0686
Gurupi,2026-01-28 00:00:00,23.07,89,82.0,-11.7292,-49.0686
Gurupi,2026-01-28 03:00:00,22.35,92,100.0,-11.7292,-49.0686
Gurupi,2026-01-28 06:00:00,21.52,93,100.0,-11.7292,-49.0686
Gurupi,2026-01-28 09:00:00,21.47,92,0.0,-11.7292,-49.0686
Uruçuí,2026-01-24 12:00:00,24.2,86,24.0,-7.2294,-44.5561
Uruçuí,2026-01-24 15:00:00,28.44,64,98.0,-7.2294,-44.5561
Uruçuí,2026-01-24 18:00:00,32.74,45,84.0,-7.2294,-44.5561
Uruçuí,2026-01-24 21:00:00,28.53,64,0.0,-7.2294,-44.5561
Uruçuí,2026-01-25 00:00:00,25.09,78,0.0,-7.2294,-44.5561
Uruçuí,2026-01-25 03:00:00,24.24,79,0.0,-7.2294,-44.5561
Uruçuí,2026-01-25 06:00:00,23.73,82,0.0,-7.2294,-44.5561
Uruçuí,2026-01-25 09:00:00,23.81,81,0.0,-7.2294,-44.5561
Uruçuí,2026-01-25 12:00:00,26.67,78,100.0,-7.2294,-44.5561
Uruçuí,2026-01-25 15:00:00,32.72,40,40.0,-7.2294,-44.5561
Uruçuí,2026-01-25 18:00:00,34.13,36,28.0,-7.2294,-44.5561
Uruçuí,2026-01-25 21:00:00,28.05,68,0.0,-7.2294,-44.5561
Uruçuí,2026-01-26 00:00:00,25.23,74,0.0,-7.2294,-44.5561
Uruçuí,2026-01-26 03:00:00,24.39,78,0.0,-7.2294,-44.5561
Uruçuí,2026-01-26 06:00:00,24.42,78,0.0,-7.2294,-44.5561
Uruçuí,2026-01-26 09:00:00,24.53,78,0.0,-7.2294,-44.5561
Uruçuí,2026-01-26 12:00:00,27.76,69,100.0,-7.2294,-44.5561
Uruçuí,2026-01-26 15:00:00,32.33,47,35.0,-7.2294,-44.5561
Uruçuí,2026-01-26 18:00:00,31.09,52,16.0,-7.2294,-44.5561
Uruçuí,2026-01-26 21:00:00,27.99,67,0.0,-7.2294,-44.5561
Uruçuí,2026-01-27 00:00:00,26.47,72,20.0,-7.2294,-44.5561
Uruçuí,2026-01-27 03:00:00,24.3,80,0.0,-7.2294,-44.5561
Uruçuí,2026-01-27 06:00:00,24.09,80,0.0,-7.2294,-44.5561
Uruçuí,2026-01-27 09:00:00,22.29,90,99.0,-7.2294,-44.5561
Uruçuí,2026-01-27 12:00:00,25.79,81,100.0,-7.2294,-44.5561
Uruçuí,2026-01-27 15:00:00,30.42,57,100.0,-7.2294,-44.5561
Uruçuí,2026-01-27 18:00:00,31.56,53,100.0,-7.2294,-44.5561
Uruçuí,2026-01-27 21:00:00,27.51,76,99.0,-7.2294,-44.5561
Uruçuí,2026-01-28 00:00:00,25.44,80,73.0,-7.2294,-44.5561
Uruçuí,2026-01-28 03:00:00,23.9,88,100.0,-7.2294,-44.5561
Uruçuí,2026-01-28 06:00:00,21.87,94,100.0,-7.2294,-44.5561
Uruçuí,2026-01-28 09:00:00,21.55,95,0.0,-7.2294,-44.5561
Uruçuí,2026-01-28 12:00:00,25.83,75,0.0,-7.2294,-44.5561
Uruçuí,2026-01-28 15:00:00,30.44,56,0.0,-7.2294,-44.5561
Uruçuí,2026-01-28 18:00:00,29.12,67,20.0,-7.2294,-44.5561
Uruçuí,2026-01-28 21:00:00,27.71,73,21.0,-7.2294,-44.5561
Uruçuí,2026-01-29 00:00:00,25.44,76,0.0,-7.2294,-44.5561
Uruçuí,2026-01-29 03:00:00,24.42,80,0.0,-7.2294,-44.5561
Uruçuí,2026-01-29 06:00:00,22.19,94,100.0,-7.2294,-44.5561
Uruçuí,2026-01-29 09:00:00,21.8,95,20.0,-7.2294,-44.5561
Barreiras,2026-01-24 12:00:00,22.89,76,0.0,-12.1528,-44.99
Barreiras,2026-01-24 15:00:00,27.83,57,0.0,-12.1528,-44.99
Barreiras,2026-01-24 18:00:00,32.15,42,0.0,-12.1528,-44.99
Barreiras,2026-01-24 21:00:00,27.07,70,0.0,-12.1528,-44.99
Barreiras,2026-01-25 00:00:00,23.4,75,0.0,-12.1528,-44.99
Barreiras,2026-01-25 03:00:00,22.96,74,0.0,-12.1528,-44.99
Barreiras,2026-01-25 06:00:00,22.14,75,0.0,-12.1528,-44.99
Barreiras,2026-01-25 09:00:00,21.06,80,0.0,-12.1528,-44.99
Barreiras,2026-01-25 12:00:00,28.16,53,0.0,-12.1528,-44.99
Barreiras,2026-01-25 15:00:00,32.08,41,0.0,-12.1528,-44.99
Barreiras,2026-01-25 18:00:00,33.26,38,0.0,-12.1528,-44.99
Barreiras,2026-01-25 21:00:00,27.86,61,0.0,-12.1528,-44.99
Barreiras,2026-01-26 00:00:00,24.55,66,0.0,-12.1528,-44.99
Barreiras,2026-01-26 03:00:00,23.58,70,0.0,-12.1528,-44.99
Barreiras,2026-01-26 06:00:00,22.18,80,52.0,-12.1528,-44.99
Barreiras,2026-01-26 09:00:00,21.95,81,55.0,-12.1528,-44.99
Barreiras,2026-01-26 12:00:00,27.72,61,35.0,-12.1528,-44.99
Barreiras,2026-01-26 15:00:00,31.28,46,0.0,-12.1528,-44.99
Barreiras,2026-01-26 18:00:00,31.62,47,0.0,-12.1528,-44.99
Barreiras,2026-01-26 21:00:00,27.89,67,0.0,-12.1528,-44.99
Barreiras,2026-01-27 00:00:00,22.97,77,0.0,-12.1528,-44.99
Barreiras,2026-01-27 03:00:00,22.07,79,0.0,-12.1528,-44.99
Barreiras,2026-01-27 06:00:00,22.47,75,0.0,-12.1528,-44.99
Barreiras,2026-01-27 09:00:00,20.96,81,0.0,-12.1528,-44.99
Barreiras,2026-01-27 12:00:00,27.47,55,0.0,-12.1528,-44.99
Barreiras,2026-01-27 15:00:00,31.75,43,0.0,-12.1528,-44.99
Barreiras,2026-01-27 18:00:00,33.73,35,0.0,-12.1528,-44.99
Barreiras,2026-01-27 21:00:00,27.59,59,0.0,-12.1528,-44.99
Barreiras,2026-01-28 00:00:00,24.21,64,0.0,-12.1528,-44.99
Barreiras,2026-01-28 03:00:00,24.82,60,0.0,-12.1528,-44.99
Barreiras,2026-01-28 06:00:00,22.32,74,0.0,-12.1528,-44.99
Barreiras,2026-01-28 09:00:00,22.19,78,0.0,-12.1528,-44.99
Barreiras,2026-01-28 12:00:00,27.13,60,0.0,-12.1528,-44.99
Barreiras,2026-01-28 15:00:00,31.46,46,0.0,-12.1528,-44.99
Barreiras,2026-01-28 18:00:00,29.73,52,0.0,-12.1528,-44.99
Barreiras,2026-01-28 21:00:00,28.06,64,0.0,-12.1528,-44.99
Barreiras,2026-01-29 00:00:00,24.34,71,0.0,-12.1528,-44.99
Barreiras,2026-01-29 03:00:00,22.32,79,20.0,-12.1528,-44.99
Barreiras,2026-01-29 06:00:00,22.27,78,0.0,-12.1528,-44.99
Barreiras,2026-01-29 09:00:00,22.87,76,0.0,-12.1528,-44.99
Balsas,2026-01-24 12:00:00,23.42,89,78.0,-7.5325,-46.0356
Balsas,2026-01-24 15:00:00,28.98,65,100.0,-7.5325,-46.0356
Balsas,2026-01-24 18:00:00,29.6,61,78.0,-7.5325,-46.0356
Balsas,2026-01-24 21:00:00,27.75,71,37.0,-7.5325,-46.0356
Balsas,2026-01-25 00:00:00,25.26,79,1.0,-7.5325,-46.0356
Balsas,2026-01-25 03:00:00,23.96,85,0.0,-7.5325,-46.0356
Balsas,2026-01-25 06:00:00,23.04,88,0.0,-7.5325,-46.0356
Balsas,2026-01-25 09:00:00,22.22,93,0.0,-7.5325,-46.0356
Balsas,2026-01-25 12:00:00,28.26,68,35.0,-7.5325,-46.0356
Balsas,2026-01-25 15:00:00,32.09,47,100.0,-7.5325,-46.0356
Balsas,2026-01-25 18:00:00,29.96,58,80.0,-7.5325,-46.0356
Balsas,2026-01-25 21:00:00,27.7,72,0.0,-7.5325,-46.0356
Balsas,2026-01-26 00:00:00,24.69,80,0.0,-7.5325,-46.0356
Balsas,2026-01-26 03:00:00,23.66,84,0.0,-7.5325,-46.0356
Balsas,2026-01-26 06:00:00,22.84,88,0.0,-7.5325,-46.0356
Balsas,2026-01-26 09:00:00,21.75,94,100.0,-7.5325,-46.0356
Balsas,2026-01-26 12:00:00,27.78,72,100.0,-7.5325,-46.0356
Balsas,2026-01-26 15:00:00,32.63,46,100.0,-7.5325,-46.0356
Balsas,2026-01-26 18:00:00,29.1,64,80.0,-7.5325,-46.0356
Balsas,2026-01-26 21:00:00,28.17,66,0.0,-7.5325,-46.0356
Balsas,2026-01-27 00:00:00,24.88,78,0.0,-7.5325,-46.0356
Balsas,2026-01-27 03:00:00,23.99,82,0.0,-7.5325,-46.0356
Balsas,2026-01-27 06:00:00,23.03,86,0.0,-7.5325,-46.0356
Balsas,2026-01-27 09:00:00,22.38,88,22.0,-7.5325,-46.0356
Balsas,2026-01-27 12:00:00,26.21,78,100.0,-7.5325,-46.0356
Balsas,2026-01-27 15:00:00,29.89,59,100.0,-7.5325,-46.0356
Balsas,2026-01-27 18:00:00,29.29,62,100.0,-7.5325,-46.0356
Balsas,2026-01-27 21:00:00,28.03,70,51.0,-7.5325,-46.0356
Balsas,2026-01-28 00:00:00,24.37,85,49.0,-7.5325,-46.0356
Balsas,2026-01-28 03:00:00,23.21,89,20.0,-7.5325,-46.0356
Balsas,2026-01-28 06:00:00,22.56,91,0.0,-7.5325,-46.0356
Balsas,2026-01-28 09:00:00,21.86,94,0.0,-7.5325,-46.0356
Balsas,2026-01-28 12:00:00,26.28,74,0.0,-7.5325,-46.0356
Balsas,2026-01-28 15:00:00,31.79,50,0.0,-7.5325,-46.0356
Balsas,2026-01-28 18:00:00,31.44,52,0.0,-7.5325,-46.0356
Balsas,2026-01-28 21:00:00,27.58,69,48.0,-7.5325,-46.0356
Balsas,2026-01-29 00:00:00,25.2,77,37.0,-7.5325,-46.0356
Balsas,2026-01-29 03:00:00,24.2,79,0.0,-7.5325,-46.0356
Balsas,2026-01-29 06:00:00,23.13,85,35.0,-7.5325,-46.0356
Balsas,2026-01-29 09:00:00,21.59,97,100.0,-7.5325,-46.0356
Gurupi,2026-01-24 12:00:00,22.7,93,20.0,-11.7292,-49.0686
Gurupi,2026-01-24 15:00:00,25.03,81,20.0,-11.7292,-49.0686
Gurupi,2026-01-24 18:00:00,30.06,60,41.0,-11.7292,-49.0686
Gurupi,2026-01-24 21:00:00,26.47,82,100.0,-11.7292,-49.0686
Gurupi,2026-01-25 00:00:00,24.04,87,100.0,-11.7292,-49.0686
Gurupi,2026-01-25 03:00:00,24.13,84,2.0,-11.7292,-49.0686
Gurupi,2026-01-25 06:00:00,22.99,89,0.0,-11.7292,-49.0686
Gurupi,2026-01-25 09:00:00,22.12,93,0.0,-11.7292,-49.0686
Gurupi,2026-01-25 12:00:00,25.57,81,0.0,-11.7292,-49.0686
Gurupi,2026-01-25 15:00:00,30.8,62,0.0,-11.7292,-49.0686
Gurupi,2026-01-25 18:00:00,31.88,54,21.0,-11.7292,-49.0686
Gurupi,2026-01-25 21:00:00,27.9,68,22.0,-11.7292,-49.0686
Gurupi,2026-01-26 00:00:00,25.48,74,23.0,-11.7292,-49.0686
Gurupi,2026-01-26 03:00:00,23.43,86,100.0,-11.7292,-49.0686
Gurupi,2026-01-26 06:00:00,22.24,95,77.0,-11.7292,-49.0686
Gurupi,2026-01-26 09:00:00,21.61,95,0.0,-11.7292,-49.0686
Gurupi,2026-01-26 12:00:00,26.37,80,26.0,-11.7292,-49.0686
Gurupi,2026-01-26 15:00:00,30.34,63,100.0,-11.7292,-49.0686
Gurupi,2026-01-26 18:00:00,32.26,51,100.0,-11.7292,-49.0686
Gurupi,2026-01-26 21:00:00,29.05,70,53.0,-11.7292,-49.0686
Gurupi,2026-01-27 00:00:00,23.09,91,100.0,-11.7292,-49.0686
Gurupi,2026-01-27 03:00:00,22.1,91,36.0,-11.7292,-49.0686
Gurupi,2026-01-27 06:00:00,21.26,93,45.0,-11.7292,-49.0686
Gurupi,2026-01-27 09:00:00,21.55,92,27.0,-11.7292,-49.0686
Gurupi,2026-01-27 12:00:00,26.16,76,51.0,-11.7292,-49.0686
Gurupi,2026-01-27 15:00:00,31.84,53,0.0,-11.7292,-49.0686
Gurupi,2026-01-27 18:00:00,29.54,65,0.0,-11.7292,-49.0686
Gurupi,2026-01-27 21:00:00,27.32,75,15.0,-11.7292,-49.0686
Gurupi,2026-01-28 00:00:00,24.34,79,25.0,-11.7292,-49.0686
Gurupi,2026-01-28 03:00:00,22.06,89,100.0,-11.7292,-49.0686
Gurupi,2026-01-28 06:00:00,22.36,85,100.0,-11.7292,-49.0686
Gurupi,2026-01-28 09:00:00,21.36,91,90.0,-11.7292,-49.0686
Gurupi,2026-01-28 12:00:00,26.51,74,70.0,-11.7292,-49.0686
Gurupi,2026-01-28 15:00:00,31.65,56,45.0,-11.7292,-49.0686
Gurupi,2026-01-28 18:00:00,31.14,55,98.0,-11.7292,-49.0686
Gurupi,2026-01-28 21:00:00,29.96,66,0.0,-11.7292,-49.0686
Gurupi,2026-01-29 00:00:00,26.34,71,0.0,-11.7292,-49.0686
Gurupi,2026-01-29 03:00:00,24.75,76,0.0,-11.7292,-49.0686
Gurupi,2026-01-29 06:00:00,22.42,90,100.0,-11.7292,-49.0686
Gurupi,2026-01-29 09:00:00,22.38,90,0.0,-11.7292,-49.0686
Uruçuí,2026-01-25 12:00:00,24.55,79,0.0,-7.2294,-44.5561
Uruçuí,2026-01-25 15:00:00,29.51,53,0.0,-7.2294,-44.5561
Uruçuí,2026-01-25 18:00:00,34.68,32,0.0,-7.2294,-44.5561
Uruçuí,2026-01-25 21:00:00,29.46,52,0.0,-7.2294,-44.5561
Uruçuí,2026-01-26 00:00:00,26.62,52,0.0,-7.2294,-44.5561
Uruçuí,2026-01-26 03:00:00,25.15,56,0.0,-7.2294,-44.5561
Uruçuí,2026-01-26 06:00:00,24.02,61,0.0,-7.2294,-44.5561
Uruçuí,2026-01-26 09:00:00,23.7,71,41.0,-7.2294,-44.5561
Uruçuí,2026-01-26 12:00:00,29.8,47,0.0,-7.2294,-44.5561
Uruçuí,2026-01-26 15:00:00,33.44,38,0.0,-7.2294,-44.5561
Uruçuí,2026-01-26 18:00:00,32.58,45,0.0,-7.2294,-44.5561
Uruçuí,2026-01-26 21:00:00,28.6,61,0.0,-7.2294,-44.5561
Uruçuí,2026-01-27 00:00:00,26.28,64,0.0,-7.2294,-44.5561
Uruçuí,2026-01-27 03:00:00,25.17,68,0.0,-7.2294,-44.5561
Uruçuí,2026-01-27 06:00:00,25.11,70,0.0,-7.2294,-44.5561
Uruçuí,2026-01-27 09:00:00,21.53,95,100.0,-7.2294,-44.5561
Uruçuí,2026-01-27 12:00:00,25.67,79,100.0,-7.2294,-44.5561
Uruçuí,2026-01-27 15:00:00,29.18,65,100.0,-7.2294,-44.5561
Uruçuí,2026-01-27 18:00:00,30.61,58,100.0,-7.2294,-44.5561
Uruçuí,2026-01-27 21:00:00,27.48,75,67.0,-7.2294,-44.5561
Uruçuí,2026-01-28 00:00:00,25.8,76,45.0,-7.2294,-44.5561
Uruçuí,2026-01-28 03:00:00,22.92,91,99.0,-7.2294,-44.5561
Uruçuí,2026-01-28 06:00:00,22.4,94,100.0,-7.2294,-44.5561
Uruçuí,2026-01-28 09:00:00,22.06,96,100.0,-7.2294,-44.5561
Uruçuí,2026-01-28 12:00:00,24.93,83,80.0,-7.2294,-44.5561
Uruçuí,2026-01-28 15:00:00,28.72,64,8.0,-7.2294,-44.5561
Uruçuí,2026-01-28 18:00:00,30.04,58,4.0,-7.2294,-44.5561
Uruçuí,2026-01-28 21:00:00,26.88,76,86.0,-7.2294,-44.5561
Uruçuí,2026-01-29 00:00:00,24.8,83,49.0,-7.2294,-44.5561
Uruçuí,2026-01-29 03:00:00,23.09,90,79.0,-7.2294,-44.5561
Uruçuí,2026-01-29 06:00:00,23.31,89,68.0,-7.2294,-44.5561
Uruçuí,2026-01-29 09:00:00,22.29,93,0.0,-7.2294,-44.5561
Uruçuí,2026-01-29 12:00:00,27.38,71,24.0,-7.2294,-44.5561
Uruçuí,2026-01-29 15:00:00,30.07,61,100.0,-7.2294,-44.5561
Uruçuí,2026-01-29 18:00:00,32.27,50,100.0,-7.2294,-44.5561
Uruçuí,2026-01-29 21:00:00,26.72,79,96.0,-7.2294,-44.5561
Uruçuí,2026-01-30 00:00:00,25.33,81,51.0,-7.2294,-44.5561
Uruçuí,2026-01-30 03:00:00,24.0,89,98.0,-7.2294,-44.5561
Uruçuí,2026-01-30 06:00:00,22.86,94,100.0,-7.2294,-44.5561
Uruçuí,2026-01-30 09:00:00,22.97,93,100.0,-7.2294,-44.5561
Barreiras,2026-01-25 12:00:00,23.51,73,0.0,-12.1528,-44.99
Barreiras,2026-01-25 15:00:00,28.42,55,0.0,-12.1528,-44.99
Barreiras,2026-01-25 18:00:00,33.25,36,0.0,-12.1528,-44.99
Barreiras,2026-01-25 21:00:00,27.13,64,0.0,-12.1528,-44.99
Barreiras,2026-01-26 00:00:00,24.18,71,0.0,-12.1528,-44.99
Barreiras,2026-01-26 03:00:00,22.78,74,0.0,-12.1528,-44.99
Barreiras,2026-01-26 06:00:00,23.08,68,0.0,-12.1528,-44.99
Barreiras,2026-01-26 09:00:00,21.89,73,0.0,-12.1528,-44.99
Barreiras,2026-01-26 12:00:00,28.08,56,0.0,-12.1528,-44.99
Barreiras,2026-01-26 15:00:00,32.86,40,0.0,-12.1528,-44.99
Barreiras,2026-01-26 18:00:00,32.2,43,0.0,-12.1528,-44.99
Barreiras,2026-01-26 21:00:00,25.47,69,0.0,-12.1528,-44.99
Barreiras,2026-01-27 00:00:00,24.69,67,0.0,-12.1528,-44.99
Barreiras,2026-01-27 03:00:00,22.42,75,0.0,-12.1528,-44.99
Barreiras,2026-01-27 06:00:00,21.5,77,0.0,-12.1528,-44.99
Barreiras,2026-01-27 09:00:00,21.58,73,0.0,-12.1528,-44.99
Barreiras,2026-01-27 12:00:00,27.13,57,0.0,-12.1528,-44.99
Barreiras,2026-01-27 15:00:00,31.43,45,0.0,-12.1528,-44.99
Barreiras,2026-01-27 18:00:00,34.28,33,0.0,-12.1528,-44.99
Barreiras,2026-01-27 21:00:00,28.0,60,0.0,-12.1528,-44.99
Barreiras,2026-01-28 00:00:00,25.58,63,0.0,-12.1528,-44.99
Barreiras,2026-01-28 03:00:00,23.7,67,0.0,-12.1528,-44.99
Barreiras,2026-01-28 06:00:00,20.65,87,52.0,-12.1528,-44.99
Barreiras,2026-01-28 09:00:00,21.0,86,0.0,-12.1528,-44.99
Barreiras,2026-01-28 12:00:00,26.84,63,0.0,-12.1528,-44.99
Barreiras,2026-01-28 15:00:00,32.0,45,0.0,-12.1528,-44.99
Barreiras,2026-01-28 18:00:00,29.83,54,0.0,-12.1528,-44.99
Barreiras,2026-01-28 21:00:00,26.79,66,40.0,-12.1528,-44.99
Barreiras,2026-01-29 00:00:00,24.68,71,4.0,-12.1528,-44.99
Barreiras,2026-01-29 03:00:00,22.76,80,4.0,-12.1528,-44.99
Barreiras,2026-01-29 06:00:00,20.99,87,29.0,-12.1528,-44.99
Barreiras,2026-01-29 09:00:00,20.28,91,18.0,-12.1528,-44.99
Barreiras,2026-01-29 12:00:00,28.27,59,10.0,-12.1528,-44.99
Barreiras,2026-01-29 15:00:00,32.96,42,12.0,-12.1528,-44.99
Barreiras,2026-01-29 18:00:00,31.27,49,8.0,-12.1528,-44.99
Barreiras,2026-01-29 21:00:00,27.09,69,95.0,-12.1528,-44.99
Barreiras,2026-01-30 00:00:00,21.91,95,100.0,-12.1528,-44.99
Barreiras,2026-01-30 03:00:00,21.69,96,94.0,-12.1528,-44.99
Barreiras,2026-01-30 06:00:00,20.79,98,100.0,-12.1528,-44.99
Barreiras,2026-01-30 09:00:00,20.66,97,63.0,-12.1528,-44.99
Balsas,2026-01-25 12:00:00,23.97,81,0.0,-7.5325,-46.0356
Balsas,2026-01-25 15:00:00,29.67,56,0.0,-7.5325,-46.0356
Balsas,2026-01-25 18:00:00,34.93,32,0.0,-7.5325,-46.0356
Balsas,2026-01-25 21:00:00,29.89,49,0.0,-7.5325,-46.0356
Balsas,2026-01-26 00:00:00,25.97,57,0.0,-7.5325,-46.0356
Balsas,2026-01-26 03:00:00,25.11,64,0.0,-7.5325,-46.0356
Balsas,2026-01-26 06:00:00,24.18,74,0.0,-7.5325,-46.0356
Balsas,2026-01-26 09:00:00,22.93,80,0.0,-7.5325,-46.0356
Balsas,2026-01-26 12:00:00,25.55,71,0.0,-7.5325,-46.0356
Balsas,2026-01-26 15:00:00,32.72,40,0.0,-7.5325,-46.0356
Balsas,2026-01-26 18:00:00,34.41,36,0.0,-7.5325,-46.0356
Balsas,2026-01-26 21:00:00,28.9,53,0.0,-7.5325,-46.0356
Balsas,2026-01-27 00:00:00,26.82,57,0.0,-7.5325,-46.0356
Balsas,2026-01-27 03:00:00,24.89,72,0.0,-7.5325,-46.0356
Balsas,2026-01-27 06:00:00,23.79,80,0.0,-7.5325,-46.0356
Balsas,2026-01-27 09:00:00,24.23,78,20.0,-7.5325,-46.0356
Balsas,2026-01-27 12:00:00,27.59,71,100.0,-7.5325,-46.0356
Balsas,2026-01-27 15:00:00,29.27,62,100.0,-7.5325,-46.0356
Balsas,2026-01-27 18:00:00,31.56,50,100.0,-7.5325,-46.0356
Balsas,2026-01-27 21:00:00,27.76,67,47.0,-7.5325,-46.0356
Balsas,2026-01-28 00:00:00,23.92,85,70.0,-7.5325,-46.0356
Balsas,2026-01-28 03:00:00,23.1,89,68.0,-7.5325,-46.0356
Balsas,2026-01-28 06:00:00,22.73,92,100.0,-7.5325,-46.0356
Balsas,2026-01-28 09:00:00,21.66,97,77.0,-7.5325,-46.0356
Balsas,2026-01-28 12:00:00,26.27,76,64.0,-7.5325,-46.0356
Balsas,2026-01-28 15:00:00,30.63,56,84.0,-7.5325,-46.0356
Balsas,2026-01-28 18:00:00,30.32,60,99.0,-7.5325,-46.0356
Balsas,2026-01-28 21:00:00,27.46,74,98.0,-7.5325,-46.0356
Balsas,2026-01-29 00:00:00,24.86,85,100.0,-7.5325,-46.0356
Balsas,2026-01-29 03:00:00,24.05,89,100.0,-7.5325,-46.0356
Balsas,2026-01-29 06:00:00,21.78,97,100.0,-7.5325,-46.0356
Balsas,2026-01-29 09:00:00,22.12,95,29.0,-7.5325,-46.0356
Balsas,2026-01-29 12:00:00,26.24,79,21.0,-7.5325,-46.0356
Balsas,2026-01-29 15:00:00,31.27,55,81.0,-7.5325,-46.0356
Balsas,2026-01-29 18:00:00,32.04,50,78.0,-7.5325,-46.0356
Balsas,2026-01-29 21:00:00,27.25,72,58.0,-7.5325,-46.0356
Balsas,2026-01-30 00:00:00,25.91,76,58.0,-7.5325,-46.0356
Balsas,2026-01-30 03:00:00,22.8,95,100.0,-7.5325,-46.0356
Balsas,2026-01-30 06:00:00,22.82,94,100.0,-7.5325,-46.0356
Balsas,2026-01-30 09:00:00,22.62,94,85.0,-7.5325,-46.0356
Gurupi,2026-01-25 12:00:00,22.9,88,32.0,-11.7292,-49.0686
Gurupi,2026-01-25 15:00:00,27.77,67,44.0,-11.7292,-49.0686
Gurupi,2026-01-25 18:00:00,31.95,48,20.0,-11.7292,-49.0686
Gurupi,2026-01-25 21:00:00,27.94,65,0.0,-11.7292,-49.0686
Gurupi,2026-01-26 00:00:00,26.31,68,0.0,-11.7292,-49.0686
Gurupi,2026-01-26 03:00:00,24.57,79,0.0,-11.7292,-49.0686
Gurupi,2026-01-26 06:00:00,22.2,90,100.0,-11.7292,-49.0686
Gurupi,2026-01-26 09:00:00,21.89,93,95.0,-11.7292,-49.0686
Gurupi,2026-01-26 12:00:00,26.64,77,86.0,-11.7292,-49.0686
Gurupi,2026-01-26 15:00:00,31.52,54,100.0,-11.7292,-49.0686
Gurupi,2026-01-26 18:00:00,31.52,55,100.0,-11.7292,-49.0686
Gurupi,2026-01-26 21:00:00,23.61,90,77.0,-11.7292,-49.0686
Gurupi,2026-01-27 00:00:00,22.77,86,100.0,-11.7292,-49.0686
Gurupi,2026-01-27 03:00:00,22.73,90,6.0,-11.7292,-49.0686
Gurupi,2026-01-27 06:00:00,22.17,92,0.0,-11.7292,-49.0686
Gurupi,2026-01-27 09:00:00,22.72,92,0.0,-11.7292,-49.0686
Gurupi,2026-01-27 12:00:00,26.68,75,0.0,-11.7292,-49.0686
Gurupi,2026-01-27 15:00:00,32.29,52,0.0,-11.7292,-49.0686
Gurupi,2026-01-27 18:00:00,32.41,50,20.0,-11.7292,-49.0686
Gurupi,2026-01-27 21:00:00,24.97,84,100.0,-11.7292,-49.0686
Gurupi,2026-01-28 00:00:00,24.3,83,100.0,-11.7292,-49.0686
Gurupi,2026-01-28 03:00:00,22.65,87,0.0,-11.7292,-49.0686
Gurupi,2026-01-28 06:00:00,22.06,91,29.0,-11.7292,-49.0686
Gurupi,2026-01-28 09:00:00,21.49,93,38.0,-11.7292,-49.0686
Gurupi,2026-01-28 12:00:00,26.39,76,0.0,-11.7292,-49.0686
Gurupi,2026-01-28 15:00:00,30.92,62,100.0,-11.7292,-49.0686
Gurupi,2026-01-28 18:00:00,32.53,50,100.0,-11.7292,-49.0686
Gurupi,2026-01-28 21:00:00,27.94,71,0.0,-11.7292,-49.0686
Gurupi,2026-01-29 00:00:00,25.04,77,20.0,-11.7292,-49.0686
Gurupi,2026-01-29 03:00:00,23.68,84,18.0,-11.7292,-49.0686
Gurupi,2026-01-29 06:00:00,23.39,85,23.0,-11.7292,-49.0686
Gurupi,2026-01-29 09:00:00,22.24,92,100.0,-11.7292,-49.0686
Gurupi,2026-01-29 12:00:00,26.7,77,100.0,-11.7292,-49.0686
Gurupi,2026-01-29 15:00:00,31.13,61,100.0,-11.7292,-49.0686
Gurupi,2026-01-29 18:00:00,28.65,72,100.0,-11.7292,-49.0686
Gurupi,2026-01-29 21:00:00,29.31,70,0.0,-11.7292,-49.0686
Gurupi,2026-01-30 00:00:00,26.19,72,0.0,-11.7292,-49.0686
Gurupi,2026-01-30 03:00:00,25.8,73,0.0,-11.7292,-49.0686
Gurupi,2026-01-30 06:00:00,23.84,83,93.0,-11.7292,-49.0686
Gurupi,2026-01-30 09:00:00,22.74,92,100.0,-11.7292,-49.0686
Uruçuí,2026-01-26 12:00:00,26.88,51,0.0,-7.2294,-44.5561
Uruçuí,2026-01-26 15:00:00,31.65,40,0.0,-7.2294,-44.5561
Uruçuí,2026-01-26 18:00:00,35.99,29,0.0,-7.2294,-44.5561
Uruçuí,2026-01-26 21:00:00,31.29,43,0.0,-7.2294,-44.5561
Uruçuí,2026-01-27 00:00:00,28.3,48,0.0,-7.2294,-44.5561
Uruçuí,2026-01-27 03:00:00,26.26,54,0.0,-7.2294,-44.5561
Uruçuí,2026-01-27 06:00:00,24.04,69,35.0,-7.2294,-44.5561
Uruçuí,2026-01-27 09:00:00,23.79,79,0.0,-7.2294,-44.5561
Uruçuí,2026-01-27 12:00:00,27.69,68,100.0,-7.2294,-44.5561
Uruçuí,2026-01-27 15:00:00,32.25,46,100.0,-7.2294,-44.5561
Uruçuí,2026-01-27 18:00:00,32.14,46,100.0,-7.2294,-44.5561
Uruçuí,2026-01-27 21:00:00,27.7,67,20.0,-7.2294,-44.5561
Uruçuí,2026-01-28 00:00:00,25.1,79,39.0,-7.2294,-44.5561
Uruçuí,2026-01-28 03:00:00,22.77,92,100.0,-7.2294,-44.5561
Uruçuí,2026-01-28 06:00:00,21.5,95,100.0,-7.2294,-44.5561
Uruçuí,2026-01-28 09:00:00,20.78,97,100.0,-7.2294,-44.5561
Uruçuí,2026-01-28 12:00:00,23.82,84,100.0,-7.2294,-44.5561
Uruçuí,2026-01-28 15:00:00,27.36,66,0.0,-7.2294,-44.5561
Uruçuí,2026-01-28 18:00:00,30.56,53,0.0,-7.2294,-44.5561
Uruçuí,2026-01-28 21:00:00,26.35,75,56.0,-7.2294,-44.5561
Uruçuí,2026-01-29 00:00:00,23.96,88,82.0,-7.2294,-44.5561
Uruçuí,2026-01-29 03:00:00,22.83,92,73.0,-7.2294,-44.5561
Uruçuí,2026-01-29 06:00:00,22.15,95,63.0,-7.2294,-44.5561
Uruçuí,2026-01-29 09:00:00,22.04,94,28.0,-7.2294,-44.5561
Uruçuí,2026-01-29 12:00:00,26.79,76,92.0,-7.2294,-44.5561
Uruçuí,2026-01-29 15:00:00,30.45,59,100.0,-7.2294,-44.5561
Uruçuí,2026-01-29 18:00:00,31.55,53,100.0,-7.2294,-44.5561
Uruçuí,2026-01-29 21:00:00,28.52,66,56.0,-7.2294,-44.5561
Uruçuí,2026-01-30 00:00:00,24.85,87,100.0,-7.2294,-44.5561
Uruçuí,2026-01-30 03:00:00,22.88,93,100.0,-7.2294,-44.5561
Uruçuí,2026-01-30 06:00:00,22.44,95,100.0,-7.2294,-44.5561
Uruçuí,2026-01-30 09:00:00,21.69,95,69.0,-7.2294,-44.5561
Uruçuí,2026-01-30 12:00:00,23.8,86,44.0,-7.2294,-44.5561
Uruçuí,2026-01-30 15:00:00,26.72,75,97.0,-7.2294,-44.5561
Uruçuí,2026-01-30 18:00:00,26.39,77,14.0,-7.2294,-44.5561
Uruçuí,2026-01-30 21:00:00,24.84,88,11.0,-7.2294,-44.5561
Uruçuí,2026-01-31 00:00:00,24.34,89,3.0,-7.2294,-44.5561
Uruçuí,2026-01-31 03:00:00,23.29,92,0.0,-7.2294,-44.5561
Uruçuí,2026-01-31 06:00:00,22.32,95,3.0,-7.2294,-44.5561
Uruçuí,2026-01-31 09:00:00,21.61,98,0.0,-7.2294,-44.5561
Barreiras,2026-01-26 12:00:00,22.82,74,0.0,-12.1528,-44.99
Barreiras,2026-01-26 15:00:00,28.83,54,0.0,-12.1528,-44.99
Barreiras,2026-01-26 18:00:00,30.56,46,0.0,-12.1528,-44.99
Barreiras,2026-01-26 21:00:00,27.06,59,0.0,-12.1528,-44.99
Barreiras,2026-01-27 00:00:00,25.17,63,0.0,-12.1528,-44.99
Barreiras,2026-01-27 03:00:00,22.68,68,0.0,-12.1528,-44.99
Barreiras,2026-01-27 06:00:00,22.09,66,0.0,-12.1528,-44.99
Barreiras,2026-01-27 09:00:00,20.34,72,0.0,-12.1528,-44.99
Barreiras,2026-01-27 12:00:00,28.0,52,0.0,-12.1528,-44.99
Barreiras,2026-01-27 15:00:00,32.49,38,0.0,-12.1528,-44.99
Barreiras,2026-01-27 18:00:00,33.72,32,0.0,-12.1528,-44.99
Barreiras,2026-01-27 21:00:00,28.4,53,0.0,-12.1528,-44.99
Barreiras,2026-01-28 00:00:00,24.72,57,0.0,-12.1528,-44.99
Barreiras,2026-01-28 03:00:00,22.72,64,0.0,-12.1528,-44.99
Barreiras,2026-01-28 06:00:00,21.92,69,0.0,-12.1528,-44.99
Barreiras,2026-01-28 09:00:00,20.47,78,0.0,-12.1528,-44.99
Barreiras,2026-01-28 12:00:00,26.26,60,0.0,-12.1528,-44.99
Barreiras,2026-01-28 15:00:00,31.5,47,25.0,-12.1528,-44.99
Barreiras,2026-01-28 18:00:00,29.61,55,27.0,-12.1528,-44.99
Barreiras,2026-01-28 21:00:00,26.34,67,23.0,-12.1528,-44.99
Barreiras,2026-01-29 00:00:00,21.99,90,96.0,-12.1528,-44.99
Barreiras,2026-01-29 03:00:00,21.3,91,0.0,-12.1528,-44.99
Barreiras,2026-01-29 06:00:00,20.52,93,0.0,-12.1528,-44.99
Barreiras,2026-01-29 09:00:00,19.85,96,88.0,-12.1528,-44.99
Barreiras,2026-01-29 12:00:00,27.16,69,63.0,-12.1528,-44.99
Barreiras,2026-01-29 15:00:00,32.86,44,71.0,-12.1528,-44.99
Barreiras,2026-01-29 18:00:00,32.08,47,43.0,-12.1528,-44.99
Barreiras,2026-01-29 21:00:00,27.76,62,0.0,-12.1528,-44.99
Barreiras,2026-01-30 00:00:00,22.77,85,49.0,-12.1528,-44.99
Barreiras,2026-01-30 03:00:00,21.87,91,85.0,-12.1528,-44.99
Barreiras,2026-01-30 06:00:00,21.0,94,75.0,-12.1528,-44.99
Barreiras,2026-01-30 09:00:00,20.61,94,0.0,-12.1528,-44.99
Barreiras,2026-01-30 12:00:00,27.34,64,0.0,-12.1528,-44.99
Barreiras,2026-01-30 15:00:00,32.33,44,0.0,-12.1528,-44.99
Barreiras,2026-01-30 18:00:00,28.15,62,0.0,-12.1528,-44.99
Barreiras,2026-01-30 21:00:00,23.94,87,100.0,-12.1528,-44.99
Barreiras,2026-01-31 00:00:00,22.49,94,100.0,-12.1528,-44.99
Barreiras,2026-01-31 03:00:00,21.53,95,24.0,-12.1528,-44.99
Barreiras,2026-01-31 06:00:00,21.51,94,11.0,-12.1528,-44.99
Barreiras,2026-01-31 09:00:00,21.03,96,20.0,-12.1528,-44.99
Balsas,2026-01-26 12:00:00,24.96,73,0.0,-7.5325,-46.0356
Balsas,2026-01-26 15:00:00,30.08,52,0.0,-7.5325,-46.0356
Balsas,2026-01-26 18:00:00,35.29,33,0.0,-7.5325,-46.0356
Balsas,2026-01-26 21:00:00,30.75,50,0.0,-7.5325,-46.0356
Balsas,2026-01-27 00:00:00,27.02,61,0.0,-7.5325,-46.0356
Balsas,2026-01-27 03:00:00,25.81,67,29.0,-7.5325,-46.0356
Balsas,2026-01-27 06:00:00,25.43,68,0.0,-7.5325,-46.0356
Balsas,2026-01-27 09:00:00,23.02,83,76.0,-7.5325,-46.0356
Balsas,2026-01-27 12:00:00,27.92,67,64.0,-7.5325,-46.0356
Balsas,2026-01-27 15:00:00,32.91,44,100.0,-7.5325,-46.0356
Balsas,2026-01-27 18:00:00,29.42,61,100.0,-7.5325,-46.0356
Balsas,2026-01-27 21:00:00,27.51,70,49.0,-7.5325,-46.0356
Balsas,2026-01-28 00:00:00,25.22,80,28.0,-7.5325,-46.0356
Balsas,2026-01-28 03:00:00,23.59,86,60.0,-7.5325,-46.0356
Balsas,2026-01-28 06:00:00,22.26,93,100.0,-7.5325,-46.0356
Balsas,2026-01-28 09:00:00,21.26,97,100.0,-7.5325,-46.0356
Balsas,2026-01-28 12:00:00,24.42,84,100.0,-7.5325,-46.0356
Balsas,2026-01-28 15:00:00,28.65,64,65.0,-7.5325,-46.0356
Balsas,2026-01-28 18:00:00,29.41,61,100.0,-7.5325,-46.0356
Balsas,2026-01-28 21:00:00,25.88,78,87.0,-7.5325,-46.0356
Balsas,2026-01-29 00:00:00,24.48,86,92.0,-7.5325,-46.0356
Balsas,2026-01-29 03:00:00,23.35,91,97.0,-7.5325,-46.0356
Balsas,2026-01-29 06:00:00,22.49,94,100.0,-7.5325,-46.0356
Balsas,2026-01-29 09:00:00,22.38,94,0.0,-7.5325,-46.0356
Balsas,2026-01-29 12:00:00,26.72,77,0.0,-7.5325,-46.0356
Balsas,2026-01-29 15:00:00,30.0,61,100.0,-7.5325,-46.0356
Balsas,2026-01-29 18:00:00,30.49,60,100.0,-7.5325,-46.0356
Balsas,2026-01-29 21:00:00,26.17,82,100.0,-7.5325,-46.0356
Balsas,2026-01-30 00:00:00,24.57,85,100.0,-7.5325,-46.0356
Balsas,2026-01-30 03:00:00,23.22,93,58.0,-7.5325,-46.0356
Balsas,2026-01-30 06:00:00,22.92,94,73.0,-7.5325,-46.0356
Balsas,2026-01-30 09:00:00,21.49,95,80.0,-7.5325,-46.0356
Balsas,2026-01-30 12:00:00,24.43,84,0.0,-7.5325,-46.0356
Balsas,2026-01-30 15:00:00,27.11,71,20.0,-7.5325,-46.0356
Balsas,2026-01-30 18:00:00,25.67,83,80.0,-7.5325,-46.0356
Balsas,2026-01-30 21:00:00,25.39,83,12.0,-7.5325,-46.0356
Balsas,2026-01-31 00:00:00,23.59,87,1.0,-7.5325,-46.0356
Balsas,2026-01-31 03:00:00,23.04,90,0.0,-7.5325,-46.0356
Balsas,2026-01-31 06:00:00,22.26,92,0.0,-7.5325,-46.0356
Balsas,2026-01-31 09:00:00,21.57,96,0.0,-7.5325,-46.0356
Gurupi,2026-01-26 12:00:00,23.04,89,80.0,-11.7292,-49.0686
Gurupi,2026-01-26 15:00:00,27.81,68,0.0,-11.7292,-49.0686
Gurupi,2026-01-26 18:00:00,31.98,52,0.0,-11.7292,-49.0686
Gurupi,2026-01-26 21:00:00,28.62,68,0.0,-11.7292,-49.0686
Gurupi,2026-01-27 00:00:00,27.39,66,0.0,-11.7292,-49.0686
Gurupi,2026-01-27 03:00:00,25.17,72,0.0,-11.7292,-49.0686
Gurupi,2026-01-27 06:00:00,22.73,86,58.0,-11.7292,-49.0686
Gurupi,2026-01-27 09:00:00,22.41,87,0.0,-11.7292,-49.0686
Gurupi,2026-01-27 12:00:00,27.52,69,0.0,-11.7292,-49.0686
Gurupi,2026-01-27 15:00:00,32.52,48,0.0,-11.7292,-49.0686
Gurupi,2026-01-27 18:00:00,33.84,42,0.0,-11.7292,-49.0686
Gurupi,2026-01-27 21:00:00,30.27,63,0.0,-11.7292,-49.0686
Gurupi,2026-01-28 00:00:00,27.65,57,0.0,-11.7292,-49.0686
Gurupi,2026-01-28 03:00:00,24.62,70,0.0,-11.7292,-49.0686
Gurupi,2026-01-28 06:00:00,23.29,83,0.0,-11.7292,-49.0686
Gurupi,2026-01-28 09:00:00,23.45,83,70.0,-11.7292,-49.0686
Gurupi,2026-01-28 12:00:00,27.72,70,44.0,-11.7292,-49.0686
Gurupi,2026-01-28 15:00:00,32.14,52,0.0,-11.7292,-49.0686
Gurupi,2026-01-28 18:00:00,29.73,62,20.0,-11.7292,-49.0686
Gurupi,2026-01-28 21:00:00,24.11,88,100.0,-11.7292,-49.0686
Gurupi,2026-01-29 00:00:00,21.95,93,100.0,-11.7292,-49.0686
Gurupi,2026-01-29 03:00:00,22.08,90,15.0,-11.7292,-49.0686
Gurupi,2026-01-29 06:00:00,21.52,92,88.0,-11.7292,-49.0686
Gurupi,2026-01-29 09:00:00,21.26,93,54.0,-11.7292,-49.0686
Gurupi,2026-01-29 12:00:00,25.93,80,59.0,-11.7292,-49.0686
Gurupi,2026-01-29 15:00:00,31.47,59,0.0,-11.7292,-49.0686
Gurupi,2026-01-29 18:00:00,32.59,51,0.0,-11.7292,-49.0686
Gurupi,2026-01-29 21:00:00,30.18,66,0.0,-11.7292,-49.0686
Gurupi,2026-01-30 00:00:00,26.97,70,0.0,-11.7292,-49.0686
Gurupi,2026-01-30 03:00:00,23.65,89,57.0,-11.7292,-49.0686
Gurupi,2026-01-30 06:00:00,22.29,93,100.0,-11.7292,-49.0686
Gurupi,2026-01-30 09:00:00,22.24,92,100.0,-11.7292,-49.0686
Gurupi,2026-01-30 12:00:00,26.28,79,99.0,-11.7292,-49.0686
Gurupi,2026-01-30 15:00:00,28.49,73,100.0,-11.7292,-49.0686
Gurupi,2026-01-30 18:00:00,29.06,70,100.0,-11.7292,-49.0686
Gurupi,2026-01-30 21:00:00,26.24,84,96.0,-11.7292,-49.0686
Gurupi,2026-01-31 00:00:00,23.69,93,100.0,-11.7292,-49.0686
Gurupi,2026-01-31 03:00:00,23.04,96,100.0,-11.7292,-49.0686
Gurupi,2026-01-31 06:00:00,22.91,95,100.0,-11.7292,-49.0686
Gurupi,2026-01-31 09:00:00,21.93,98,100.0,-11.7292,-49.0686
Uruçuí,2026-01-27 12:00:00,25.41,69,88.0,-7.2294,-44.5561
Uruçuí,2026-01-27 15:00:00,28.55,58,80.0,-7.2294,-44.5561
Uruçuí,2026-01-27 18:00:00,31.0,49,60.0,-7.2294,-44.5561
Uruçuí,2026-01-27 21:00:00,28.72,62,0.0,-7.2294,-44.5561
Uruçuí,2026-01-28 00:00:00,26.73,69,0.0,-7.2294,-44.5561
Uruçuí,2026-01-28 03:00:00,23.17,89,92.0,-7.2294,-44.5561
Uruçuí,2026-01-28 06:00:00,23.11,88,24.0,-7.2294,-44.5561
Uruçuí,2026-01-28 09:00:00,22.93,86,0.0,-7.2294,-44.5561
Uruçuí,2026-01-28 12:00:00,24.77,78,0.0,-7.2294,-44.5561
Uruçuí,2026-01-28 15:00:00,27.56,65,19.0,-7.2294,-44.5561
Uruçuí,2026-01-28 18:00:00,29.25,56,4.0,-7.2294,-44.5561
Uruçuí,2026-01-28 21:00:00,27.33,63,0.0,-7.2294,-44.5561
Uruçuí,2026-01-29 00:00:00,24.24,77,0.0,-7.2294,-44.5561
Uruçuí,2026-01-29 03:00:00,24.01,77,0.0,-7.2294,-44.5561
Uruçuí,2026-01-29 06:00:00,23.47,79,0.0,-7.2294,-44.5561
Uruçuí,2026-01-29 09:00:00,22.42,84,0.0,-7.2294,-44.5561
Uruçuí,2026-01-29 12:00:00,29.06,58,0.0,-7.2294,-44.5561
Uruçuí,2026-01-29 15:00:00,33.24,42,0.0,-7.2294,-44.5561
Uruçuí,2026-01-29 18:00:00,33.05,42,0.0,-7.2294,-44.5561
Uruçuí,2026-01-29 21:00:00,29.61,54,0.0,-7.2294,-44.5561
Uruçuí,2026-01-30 00:00:00,24.65,77,34.0,-7.2294,-44.5561
Uruçuí,2026-01-30 03:00:00,22.76,91,100.0,-7.2294,-44.5561
Uruçuí,2026-01-30 06:00:00,22.72,91,100.0,-7.2294,-44.5561
Uruçuí,2026-01-30 09:00:00,22.49,93,88.0,-7.2294,-44.5561
Uruçuí,2026-01-30 12:00:00,26.63,78,100.0,-7.2294,-44.5561
Uruçuí,2026-01-30 15:00:00,27.61,73,100.0,-7.2294,-44.5561
Uruçuí,2026-01-30 18:00:00,30.47,59,100.0,-7.2294,-44.5561
Uruçuí,2026-01-30 21:00:00,25.95,83,100.0,-7.2294,-44.5561
Uruçuí,2026-01-31 00:00:00,24.92,85,100.0,-7.2294,-44.5561
Uruçuí,2026-01-31 03:00:00,24.05,88,3.0,-7.2294,-44.5561
Uruçuí,2026-01-31 06:00:00,22.73,93,0.0,-7.2294,-44.5561
Uruçuí,2026-01-31 09:00:00,22.26,95,0.0,-7.2294,-44.5561
Uruçuí,2026-01-31 12:00:00,26.3,78,0.0,-7.2294,-44.5561
Uruçuí,2026-01-31 15:00:00,28.98,65,100.0,-7.2294,-44.5561
Uruçuí,2026-01-31 18:00:00,28.13,70,100.0,-7.2294,-44.5561
Uruçuí,2026-01-31 21:00:00,26.38,81,83.0,-7.2294,-44.5561
Uruçuí,2026-02-01 00:00:00,24.21,86,23.0,-7.2294,-44.5561
Uruçuí,2026-02-01 03:00:00,23.35,89,22.0,-7.2294,-44.5561
Uruçuí,2026-02-01 06:00:00,22.72,91,0.0,-7.2294,-44.5561
Uruçuí,2026-02-01 09:00:00,21.95,93,0.0,-7.2294,-44.5561
Barreiras,2026-01-27 12:00:00,23.93,60,0.0,-12.1528,-44.99
Barreiras,2026-01-27 15:00:00,28.82,47,0.0,-12.1528,-44.99
Barreiras,2026-01-27 18:00:00,33.06,34,0.0,-12.1528,-44.99
Barreiras,2026-01-27 21:00:00,27.57,60,0.0,-12.1528,-44.99
Barreiras,2026-01-28 00:00:00,24.13,62,0.0,-12.1528,-44.99
Barreiras,2026-01-28 03:00:00,22.59,65,0.0,-12.1528,-44.99
Barreiras,2026-01-28 06:00:00,21.08,74,0.0,-12.1528,-44.99
Barreiras,2026-01-28 09:00:00,22.56,69,0.0,-12.1528,-44.99
Barreiras,2026-01-28 12:00:00,27.83,53,0.0,-12.1528,-44.99
Barreiras,2026-01-28 15:00:00,31.6,45,0.0,-12.1528,-44.99
Barreiras,2026-01-28 18:00:00,31.02,47,0.0,-12.1528,-44.99
Barreiras,2026-01-28 21:00:00,26.96,69,0.0,-12.1528,-44.99
Barreiras,2026-01-29 00:00:00,23.6,78,0.0,-12.1528,-44.99
Barreiras,2026-01-29 03:00:00,22.08,85,11.0,-12.1528,-44.99
Barreiras,2026-01-29 06:00:00,19.96,96,100.0,-12.1528,-44.99
Barreiras,2026-01-29 09:00:00,20.4,95,0.0,-12.1528,-44.99
Barreiras,2026-01-29 12:00:00,26.46,72,23.0,-12.1528,-44.99
Barreiras,2026-01-29 15:00:00,30.03,57,100.0,-12.1528,-44.99
Barreiras,2026-01-29 18:00:00,31.47,47,81.0,-12.1528,-44.99
Barreiras,2026-01-29 21:00:00,27.95,65,0.0,-12.1528,-44.99
Barreiras,2026-01-30 00:00:00,24.97,73,0.0,-12.1528,-44.99
Barreiras,2026-01-30 03:00:00,22.0,86,58.0,-12.1528,-44.99
Barreiras,2026-01-30 06:00:00,20.86,94,68.0,-12.1528,-44.99
Barreiras,2026-01-30 09:00:00,20.79,95,0.0,-12.1528,-44.99
Barreiras,2026-01-30 12:00:00,26.42,70,32.0,-12.1528,-44.99
Barreiras,2026-01-30 15:00:00,31.54,48,37.0,-12.1528,-44.99
Barreiras,2026-01-30 18:00:00,31.73,48,24.0,-12.1528,-44.99
Barreiras,2026-01-30 21:00:00,26.58,72,0.0,-12.1528,-44.99
Barreiras,2026-01-31 00:00:00,24.58,75,0.0,-12.1528,-44.99
Barreiras,2026-01-31 03:00:00,23.64,77,0.0,-12.1528,-44.99
Barreiras,2026-01-31 06:00:00,20.57,97,100.0,-12.1528,-44.99
Barreiras,2026-01-31 09:00:00,21.06,97,100.0,-12.1528,-44.99
Barreiras,2026-01-31 12:00:00,22.78,92,100.0,-12.1528,-44.99
Barreiras,2026-01-31 15:00:00,28.94,63,32.0,-12.1528,-44.99
Barreiras,2026-01-31 18:00:00,27.3,69,33.0,-12.1528,-44.99
Barreiras,2026-01-31 21:00:00,25.18,82,0.0,-12.1528,-44.99
Barreiras,2026-02-01 00:00:00,23.55,85,0.0,-12.1528,-44.99
Barreiras,2026-02-01 03:00:00,22.99,90,24.0,-12.1528,-44.99
Barreiras,2026-02-01 06:00:00,22.09,95,0.0,-12.1528,-44.99
Barreiras,2026-02-01 09:00:00,22.48,91,34.0,-12.1528,-44.99
Balsas,2026-01-27 12:00:00,24.84,77,91.0,-7.5325,-46.0356
Balsas,2026-01-27 15:00:00,29.14,57,100.0,-7.5325,-46.0356
Balsas,2026-01-27 18:00:00,30.96,50,80.0,-7.5325,-46.0356
Balsas,2026-01-27 21:00:00,28.94,63,33.0,-7.5325,-46.0356
Balsas,2026-01-28 00:00:00,25.9,77,36.0,-7.5325,-46.0356
Balsas,2026-01-28 03:00:00,24.07,83,51.0,-7.5325,-46.0356
Balsas,2026-01-28 06:00:00,23.29,86,73.0,-7.5325,-46.0356
Balsas,2026-01-28 09:00:00,22.91,88,50.0,-7.5325,-46.0356
Balsas,2026-01-28 12:00:00,25.01,77,82.0,-7.5325,-46.0356
Balsas,2026-01-28 15:00:00,29.08,60,62.0,-7.5325,-46.0356
Balsas,2026-01-28 18:00:00,30.4,54,92.0,-7.5325,-46.0356
Balsas,2026-01-28 21:00:00,26.77,72,83.0,-7.5325,-46.0356
Balsas,2026-01-29 00:00:00,24.85,79,75.0,-7.5325,-46.0356
Balsas,2026-01-29 03:00:00,23.42,84,0.0,-7.5325,-46.0356
Balsas,2026-01-29 06:00:00,22.61,86,0.0,-7.5325,-46.0356
Balsas,2026-01-29 09:00:00,22.25,87,0.0,-7.5325,-46.0356
Balsas,2026-01-29 12:00:00,27.61,64,0.0,-7.5325,-46.0356
Balsas,2026-01-29 15:00:00,33.11,44,12.0,-7.5325,-46.0356
Balsas,2026-01-29 18:00:00,30.06,55,0.0,-7.5325,-46.0356
Balsas,2026-01-29 21:00:00,28.71,62,1.0,-7.5325,-46.0356
Balsas,2026-01-30 00:00:00,26.25,69,0.0,-7.5325,-46.0356
Balsas,2026-01-30 03:00:00,24.12,79,86.0,-7.5325,-46.0356
Balsas,2026-01-30 06:00:00,22.9,87,60.0,-7.5325,-46.0356
Balsas,2026-01-30 09:00:00,22.43,92,97.0,-7.5325,-46.0356
Balsas,2026-01-30 12:00:00,26.96,73,80.0,-7.5325,-46.0356
Balsas,2026-01-30 15:00:00,29.01,67,100.0,-7.5325,-46.0356
Balsas,2026-01-30 18:00:00,28.58,68,100.0,-7.5325,-46.0356
Balsas,2026-01-30 21:00:00,24.55,88,100.0,-7.5325,-46.0356
Balsas,2026-01-31 00:00:00,23.98,88,100.0,-7.5325,-46.0356
Balsas,2026-01-31 03:00:00,23.02,92,100.0,-7.5325,-46.0356
Balsas,2026-01-31 06:00:00,22.77,94,100.0,-7.5325,-46.0356
Balsas,2026-01-31 09:00:00,22.55,94,24.0,-7.5325,-46.0356
Balsas,2026-01-31 12:00:00,26.28,78,0.0,-7.5325,-46.0356
Balsas,2026-01-31 15:00:00,30.44,58,60.0,-7.5325,-46.0356
Balsas,2026-01-31 18:00:00,30.88,56,100.0,-7.5325,-46.0356
Balsas,2026-01-31 21:00:00,26.28,78,100.0,-7.5325,-46.0356
Balsas,2026-02-01 00:00:00,24.2,89,100.0,-7.5325,-46.0356
Balsas,2026-02-01 03:00:00,23.33,90,35.0,-7.5325,-46.0356
Balsas,2026-02-01 06:00:00,22.48,93,6.0,-7.5325,-46.0356
Balsas,2026-02-01 09:00:00,21.96,94,0.0,-7.5325,-46.0356
Gurupi,2026-01-27 12:00:00,23.93,83,0.0,-11.7292,-49.0686
Gurupi,2026-01-27 15:00:00,29.13,60,0.0,-11.7292,-49.0686
Gurupi,2026-01-27 18:00:00,34.25,37,0.0,-11.7292,-49.0686
Gurupi,2026-01-27 21:00:00,30.0,53,0.0,-11.7292,-49.0686
Gurupi,2026-01-28 00:00:00,26.92,57,0.0,-11.7292,-49.0686
Gurupi,2026-01-28 03:00:00,25.08,67,0.0,-11.7292,-49.0686
Gurupi,2026-01-28 06:00:00,23.66,71,0.0,-11.7292,-49.0686
Gurupi,2026-01-28 09:00:00,22.78,80,0.0,-11.7292,-49.0686
Gurupi,2026-01-28 12:00:00,27.58,69,24.0,-11.7292,-49.0686
Gurupi,2026-01-28 15:00:00,31.21,51,100.0,-11.7292,-49.0686
Gurupi,2026-01-28 18:00:00,32.62,45,80.0,-11.7292,-49.0686
Gurupi,2026-01-28 21:00:00,29.02,67,0.0,-11.7292,-49.0686
Gurupi,2026-01-29 00:00:00,26.4,67,0.0,-11.7292,-49.0686
Gurupi,2026-01-29 03:00:00,24.07,81,3.0,-11.7292,-49.0686
Gurupi,2026-01-29 06:00:00,22.14,91,99.0,-11.7292,-49.0686
Gurupi,2026-01-29 09:00:00,21.96,92,0.0,-11.7292,-49.0686
Gurupi,2026-01-29 12:00:00,27.14,74,0.0,-11.7292,-49.0686
Gurupi,2026-01-29 15:00:00,32.28,54,0.0,-11.7292,-49.0686
Gurupi,2026-01-29 18:00:00,32.08,53,0.0,-11.7292,-49.0686
Gurupi,2026-01-29 21:00:00,27.86,65,5.0,-11.7292,-49.0686
Gurupi,2026-01-30 00:00:00,25.69,74,53.0,-11.7292,-49.0686
Gurupi,2026-01-30 03:00:00,23.18,90,100.0,-11.7292,-49.0686
Gurupi,2026-01-30 06:00:00,22.43,95,100.0,-11.7292,-49.0686
Gurupi,2026-01-30 09:00:00,22.48,95,77.0,-11.7292,-49.0686
Gurupi,2026-01-30 12:00:00,25.93,83,100.0,-11.7292,-49.0686
Gurupi,2026-01-30 15:00:00,29.21,68,100.0,-11.7292,-49.0686
Gurupi,2026-01-30 18:00:00,30.63,57,100.0,-11.7292,-49.0686
Gurupi,2026-01-30 21:00:00,25.2,88,100.0,-11.7292,-49.0686
Gurupi,2026-01-31 00:00:00,22.5,93,100.0,-11.7292,-49.0686
Gurupi,2026-01-31 03:00:00,22.52,89,0.0,-11.7292,-49.0686
Gurupi,2026-01-31 06:00:00,22.76,90,0.0,-11.7292,-49.0686
Gurupi,2026-01-31 09:00:00,22.21,95,100.0,-11.7292,-49.0686
Gurupi,2026-01-31 12:00:00,23.06,95,100.0,-11.7292,-49.0686
Gurupi,2026-01-31 15:00:00,24.95,87,6.0,-11.7292,-49.0686
Gurupi,2026-01-31 18:00:00,25.61,79,0.0,-11.7292,-49.0686
Gurupi,2026-01-31 21:00:00,25.44,84,0.0,-11.7292,-49.0686
Gurupi,2026-02-01 00:00:00,23.59,86,0.0,-11.7292,-49.0686
Gurupi,2026-02-01 03:00:00,22.8,90,12.0,-11.7292,-49.0686
Gurupi,2026-02-01 06:00:00,21.85,96,87.0,-11.7292,-49.0686
Gurupi,2026-02-01 09:00:00,21.77,97,100.0,-11.7292,-49.0686
Uruçuí,2026-01-28 12:00:00,22.4,92,0.0,-7.2294,-44.5561
Uruçuí,2026-01-28 15:00:00,25.31,77,0.0,-7.2294,-44.5561
Uruçuí,2026-01-28 18:00:00,28.19,64,0.0,-7.2294,-44.5561
Uruçuí,2026-01-28 21:00:00,25.73,78,0.0,-7.2294,-44.5561
Uruçuí,2026-01-29 00:00:00,24.64,77,0.0,-7.2294,-44.5561
Uruçuí,2026-01-29 03:00:00,24.1,78,0.0,-7.2294,-44.5561
Uruçuí,2026-01-29 06:00:00,22.93,82,0.0,-7.2294,-44.5561
Uruçuí,2026-01-29 09:00:00,22.79,82,0.0,-7.2294,-44.5561
Uruçuí,2026-01-29 12:00:00,27.29,66,0.0,-7.2294,-44.5561
Uruçuí,2026-01-29 15:00:00,31.64,50,5.0,-7.2294,-44.5561
Uruçuí,2026-01-29 18:00:00,32.23,47,0.0,-7.2294,-44.5561
Uruçuí,2026-01-29 21:00:00,27.56,70,0.0,-7.2294,-44.5561
Uruçuí,2026-01-30 00:00:00,25.48,77,0.0,-7.2294,-44.5561
Uruçuí,2026-01-30 03:00:00,24.27,82,14.0,-7.2294,-44.5561
Uruçuí,2026-01-30 06:00:00,22.37,94,100.0,-7.2294,-44.5561
Uruçuí,2026-01-30 09:00:00,22.14,96,79.0,-7.2294,-44.5561
Uruçuí,2026-01-30 12:00:00,25.91,77,66.0,-7.2294,-44.5561
Uruçuí,2026-01-30 15:00:00,29.73,60,75.0,-7.2294,-44.5561
Uruçuí,2026-01-30 18:00:00,29.17,67,100.0,-7.2294,-44.5561
Uruçuí,2026-01-30 21:00:00,25.93,84,100.0,-7.2294,-44.5561
Uruçuí,2026-01-31 00:00:00,24.48,90,100.0,-7.2294,-44.5561
Uruçuí,2026-01-31 03:00:00,23.63,92,69.0,-7.2294,-44.5561
Uruçuí,2026-01-31 06:00:00,23.17,92,52.0,-7.2294,-44.5561
Uruçuí,2026-01-31 09:00:00,22.55,94,0.0,-7.2294,-44.5561
Uruçuí,2026-01-31 12:00:00,26.88,76,0.0,-7.2294,-44.5561
Uruçuí,2026-01-31 15:00:00,31.44,55,97.0,-7.2294,-44.5561
Uruçuí,2026-01-31 18:00:00,29.66,67,44.0,-7.2294,-44.5561
Uruçuí,2026-01-31 21:00:00,27.19,77,100.0,-7.2294,-44.5561
Uruçuí,2026-02-01 00:00:00,24.96,83,73.0,-7.2294,-44.5561
Uruçuí,2026-02-01 03:00:00,24.02,85,0.0,-7.2294,-44.5561
Uruçuí,2026-02-01 06:00:00,23.75,86,0.0,-7.2294,-44.5561
Uruçuí,2026-02-01 09:00:00,22.76,89,0.0,-7.2294,-44.5561
Uruçuí,2026-02-01 12:00:00,27.8,69,0.0,-7.2294,-44.5561
Uruçuí,2026-02-01 15:00:00,32.14,51,30.0,-7.2294,-44.5561
Uruçuí,2026-02-01 18:00:00,31.05,57,0.0,-7.2294,-44.5561
Uruçuí,2026-02-01 21:00:00,27.5,76,28.0,-7.2294,-44.5561
Uruçuí,2026-02-02 00:00:00,25.29,78,20.0,-7.2294,-44.5561
Uruçuí,2026-02-02 03:00:00,24.04,85,20.0,-7.2294,-44.5561
Uruçuí,2026-02-02 06:00:00,23.21,90,96.0,-7.2294,-44.5561
Uruçuí,2026-02-02 09:00:00,22.41,94,63.0,-7.2294,-44.5561
Barreiras,2026-01-28 12:00:00,22.93,62,0.0,-12.1528,-44.99
Barreiras,2026-01-28 15:00:00,28.41,49,0.0,-12.1528,-44.99
Barreiras,2026-01-28 18:00:00,33.13,36,0.0,-12.1528,-44.99
Barreiras,2026-01-28 21:00:00,28.45,57,0.0,-12.1528,-44.99
Barreiras,2026-01-29 00:00:00,24.77,61,0.0,-12.1528,-44.99
Barreiras,2026-01-29 03:00:00,24.64,64,20.0,-12.1528,-44.99
Barreiras,2026-01-29 06:00:00,21.54,82,53.0,-12.1528,-44.99
Barreiras,2026-01-29 09:00:00,20.49,83,0.0,-12.1528,-44.99
Barreiras,2026-01-29 12:00:00,27.93,57,0.0,-12.1528,-44.99
Barreiras,2026-01-29 15:00:00,32.43,43,0.0,-12.1528,-44.99
Barreiras,2026-01-29 18:00:00,30.23,52,0.0,-12.1528,-44.99
Barreiras,2026-01-29 21:00:00,26.59,66,20.0,-12.1528,-44.99
Barreiras,2026-01-30 00:00:00,24.23,75,35.0,-12.1528,-44.99
Barreiras,2026-01-30 03:00:00,21.83,89,100.0,-12.1528,-44.99
Barreiras,2026-01-30 06:00:00,20.81,96,100.0,-12.1528,-44.99
Barreiras,2026-01-30 09:00:00,20.53,95,35.0,-12.1528,-44.99
Barreiras,2026-01-30 12:00:00,26.55,73,50.0,-12.1528,-44.99
Barreiras,2026-01-30 15:00:00,32.15,46,23.0,-12.1528,-44.99
Barreiras,2026-01-30 18:00:00,31.89,45,20.0,-12.1528,-44.99
Barreiras,2026-01-30 21:00:00,27.01,66,50.0,-12.1528,-44.99
Barreiras,2026-01-31 00:00:00,24.64,74,30.0,-12.1528,-44.99
Barreiras,2026-01-31 03:00:00,22.77,82,30.0,-12.1528,-44.99
Barreiras,2026-01-31 06:00:00,20.86,95,100.0,-12.1528,-44.99
Barreiras,2026-01-31 09:00:00,20.51,98,100.0,-12.1528,-44.99
Barreiras,2026-01-31 12:00:00,22.81,92,100.0,-12.1528,-44.99
Barreiras,2026-01-31 15:00:00,30.04,59,0.0,-12.1528,-44.99
Barreiras,2026-01-31 18:00:00,29.46,66,89.0,-12.1528,-44.99
Barreiras,2026-01-31 21:00:00,22.96,95,100.0,-12.1528,-44.99
Barreiras,2026-02-01 00:00:00,22.1,93,100.0,-12.1528,-44.99
Barreiras,2026-02-01 03:00:00,22.28,93,31.0,-12.1528,-44.99
Barreiras,2026-02-01 06:00:00,21.66,94,67.0,-12.1528,-44.99
Barreiras,2026-02-01 09:00:00,21.5,95,34.0,-12.1528,-44.99
Barreiras,2026-02-01 12:00:00,25.71,80,48.0,-12.1528,-44.99
Barreiras,2026-02-01 15:00:00,28.88,71,100.0,-12.1528,-44.99
Barreiras,2026-02-01 18:00:00,31.69,53,100.0,-12.1528,-44.99
Barreiras,2026-02-01 21:00:00,25.3,83,100.0,-12.1528,-44.99
Barreiras,2026-02-02 00:00:00,22.2,96,100.0,-12.1528,-44.99
Barreiras,2026-02-02 03:00:00,21.0,98,100.0,-12.1528,-44.99
Barreiras,2026-02-02 06:00:00,20.81,98,100.0,-12.1528,-44.99
Barreiras,2026-02-02 09:00:00,20.47,97,0.0,-12.1528,-44.99
Balsas,2026-01-28 12:00:00,22.28,88,0.0,-7.5325,-46.0356
Balsas,2026-01-28 15:00:00,27.23,66,0.0,-7.5325,-46.0356
Balsas,2026-01-28 18:00:00,29.54,57,0.0,-7.5325,-46.0356
Balsas,2026-01-28 21:00:00,26.25,73,0.0,-7.5325,-46.0356
Balsas,2026-01-29 00:00:00,23.8,81,0.0,-7.5325,-46.0356
Balsas,2026-01-29 03:00:00,23.4,82,0.0,-7.5325,-46.0356
Balsas,2026-01-29 06:00:00,22.72,84,0.0,-7.5325,-46.0356
Balsas,2026-01-29 09:00:00,22.4,86,0.0,-7.5325,-46.0356
Balsas,2026-01-29 12:00:00,27.88,65,0.0,-7.5325,-46.0356
Balsas,2026-01-29 15:00:00,32.54,47,100.0,-7.5325,-46.0356
Balsas,2026-01-29 18:00:00,29.96,59,100.0,-7.5325,-46.0356
Balsas,2026-01-29 21:00:00,27.73,69,68.0,-7.5325,-46.0356
Balsas,2026-01-30 00:00:00,24.83,82,36.0,-7.5325,-46.0356
Balsas,2026-01-30 03:00:00,23.35,90,85.0,-7.5325,-46.0356
Balsas,2026-01-30 06:00:00,22.65,92,100.0,-7.5325,-46.0356
Balsas,2026-01-30 09:00:00,21.9,94,100.0,-7.5325,-46.0356
Balsas,2026-01-30 12:00:00,27.08,73,89.0,-7.5325,-46.0356
Balsas,2026-01-30 15:00:00,28.52,68,100.0,-7.5325,-46.0356
Balsas,2026-01-30 18:00:00,29.5,64,100.0,-7.5325,-46.0356
Balsas,2026-01-30 21:00:00,26.41,81,100.0,-7.5325,-46.0356
Balsas,2026-01-31 00:00:00,24.51,88,100.0,-7.5325,-46.0356
Balsas,2026-01-31 03:00:00,23.91,89,0.0,-7.5325,-46.0356
Balsas,2026-01-31 06:00:00,23.43,90,0.0,-7.5325,-46.0356
Balsas,2026-01-31 09:00:00,22.89,91,0.0,-7.5325,-46.0356
Balsas,2026-01-31 12:00:00,27.58,70,0.0,-7.5325,-46.0356
Balsas,2026-01-31 15:00:00,32.22,50,10.0,-7.5325,-46.0356
Balsas,2026-01-31 18:00:00,30.22,59,8.0,-7.5325,-46.0356
Balsas,2026-01-31 21:00:00,28.12,70,43.0,-7.5325,-46.0356
Balsas,2026-02-01 00:00:00,24.63,83,5.0,-7.5325,-46.0356
Balsas,2026-02-01 03:00:00,23.55,87,0.0,-7.5325,-46.0356
Balsas,2026-02-01 06:00:00,22.8,89,0.0,-7.5325,-46.0356
Balsas,2026-02-01 09:00:00,22.3,90,0.0,-7.5325,-46.0356
Balsas,2026-02-01 12:00:00,27.67,67,0.0,-7.5325,-46.0356
Balsas,2026-02-01 15:00:00,32.66,49,46.0,-7.5325,-46.0356
Balsas,2026-02-01 18:00:00,30.83,59,47.0,-7.5325,-46.0356
Balsas,2026-02-01 21:00:00,26.77,77,100.0,-7.5325,-46.0356
Balsas,2026-02-02 00:00:00,25.0,85,100.0,-7.5325,-46.0356
Balsas,2026-02-02 03:00:00,24.42,86,41.0,-7.5325,-46.0356
Balsas,2026-02-02 06:00:00,23.61,88,27.0,-7.5325,-46.0356
Balsas,2026-02-02 09:00:00,22.54,91,97.0,-7.5325,-46.0356
Gurupi,2026-01-28 12:00:00,23.98,86,63.0,-11.7292,-49.0686
Gurupi,2026-01-28 15:00:00,27.59,69,100.0,-11.7292,-49.0686
Gurupi,2026-01-28 18:00:00,30.0,60,100.0,-11.7292,-49.0686
Gurupi,2026-01-28 21:00:00,27.67,65,0.0,-11.7292,-49.0686
Gurupi,2026-01-29 00:00:00,25.19,76,0.0,-11.7292,-49.0686
Gurupi,2026-01-29 03:00:00,22.76,87,100.0,-11.7292,-49.0686
Gurupi,2026-01-29 06:00:00,22.41,89,85.0,-11.7292,-49.0686
Gurupi,2026-01-29 09:00:00,21.74,91,0.0,-11.7292,-49.0686
Gurupi,2026-01-29 12:00:00,26.3,78,35.0,-11.7292,-49.0686
Gurupi,2026-01-29 15:00:00,31.91,56,0.0,-11.7292,-49.0686
Gurupi,2026-01-29 18:00:00,32.92,48,0.0,-11.7292,-49.0686
Gurupi,2026-01-29 21:00:00,24.02,89,86.0,-11.7292,-49.0686
Gurupi,2026-01-30 00:00:00,23.93,80,87.0,-11.7292,-49.0686
Gurupi,2026-01-30 03:00:00,21.76,91,100.0,-11.7292,-49.0686
Gurupi,2026-01-30 06:00:00,22.07,92,100.0,-11.7292,-49.0686
Gurupi,2026-01-30 09:00:00,21.93,93,26.0,-11.7292,-49.0686
Gurupi,2026-01-30 12:00:00,26.12,81,100.0,-11.7292,-49.0686
Gurupi,2026-01-30 15:00:00,30.08,65,100.0,-11.7292,-49.0686
Gurupi,2026-01-30 18:00:00,32.62,50,100.0,-11.7292,-49.0686
Gurupi,2026-01-30 21:00:00,27.75,74,41.0,-11.7292,-49.0686
Gurupi,2026-01-31 00:00:00,22.29,96,100.0,-11.7292,-49.0686
Gurupi,2026-01-31 03:00:00,22.26,94,100.0,-11.7292,-49.0686
Gurupi,2026-01-31 06:00:00,21.64,95,100.0,-11.7292,-49.0686
Gurupi,2026-01-31 09:00:00,21.79,94,0.0,-11.7292,-49.0686
Gurupi,2026-01-31 12:00:00,25.54,85,50.0,-11.7292,-49.0686
Gurupi,2026-01-31 15:00:00,27.84,76,100.0,-11.7292,-49.0686
Gurupi,2026-01-31 18:00:00,30.46,60,100.0,-11.7292,-49.0686
Gurupi,2026-01-31 21:00:00,28.32,77,53.0,-11.7292,-49.0686
Gurupi,2026-02-01 00:00:00,24.08,90,100.0,-11.7292,-49.0686
Gurupi,2026-02-01 03:00:00,23.28,94,100.0,-11.7292,-49.0686
Gurupi,2026-02-01 06:00:00,23.05,96,100.0,-11.7292,-49.0686
Gurupi,2026-02-01 09:00:00,22.44,97,71.0,-11.7292,-49.0686
Gurupi,2026-02-01 12:00:00,23.11,92,62.0,-11.7292,-49.0686
Gurupi,2026-02-01 15:00:00,25.19,79,44.0,-11.7292,-49.0686
Gurupi,2026-02-01 18:00:00,28.68,66,11.0,-11.7292,-49.0686
Gurupi,2026-02-01 21:00:00,25.38,87,100.0,-11.7292,-49.0686
Gurupi,2026-02-02 00:00:00,24.29,90,100.0,-11.7292,-49.0686
Gurupi,2026-02-02 03:00:00,23.76,90,4.0,-11.7292,-49.0686
Gurupi,2026-02-02 06:00:00,23.31,92,3.0,-11.7292,-49.0686
Gurupi,2026-02-02 09:00:00,23.01,92,23.0,-11.7292,-49.0686
Uruçuí,2026-01-29 12:00:00,23.86,84,54.0,-7.2294,-44.5561
Uruçuí,2026-01-29 15:00:00,28.56,64,100.0,-7.2294,-44.5561
Uruçuí,2026-01-29 18:00:00,30.43,61,74.0,-7.2294,-44.5561
Uruçuí,2026-01-29 21:00:00,28.06,67,0.0,-7.2294,-44.5561
Uruçuí,2026-01-30 00:00:00,26.0,73,0.0,-7.2294,-44.5561
Uruçuí,2026-01-30 03:00:00,23.04,90,100.0,-7.2294,-44.5561
Uruçuí,2026-01-30 06:00:00,22.15,92,91.0,-7.2294,-44.5561
Uruçuí,2026-01-30 09:00:00,21.86,94,0.0,-7.2294,-44.5561
Uruçuí,2026-01-30 12:00:00,26.96,75,0.0,-7.2294,-44.5561
Uruçuí,2026-01-30 15:00:00,30.96,57,77.0,-7.2294,-44.5561
Uruçuí,2026-01-30 18:00:00,30.25,62,95.0,-7.2294,-44.5561
Uruçuí,2026-01-30 21:00:00,25.96,84,100.0,-7.2294,-44.5561
Uruçuí,2026-01-31 00:00:00,23.82,90,100.0,-7.2294,-44.5561
Uruçuí,2026-01-31 03:00:00,23.32,91,61.0,-7.2294,-44.5561
Uruçuí,2026-01-31 06:00:00,23.06,92,64.0,-7.2294,-44.5561
Uruçuí,2026-01-31 09:00:00,22.65,92,0.0,-7.2294,-44.5561
Uruçuí,2026-01-31 12:00:00,27.21,74,0.0,-7.2294,-44.5561
Uruçuí,2026-01-31 15:00:00,29.85,64,100.0,-7.2294,-44.5561
Uruçuí,2026-01-31 18:00:00,30.97,58,100.0,-7.2294,-44.5561
Uruçuí,2026-01-31 21:00:00,26.05,82,100.0,-7.2294,-44.5561
Uruçuí,2026-02-01 00:00:00,24.79,86,100.0,-7.2294,-44.5561
Uruçuí,2026-02-01 03:00:00,24.16,87,0.0,-7.2294,-44.5561
Uruçuí,2026-02-01 06:00:00,23.19,91,0.0,-7.2294,-44.5561
Uruçuí,2026-02-01 09:00:00,23.8,89,0.0,-7.2294,-44.5561
Uruçuí,2026-02-01 12:00:00,25.74,82,0.0,-7.2294,-44.5561
Uruçuí,2026-02-01 15:00:00,32.95,53,35.0,-7.2294,-44.5561
Uruçuí,2026-02-01 18:00:00,30.16,63,29.0,-7.2294,-44.5561
Uruçuí,2026-02-01 21:00:00,26.66,79,100.0,-7.2294,-44.5561
Uruçuí,2026-02-02 00:00:00,24.68,88,100.0,-7.2294,-44.5561
Uruçuí,2026-02-02 03:00:00,24.11,89,31.0,-7.2294,-44.5561
Uruçuí,2026-02-02 06:00:00,22.7,93,100.0,-7.2294,-44.5561
Uruçuí,2026-02-02 09:00:00,22.5,95,100.0,-7.2294,-44.5561
Uruçuí,2026-02-02 12:00:00,26.23,81,100.0,-7.2294,-44.5561
Uruçuí,2026-02-02 15:00:00,28.55,73,100.0,-7.2294,-44.5561
Uruçuí,2026-02-02 18:00:00,28.81,73,100.0,-7.2294,-44.5561
Uruçuí,2026-02-02 21:00:00,25.24,87,100.0,-7.2294,-44.5561
Uruçuí,2026-02-03 00:00:00,24.23,88,100.0,-7.2294,-44.5561
Uruçuí,2026-02-03 03:00:00,23.36,92,0.0,-7.2294,-44.5561
Uruçuí,2026-02-03 06:00:00,22.66,95,0.0,-7.2294,-44.5561
Uruçuí,2026-02-03 09:00:00,22.12,96,32.0,-7.2294,-44.5561
Barreiras,2026-01-29 12:00:00,21.89,92,0.0,-12.1528,-44.99
Barreiras,2026-01-29 15:00:00,26.75,69,0.0,-12.1528,-44.99
Barreiras,2026-01-29 18:00:00,30.13,53,0.0,-12.1528,-44.99
Barreiras,2026-01-29 21:00:00,26.57,69,0.0,-12.1528,-44.99
Barreiras,2026-01-30 00:00:00,23.22,80,0.0,-12.1528,-44.99
Barreiras,2026-01-30 03:00:00,22.13,85,24.0,-12.1528,-44.99
Barreiras,2026-01-30 06:00:00,20.86,90,8.0,-12.1528,-44.99
Barreiras,2026-01-30 09:00:00,20.55,91,0.0,-12.1528,-44.99
Barreiras,2026-01-30 12:00:00,27.64,61,0.0,-12.1528,-44.99
Barreiras,2026-01-30 15:00:00,29.22,63,98.0,-12.1528,-44.99
Barreiras,2026-01-30 18:00:00,32.13,46,85.0,-12.1528,-44.99
Barreiras,2026-01-30 21:00:00,24.37,83,70.0,-12.1528,-44.99
Barreiras,2026-01-31 00:00:00,21.39,96,100.0,-12.1528,-44.99
Barreiras,2026-01-31 03:00:00,21.22,97,100.0,-12.1528,-44.99
Barreiras,2026-01-31 06:00:00,21.31,96,100.0,-12.1528,-44.99
Barreiras,2026-01-31 09:00:00,20.48,98,100.0,-12.1528,-44.99
Barreiras,2026-01-31 12:00:00,24.92,83,100.0,-12.1528,-44.99
Barreiras,2026-01-31 15:00:00,29.03,64,100.0,-12.1528,-44.99
Barreiras,2026-01-31 18:00:00,27.49,72,100.0,-12.1528,-44.99
Barreiras,2026-01-31 21:00:00,24.07,93,69.0,-12.1528,-44.99
Barreiras,2026-02-01 00:00:00,22.0,97,73.0,-12.1528,-44.99
Barreiras,2026-02-01 03:00:00,21.69,95,0.0,-12.1528,-44.99
Barreiras,2026-02-01 06:00:00,20.94,96,0.0,-12.1528,-44.99
Barreiras,2026-02-01 09:00:00,20.32,96,7.0,-12.1528,-44.99
Barreiras,2026-02-01 12:00:00,24.75,79,0.0,-12.1528,-44.99
Barreiras,2026-02-01 15:00:00,29.76,59,0.0,-12.1528,-44.99
Barreiras,2026-02-01 18:00:00,31.26,53,26.0,-12.1528,-44.99
Barreiras,2026-02-01 21:00:00,26.58,78,79.0,-12.1528,-44.99
Barreiras,2026-02-02 00:00:00,23.31,85,100.0,-12.1528,-44.99
Barreiras,2026-02-02 03:00:00,22.39,91,93.0,-12.1528,-44.99
Barreiras,2026-02-02 06:00:00,21.21,96,100.0,-12.1528,-44.99
Barreiras,2026-02-02 09:00:00,20.97,98,100.0,-12.1528,-44.99
Barreiras,2026-02-02 12:00:00,26.63,75,100.0,-12.1528,-44.99
Barreiras,2026-02-02 15:00:00,30.04,62,99.0,-12.1528,-44.99
Barreiras,2026-02-02 18:00:00,32.43,46,100.0,-12.1528,-44.99
Barreiras,2026-02-02 21:00:00,28.08,68,47.0,-12.1528,-44.99
Barreiras,2026-02-03 00:00:00,23.47,90,100.0,-12.1528,-44.99
Barreiras,2026-02-03 03:00:00,22.62,93,37.0,-12.1528,-44.99
Barreiras,2026-02-03 06:00:00,22.12,95,50.0,-12.1528,-44.99
Barreiras,2026-02-03 09:00:00,21.82,96,0.0,-12.1528,-44.99
Balsas,2026-01-29 12:00:00,24.07,82,62.0,-7.5325,-46.0356
Balsas,2026-01-29 15:00:00,29.22,60,32.0,-7.5325,-46.0356
Balsas,2026-01-29 18:00:00,30.47,56,0.0,-7.5325,-46.0356
Balsas,2026-01-29 21:00:00,28.05,65,8.0,-7.5325,-46.0356
Balsas,2026-01-30 00:00:00,26.84,69,22.0,-7.5325,-46.0356
Balsas,2026-01-30 03:00:00,23.82,88,99.0,-7.5325,-46.0356
Balsas,2026-01-30 06:00:00,22.86,90,74.0,-7.5325,-46.0356
Balsas,2026-01-30 09:00:00,22.48,91,0.0,-7.5325,-46.0356
Balsas,2026-01-30 12:00:00,27.88,67,0.0,-7.5325,-46.0356
Balsas,2026-01-30 15:00:00,32.29,49,63.0,-7.5325,-46.0356
Balsas,2026-01-30 18:00:00,31.1,56,87.0,-7.5325,-46.0356
Balsas,2026-01-30 21:00:00,27.7,71,95.0,-7.5325,-46.0356
Balsas,2026-01-31 00:00:00,24.83,84,85.0,-7.5325,-46.0356
Balsas,2026-01-31 03:00:00,23.75,88,0.0,-7.5325,-46.0356
Balsas,2026-01-31 06:00:00,23.1,89,0.0,-7.5325,-46.0356
Balsas,2026-01-31 09:00:00,22.76,89,0.0,-7.5325,-46.0356
Balsas,2026-01-31 12:00:00,27.84,68,0.0,-7.5325,-46.0356
Balsas,2026-01-31 15:00:00,32.02,51,35.0,-7.5325,-46.0356
Balsas,2026-01-31 18:00:00,31.6,53,30.0,-7.5325,-46.0356
Balsas,2026-01-31 21:00:00,28.83,63,38.0,-7.5325,-46.0356
Balsas,2026-02-01 00:00:00,25.02,81,57.0,-7.5325,-46.0356
Balsas,2026-02-01 03:00:00,23.74,87,0.0,-7.5325,-46.0356
Balsas,2026-02-01 06:00:00,23.06,90,0.0,-7.5325,-46.0356
Balsas,2026-02-01 09:00:00,22.63,92,0.0,-7.5325,-46.0356
Balsas,2026-02-01 12:00:00,28.03,69,20.0,-7.5325,-46.0356
Balsas,2026-02-01 15:00:00,34.64,44,0.0,-7.5325,-46.0356
Balsas,2026-02-01 18:00:00,32.49,49,0.0,-7.5325,-46.0356
Balsas,2026-02-01 21:00:00,26.83,75,94.0,-7.5325,-46.0356
Balsas,2026-02-02 00:00:00,25.94,78,100.0,-7.5325,-46.0356
Balsas,2026-02-02 03:00:00,24.49,85,73.0,-7.5325,-46.0356
Balsas,2026-02-02 06:00:00,23.71,90,76.0,-7.5325,-46.0356
Balsas,2026-02-02 09:00:00,23.62,90,37.0,-7.5325,-46.0356
Balsas,2026-02-02 12:00:00,27.28,75,100.0,-7.5325,-46.0356
Balsas,2026-02-02 15:00:00,30.3,61,100.0,-7.5325,-46.0356
Balsas,2026-02-02 18:00:00,29.49,66,100.0,-7.5325,-46.0356
Balsas,2026-02-02 21:00:00,26.34,83,100.0,-7.5325,-46.0356
Balsas,2026-02-03 00:00:00,24.08,90,100.0,-7.5325,-46.0356
Balsas,2026-02-03 03:00:00,23.14,95,100.0,-7.5325,-46.0356
Balsas,2026-02-03 06:00:00,22.18,94,100.0,-7.5325,-46.0356
Balsas,2026-02-03 09:00:00,21.75,95,10.0,-7.5325,-46.0356
Gurupi,2026-01-29 12:00:00,23.35,85,0.0,-11.7292,-49.0686
Gurupi,2026-01-29 15:00:00,27.78,69,100.0,-11.7292,-49.0686
Gurupi,2026-01-29 18:00:00,31.91,52,99.0,-11.7292,-49.0686
Gurupi,2026-01-29 21:00:00,29.32,64,0.0,-11.7292,-49.0686
Gurupi,2026-01-30 00:00:00,27.2,63,0.0,-11.7292,-49.0686
Gurupi,2026-01-30 03:00:00,24.88,75,0.0,-11.7292,-49.0686
Gurupi,2026-01-30 06:00:00,22.49,90,100.0,-11.7292,-49.0686
Gurupi,2026-01-30 09:00:00,22.4,90,0.0,-11.7292,-49.0686
Gurupi,2026-01-30 12:00:00,27.02,75,47.0,-11.7292,-49.0686
Gurupi,2026-01-30 15:00:00,31.62,55,41.0,-11.7292,-49.0686
Gurupi,2026-01-30 18:00:00,33.35,47,35.0,-11.7292,-49.0686
Gurupi,2026-01-30 21:00:00,24.85,85,93.0,-11.7292,-49.0686
Gurupi,2026-01-31 00:00:00,23.41,94,100.0,-11.7292,-49.0686
Gurupi,2026-01-31 03:00:00,22.57,97,100.0,-11.7292,-49.0686
Gurupi,2026-01-31 06:00:00,22.16,98,100.0,-11.7292,-49.0686
Gurupi,2026-01-31 09:00:00,22.32,97,0.0,-11.7292,-49.0686
Gurupi,2026-01-31 12:00:00,24.86,85,0.0,-11.7292,-49.0686
Gurupi,2026-01-31 15:00:00,27.17,77,78.0,-11.7292,-49.0686
Gurupi,2026-01-31 18:00:00,30.45,59,81.0,-11.7292,-49.0686
Gurupi,2026-01-31 21:00:00,28.46,73,0.0,-11.7292,-49.0686
Gurupi,2026-02-01 00:00:00,24.66,85,50.0,-11.7292,-49.0686
Gurupi,2026-02-01 03:00:00,23.74,89,60.0,-11.7292,-49.0686
Gurupi,2026-02-01 06:00:00,23.02,90,50.0,-11.7292,-49.0686
Gurupi,2026-02-01 09:00:00,22.35,93,100.0,-11.7292,-49.0686
Gurupi,2026-02-01 12:00:00,25.28,83,79.0,-11.7292,-49.0686
Gurupi,2026-02-01 15:00:00,29.79,64,100.0,-11.7292,-49.0686
Gurupi,2026-02-01 18:00:00,31.67,54,100.0,-11.7292,-49.0686
Gurupi,2026-02-01 21:00:00,28.38,73,0.0,-11.7292,-49.0686
Gurupi,2026-02-02 00:00:00,25.33,75,53.0,-11.7292,-49.0686
Gurupi,2026-02-02 03:00:00,24.27,81,28.0,-11.7292,-49.0686
Gurupi,2026-02-02 06:00:00,23.47,88,0.0,-11.7292,-49.0686
Gurupi,2026-02-02 09:00:00,22.42,95,100.0,-11.7292,-49.0686
Gurupi,2026-02-02 12:00:00,25.03,88,100.0,-11.7292,-49.0686
Gurupi,2026-02-02 15:00:00,26.37,83,79.0,-11.7292,-49.0686
Gurupi,2026-02-02 18:00:00,26.42,83,86.0,-11.7292,-49.0686
Gurupi,2026-02-02 21:00:00,25.1,85,96.0,-11.7292,-49.0686
Gurupi,2026-02-03 00:00:00,23.72,89,100.0,-11.7292,-49.0686
Gurupi,2026-02-03 03:00:00,23.3,91,0.0,-11.7292,-49.0686
Gurupi,2026-02-03 06:00:00,22.22,95,100.0,-11.7292,-49.0686
Gurupi,2026-02-03 09:00:00,22.09,97,100.0,-11.7292,-49.0686
Uruçuí,2026-01-30 12:00:00,23.76,89,100.0,-7.2294,-44.5561
Uruçuí,2026-01-30 15:00:00,27.35,71,100.0,-7.2294,-44.5561
Uruçuí,2026-01-30 18:00:00,33.22,46,80.0,-7.2294,-44.5561
Uruçuí,2026-01-30 21:00:00,28.49,66,0.0,-7.2294,-44.5561
Uruçuí,2026-01-31 00:00:00,26.79,73,28.0,-7.2294,-44.5561
Uruçuí,2026-01-31 03:00:00,24.74,81,0.0,-7.2294,-44.5561
Uruçuí,2026-01-31 06:00:00,24.07,83,0.0,-7.2294,-44.5561
Uruçuí,2026-01-31 09:00:00,23.25,88,0.0,-7.2294,-44.5561
Uruçuí,2026-01-31 12:00:00,28.35,67,0.0,-7.2294,-44.5561
Uruçuí,2026-01-31 15:00:00,31.07,58,100.0,-7.2294,-44.5561
Uruçuí,2026-01-31 18:00:00,30.27,61,100.0,-7.2294,-44.5561
Uruçuí,2026-01-31 21:00:00,27.32,78,94.0,-7.2294,-44.5561
Uruçuí,2026-02-01 00:00:00,25.44,82,86.0,-7.2294,-44.5561
Uruçuí,2026-02-01 03:00:00,23.91,86,0.0,-7.2294,-44.5561
Uruçuí,2026-02-01 06:00:00,23.64,87,0.0,-7.2294,-44.5561
Uruçuí,2026-02-01 09:00:00,22.64,91,0.0,-7.2294,-44.5561
Uruçuí,2026-02-01 12:00:00,28.19,67,0.0,-7.2294,-44.5561
Uruçuí,2026-02-01 15:00:00,33.36,47,27.0,-7.2294,-44.5561
Uruçuí,2026-02-01 18:00:00,31.69,53,0.0,-7.2294,-44.5561
Uruçuí,2026-02-01 21:00:00,27.86,69,51.0,-7.2294,-44.5561
Uruçuí,2026-02-02 00:00:00,25.64,76,29.0,-7.2294,-44.5561
Uruçuí,2026-02-02 03:00:00,24.5,82,0.0,-7.2294,-44.5561
Uruçuí,2026-02-02 06:00:00,24.02,85,32.0,-7.2294,-44.5561
Uruçuí,2026-02-02 09:00:00,22.65,93,100.0,-7.2294,-44.5561
Uruçuí,2026-02-02 12:00:00,27.31,73,100.0,-7.2294,-44.5561
Uruçuí,2026-02-02 15:00:00,29.62,65,100.0,-7.2294,-44.5561
Uruçuí,2026-02-02 18:00:00,29.02,71,100.0,-7.2294,-44.5561
Uruçuí,2026-02-02 21:00:00,25.42,87,100.0,-7.2294,-44.5561
Uruçuí,2026-02-03 00:00:00,24.2,89,100.0,-7.2294,-44.5561
Uruçuí,2026-02-03 03:00:00,23.26,91,0.0,-7.2294,-44.5561
Uruçuí,2026-02-03 06:00:00,22.59,93,25.0,-7.2294,-44.5561
Uruçuí,2026-02-03 09:00:00,21.88,96,32.0,-7.2294,-44.5561
Uruçuí,2026-02-03 12:00:00,26.91,74,41.0,-7.2294,-44.5561
Uruçuí,2026-02-03 15:00:00,29.09,66,100.0,-7.2294,-44.5561
Uruçuí,2026-02-03 18:00:00,28.24,73,100.0,-7.2294,-44.5561
Uruçuí,2026-02-03 21:00:00,25.73,87,100.0,-7.2294,-44.5561
Uruçuí,2026-02-04 00:00:00,23.84,90,100.0,-7.2294,-44.5561
Uruçuí,2026-02-04 03:00:00,22.86,93,0.0,-7.2294,-44.5561
Uruçuí,2026-02-04 06:00:00,22.2,95,0.0,-7.2294,-44.5561
Uruçuí,2026-02-04 09:00:00,21.95,95,0.0,-7.2294,-44.5561
Barreiras,2026-01-30 12:00:00,22.46,86,0.0,-12.1528,-44.99
Barreiras,2026-01-30 15:00:00,28.74,60,0.0,-12.1528,-44.99
Barreiras,2026-01-30 18:00:00,29.16,60,20.0,-12.1528,-44.99
Barreiras,2026-01-30 21:00:00,26.77,69,52.0,-12.1528,-44.99
Barreiras,2026-01-31 00:00:00,24.3,77,45.0,-12.1528,-44.99
Barreiras,2026-01-31 03:00:00,21.74,90,50.0,-12.1528,-44.99
Barreiras,2026-01-31 06:00:00,20.92,93,65.0,-12.1528,-44.99
Barreiras,2026-01-31 09:00:00,20.58,97,100.0,-12.1528,-44.99
Barreiras,2026-01-31 12:00:00,26.37,75,80.0,-12.1528,-44.99
Barreiras,2026-01-31 15:00:00,32.94,46,44.0,-12.1528,-44.99
Barreiras,2026-01-31 18:00:00,33.18,40,29.0,-12.1528,-44.99
Barreiras,2026-01-31 21:00:00,24.6,79,93.0,-12.1528,-44.99
Barreiras,2026-02-01 00:00:00,22.89,93,100.0,-12.1528,-44.99
Barreiras,2026-02-01 03:00:00,22.55,94,51.0,-12.1528,-44.99
Barreiras,2026-02-01 06:00:00,22.17,94,27.0,-12.1528,-44.99
Barreiras,2026-02-01 09:00:00,21.66,95,0.0,-12.1528,-44.99
Barreiras,2026-02-01 12:00:00,27.44,73,30.0,-12.1528,-44.99
Barreiras,2026-02-01 15:00:00,33.34,47,89.0,-12.1528,-44.99
Barreiras,2026-02-01 18:00:00,29.25,63,78.0,-12.1528,-44.99
Barreiras,2026-02-01 21:00:00,27.23,70,22.0,-12.1528,-44.99
Barreiras,2026-02-02 00:00:00,25.18,74,30.0,-12.1528,-44.99
Barreiras,2026-02-02 03:00:00,22.26,96,100.0,-12.1528,-44.99
Barreiras,2026-02-02 06:00:00,21.92,97,100.0,-12.1528,-44.99
Barreiras,2026-02-02 09:00:00,21.61,98,0.0,-12.1528,-44.99
Barreiras,2026-02-02 12:00:00,26.7,78,37.0,-12.1528,-44.99
Barreiras,2026-02-02 15:00:00,33.41,47,66.0,-12.1528,-44.99
Barreiras,2026-02-02 18:00:00,28.97,62,51.0,-12.1528,-44.99
Barreiras,2026-02-02 21:00:00,26.69,76,50.0,-12.1528,-44.99
Barreiras,2026-02-03 00:00:00,22.72,91,62.0,-12.1528,-44.99
Barreiras,2026-02-03 03:00:00,21.72,96,100.0,-12.1528,-44.99
Barreiras,2026-02-03 06:00:00,21.45,96,100.0,-12.1528,-44.99
Barreiras,2026-02-03 09:00:00,21.2,97,0.0,-12.1528,-44.99
Barreiras,2026-02-03 12:00:00,26.65,78,88.0,-12.1528,-44.99
Barreiras,2026-02-03 15:00:00,32.11,49,100.0,-12.1528,-44.99
Barreiras,2026-02-03 18:00:00,31.54,49,80.0,-12.1528,-44.99
Barreiras,2026-02-03 21:00:00,27.69,67,0.0,-12.1528,-44.99
Barreiras,2026-02-04 00:00:00,23.79,84,58.0,-12.1528,-44.99
Barreiras,2026-02-04 03:00:00,21.79,92,99.0,-12.1528,-44.99
Barreiras,2026-02-04 06:00:00,21.4,95,90.0,-12.1528,-44.99
Barreiras,2026-02-04 09:00:00,20.95,97,0.0,-12.1528,-44.99
Balsas,2026-01-30 12:00:00,23.75,87,0.0,-7.5325,-46.0356
Balsas,2026-01-30 15:00:00,28.9,64,0.0,-7.5325,-46.0356
Balsas,2026-01-30 18:00:00,30.31,59,28.0,-7.5325,-46.0356
Balsas,2026-01-30 21:00:00,27.82,72,64.0,-7.5325,-46.0356
Balsas,2026-01-31 00:00:00,25.03,80,76.0,-7.5325,-46.0356
Balsas,2026-01-31 03:00:00,23.93,85,0.0,-7.5325,-46.0356
Balsas,2026-01-31 06:00:00,23.16,88,0.0,-7.5325,-46.0356
Balsas,2026-01-31 09:00:00,22.57,90,0.0,-7.5325,-46.0356
Balsas,2026-01-31 12:00:00,28.34,66,0.0,-7.5325,-46.0356
Balsas,2026-01-31 15:00:00,30.7,60,100.0,-7.5325,-46.0356
Balsas,2026-01-31 18:00:00,29.62,66,100.0,-7.5325,-46.0356
Balsas,2026-01-31 21:00:00,25.94,85,100.0,-7.5325,-46.0356
Balsas,2026-02-01 00:00:00,24.69,88,80.0,-7.5325,-46.0356
Balsas,2026-02-01 03:00:00,23.96,90,0.0,-7.5325,-46.0356
Balsas,2026-02-01 06:00:00,23.1,93,0.0,-7.5325,-46.0356
Balsas,2026-02-01 09:00:00,22.6,94,0.0,-7.5325,-46.0356
Balsas,2026-02-01 12:00:00,27.96,69,0.0,-7.5325,-46.0356
Balsas,2026-02-01 15:00:00,32.83,49,0.0,-7.5325,-46.0356
Balsas,2026-02-01 18:00:00,31.08,58,0.0,-7.5325,-46.0356
Balsas,2026-02-01 21:00:00,27.49,75,75.0,-7.5325,-46.0356
Balsas,2026-02-02 00:00:00,25.78,81,84.0,-7.5325,-46.0356
Balsas,2026-02-02 03:00:00,24.03,87,92.0,-7.5325,-46.0356
Balsas,2026-02-02 06:00:00,23.73,88,75.0,-7.5325,-46.0356
Balsas,2026-02-02 09:00:00,22.64,92,38.0,-7.5325,-46.0356
Balsas,2026-02-02 12:00:00,27.02,75,70.0,-7.5325,-46.0356
Balsas,2026-02-02 15:00:00,30.03,62,100.0,-7.5325,-46.0356
Balsas,2026-02-02 18:00:00,29.94,64,100.0,-7.5325,-46.0356
Balsas,2026-02-02 21:00:00,26.05,84,100.0,-7.5325,-46.0356
Balsas,2026-02-03 00:00:00,24.52,87,100.0,-7.5325,-46.0356
Balsas,2026-02-03 03:00:00,22.95,96,100.0,-7.5325,-46.0356
Balsas,2026-02-03 06:00:00,22.63,94,100.0,-7.5325,-46.0356
Balsas,2026-02-03 09:00:00,22.07,96,0.0,-7.5325,-46.0356
Balsas,2026-02-03 12:00:00,25.95,78,9.0,-7.5325,-46.0356
Balsas,2026-02-03 15:00:00,27.82,71,100.0,-7.5325,-46.0356
Balsas,2026-02-03 18:00:00,27.24,76,100.0,-7.5325,-46.0356
Balsas,2026-02-03 21:00:00,24.64,90,100.0,-7.5325,-46.0356
Balsas,2026-02-04 00:00:00,23.08,94,100.0,-7.5325,-46.0356
Balsas,2026-02-04 03:00:00,23.04,92,100.0,-7.5325,-46.0356
Balsas,2026-02-04 06:00:00,22.43,95,100.0,-7.5325,-46.0356
Balsas,2026-02-04 09:00:00,22.29,95,38.0,-7.5325,-46.0356
Gurupi,2026-01-30 12:00:00,24.59,76,0.0,-11.7292,-49.0686
Gurupi,2026-01-30 15:00:00,28.97,63,0.0,-11.7292,-49.0686
Gurupi,2026-01-30 18:00:00,31.92,55,20.0,-11.7292,-49.0686
Gurupi,2026-01-30 21:00:00,28.7,70,0.0,-11.7292,-49.0686
Gurupi,2026-01-31 00:00:00,27.1,68,0.0,-11.7292,-49.0686
Gurupi,2026-01-31 03:00:00,23.46,83,54.0,-11.7292,-49.0686
Gurupi,2026-01-31 06:00:00,23.0,82,100.0,-11.7292,-49.0686
Gurupi,2026-01-31 09:00:00,22.24,89,74.0,-11.7292,-49.0686
Gurupi,2026-01-31 12:00:00,26.53,77,46.0,-11.7292,-49.0686
Gurupi,2026-01-31 15:00:00,30.99,61,97.0,-11.7292,-49.0686
Gurupi,2026-01-31 18:00:00,31.07,59,95.0,-11.7292,-49.0686
Gurupi,2026-01-31 21:00:00,27.4,78,94.0,-11.7292,-49.0686
Gurupi,2026-02-01 00:00:00,24.73,86,77.0,-11.7292,-49.0686
Gurupi,2026-02-01 03:00:00,24.26,90,53.0,-11.7292,-49.0686
Gurupi,2026-02-01 06:00:00,23.37,91,44.0,-11.7292,-49.0686
Gurupi,2026-02-01 09:00:00,22.98,91,9.0,-11.7292,-49.0686
Gurupi,2026-02-01 12:00:00,26.23,82,100.0,-11.7292,-49.0686
Gurupi,2026-02-01 15:00:00,28.56,74,97.0,-11.7292,-49.0686
Gurupi,2026-02-01 18:00:00,29.13,70,100.0,-11.7292,-49.0686
Gurupi,2026-02-01 21:00:00,27.57,79,100.0,-11.7292,-49.0686
Gurupi,2026-02-02 00:00:00,23.83,92,100.0,-11.7292,-49.0686
Gurupi,2026-02-02 03:00:00,23.04,94,37.0,-11.7292,-49.0686
Gurupi,2026-02-02 06:00:00,22.45,95,34.0,-11.7292,-49.0686
Gurupi,2026-02-02 09:00:00,22.57,96,0.0,-11.7292,-49.0686
Gurupi,2026-02-02 12:00:00,25.1,87,0.0,-11.7292,-49.0686
Gurupi,2026-02-02 15:00:00,25.45,88,100.0,-11.7292,-49.0686
Gurupi,2026-02-02 18:00:00,26.25,84,97.0,-11.7292,-49.0686
Gurupi,2026-02-02 21:00:00,24.87,89,0.0,-11.7292,-49.0686
Gurupi,2026-02-03 00:00:00,23.79,88,0.0,-11.7292,-49.0686
Gurupi,2026-02-03 03:00:00,23.06,88,14.0,-11.7292,-49.0686
Gurupi,2026-02-03 06:00:00,22.21,94,100.0,-11.7292,-49.0686
Gurupi,2026-02-03 09:00:00,21.99,95,100.0,-11.7292,-49.0686
Gurupi,2026-02-03 12:00:00,22.53,96,80.0,-11.7292,-49.0686
Gurupi,2026-02-03 15:00:00,23.84,90,0.0,-11.7292,-49.0686
Gurupi,2026-02-03 18:00:00,28.49,67,35.0,-11.7292,-49.0686
Gurupi,2026-02-03 21:00:00,25.89,84,90.0,-11.7292,-49.0686
Gurupi,2026-02-04 00:00:00,23.18,93,76.0,-11.7292,-49.0686
Gurupi,2026-02-04 03:00:00,22.34,96,0.0,-11.7292,-49.0686
Gurupi,2026-02-04 06:00:00,21.61,97,0.0,-11.7292,-49.0686
Gurupi,2026-02-04 09:00:00,21.06,97,0.0,-11.7292,-49.0686
Uruçuí,2026-01-31 12:00:00,25.61,77,4.0,-7.2294,-44.5561
Uruçuí,2026-01-31 15:00:00,28.62,68,100.0,-7.2294,-44.5561
Uruçuí,2026-01-31 18:00:00,29.7,65,100.0,-7.2294,-44.5561
Uruçuí,2026-01-31 21:00:00,27.73,74,100.0,-7.2294,-44.5561
Uruçuí,2026-02-01 00:00:00,26.08,78,100.0,-7.2294,-44.5561
Uruçuí,2026-02-01 03:00:00,24.5,84,0.0,-7.2294,-44.5561
Uruçuí,2026-02-01 06:00:00,23.61,90,0.0,-7.2294,-44.5561
Uruçuí,2026-02-01 09:00:00,22.73,93,62.0,-7.2294,-44.5561
Uruçuí,2026-02-01 12:00:00,27.78,71,32.0,-7.2294,-44.5561
Uruçuí,2026-02-01 15:00:00,33.56,47,0.0,-7.2294,-44.5561
Uruçuí,2026-02-01 18:00:00,29.89,62,20.0,-7.2294,-44.5561
Uruçuí,2026-02-01 21:00:00,28.94,64,34.0,-7.2294,-44.5561
Uruçuí,2026-02-02 00:00:00,25.01,84,65.0,-7.2294,-44.5561
Uruçuí,2026-02-02 03:00:00,23.91,87,0.0,-7.2294,-44.5561
Uruçuí,2026-02-02 06:00:00,23.1,90,20.0,-7.2294,-44.5561
Uruçuí,2026-02-02 09:00:00,22.32,95,100.0,-7.2294,-44.5561
Uruçuí,2026-02-02 12:00:00,26.19,80,100.0,-7.2294,-44.5561
Uruçuí,2026-02-02 15:00:00,29.8,63,100.0,-7.2294,-44.5561
Uruçuí,2026-02-02 18:00:00,28.96,69,100.0,-7.2294,-44.5561
Uruçuí,2026-02-02 21:00:00,27.0,76,52.0,-7.2294,-44.5561
Uruçuí,2026-02-03 00:00:00,24.33,86,75.0,-7.2294,-44.5561
Uruçuí,2026-02-03 03:00:00,23.43,89,0.0,-7.2294,-44.5561
Uruçuí,2026-02-03 06:00:00,22.67,91,0.0,-7.2294,-44.5561
Uruçuí,2026-02-03 09:00:00,22.1,93,24.0,-7.2294,-44.5561
Uruçuí,2026-02-03 12:00:00,26.31,79,99.0,-7.2294,-44.5561
Uruçuí,2026-02-03 15:00:00,28.64,69,100.0,-7.2294,-44.5561
Uruçuí,2026-02-03 18:00:00,28.35,70,100.0,-7.2294,-44.5561
Uruçuí,2026-02-03 21:00:00,25.0,87,100.0,-7.2294,-44.5561
Uruçuí,2026-02-04 00:00:00,23.51,90,100.0,-7.2294,-44.5561
Uruçuí,2026-02-04 03:00:00,22.9,92,0.0,-7.2294,-44.5561
Uruçuí,2026-02-04 06:00:00,22.05,94,0.0,-7.2294,-44.5561
Uruçuí,2026-02-04 09:00:00,21.56,95,0.0,-7.2294,-44.5561
Uruçuí,2026-02-04 12:00:00,26.91,74,14.0,-7.2294,-44.5561
Uruçuí,2026-02-04 15:00:00,32.69,51,58.0,-7.2294,-44.5561
Uruçuí,2026-02-04 18:00:00,29.93,62,47.0,-7.2294,-44.5561
Uruçuí,2026-02-04 21:00:00,26.69,76,0.0,-7.2294,-44.5561
Uruçuí,2026-02-05 00:00:00,24.71,82,0.0,-7.2294,-44.5561
Uruçuí,2026-02-05 03:00:00,24.23,84,28.0,-7.2294,-44.5561
Uruçuí,2026-02-05 06:00:00,22.94,91,68.0,-7.2294,-44.5561
Uruçuí,2026-02-05 09:00:00,22.28,93,0.0,-7.2294,-44.5561
Barreiras,2026-01-31 12:00:00,23.04,83,2.0,-12.1528,-44.99
Barreiras,2026-01-31 15:00:00,29.53,60,5.0,-12.1528,-44.99
Barreiras,2026-01-31 18:00:00,30.94,54,0.0,-12.1528,-44.99
Barreiras,2026-01-31 21:00:00,27.88,68,0.0,-12.1528,-44.99
Barreiras,2026-02-01 00:00:00,24.9,75,26.0,-12.1528,-44.99
Barreiras,2026-02-01 03:00:00,22.71,87,47.0,-12.1528,-44.99
Barreiras,2026-02-01 06:00:00,21.6,94,100.0,-12.1528,-44.99
Barreiras,2026-02-01 09:00:00,21.38,95,0.0,-12.1528,-44.99
Barreiras,2026-02-01 12:00:00,27.14,74,1.0,-12.1528,-44.99
Barreiras,2026-02-01 15:00:00,31.02,57,100.0,-12.1528,-44.99
Barreiras,2026-02-01 18:00:00,31.23,51,80.0,-12.1528,-44.99
Barreiras,2026-02-01 21:00:00,27.12,69,58.0,-12.1528,-44.99
Barreiras,2026-02-02 00:00:00,22.41,96,100.0,-12.1528,-44.99
Barreiras,2026-02-02 03:00:00,21.87,97,72.0,-12.1528,-44.99
Barreiras,2026-02-02 06:00:00,22.07,96,84.0,-12.1528,-44.99
Barreiras,2026-02-02 09:00:00,21.37,97,67.0,-12.1528,-44.99
Barreiras,2026-02-02 12:00:00,26.82,74,53.0,-12.1528,-44.99
Barreiras,2026-02-02 15:00:00,33.95,47,51.0,-12.1528,-44.99
Barreiras,2026-02-02 18:00:00,24.29,89,100.0,-12.1528,-44.99
Barreiras,2026-02-02 21:00:00,22.79,96,100.0,-12.1528,-44.99
Barreiras,2026-02-03 00:00:00,21.59,93,100.0,-12.1528,-44.99
Barreiras,2026-02-03 03:00:00,21.67,95,76.0,-12.1528,-44.99
Barreiras,2026-02-03 06:00:00,21.2,97,100.0,-12.1528,-44.99
Barreiras,2026-02-03 09:00:00,20.45,97,26.0,-12.1528,-44.99
Barreiras,2026-02-03 12:00:00,26.23,76,34.0,-12.1528,-44.99
Barreiras,2026-02-03 15:00:00,27.45,67,62.0,-12.1528,-44.99
Barreiras,2026-02-03 18:00:00,30.2,54,67.0,-12.1528,-44.99
Barreiras,2026-02-03 21:00:00,25.44,80,72.0,-12.1528,-44.99
Barreiras,2026-02-04 00:00:00,23.11,89,46.0,-12.1528,-44.99
Barreiras,2026-02-04 03:00:00,22.07,92,10.0,-12.1528,-44.99
Barreiras,2026-02-04 06:00:00,21.43,94,26.0,-12.1528,-44.99
Barreiras,2026-02-04 09:00:00,20.88,97,0.0,-12.1528,-44.99
Barreiras,2026-02-04 12:00:00,27.26,71,0.0,-12.1528,-44.99
Barreiras,2026-02-04 15:00:00,32.27,53,100.0,-12.1528,-44.99
Barreiras,2026-02-04 18:00:00,28.31,72,100.0,-12.1528,-44.99
Barreiras,2026-02-04 21:00:00,25.03,85,100.0,-12.1528,-44.99
Barreiras,2026-02-05 00:00:00,23.03,90,100.0,-12.1528,-44.99
Barreiras,2026-02-05 03:00:00,22.47,92,8.0,-12.1528,-44.99
Barreiras,2026-02-05 06:00:00,21.59,95,5.0,-12.1528,-44.99
Barreiras,2026-02-05 09:00:00,21.38,94,0.0,-12.1528,-44.99
Balsas,2026-01-31 12:00:00,26.12,76,0.0,-7.5325,-46.0356
Balsas,2026-01-31 15:00:00,28.68,68,100.0,-7.5325,-46.0356
Balsas,2026-01-31 18:00:00,30.0,65,100.0,-7.5325,-46.0356
Balsas,2026-01-31 21:00:00,26.05,82,100.0,-7.5325,-46.0356
Balsas,2026-02-01 00:00:00,24.93,87,100.0,-7.5325,-46.0356
Balsas,2026-02-01 03:00:00,24.1,91,91.0,-7.5325,-46.0356
Balsas,2026-02-01 06:00:00,23.92,91,76.0,-7.5325,-46.0356
Balsas,2026-02-01 09:00:00,22.94,94,0.0,-7.5325,-46.0356
Balsas,2026-02-01 12:00:00,27.95,70,0.0,-7.5325,-46.0356
Balsas,2026-02-01 15:00:00,32.17,52,82.0,-7.5325,-46.0356
Balsas,2026-02-01 18:00:00,31.09,57,77.0,-7.5325,-46.0356
Balsas,2026-02-01 21:00:00,26.76,78,93.0,-7.5325,-46.0356
Balsas,2026-02-02 00:00:00,25.59,83,73.0,-7.5325,-46.0356
Balsas,2026-02-02 03:00:00,25.01,84,60.0,-7.5325,-46.0356
Balsas,2026-02-02 06:00:00,24.01,88,16.0,-7.5325,-46.0356
Balsas,2026-02-02 09:00:00,22.09,95,100.0,-7.5325,-46.0356
Balsas,2026-02-02 12:00:00,26.4,79,100.0,-7.5325,-46.0356
Balsas,2026-02-02 15:00:00,29.64,63,100.0,-7.5325,-46.0356
Balsas,2026-02-02 18:00:00,29.43,66,100.0,-7.5325,-46.0356
Balsas,2026-02-02 21:00:00,25.98,85,100.0,-7.5325,-46.0356
Balsas,2026-02-03 00:00:00,24.47,87,100.0,-7.5325,-46.0356
Balsas,2026-02-03 03:00:00,23.37,94,100.0,-7.5325,-46.0356
Balsas,2026-02-03 06:00:00,22.4,96,100.0,-7.5325,-46.0356
Balsas,2026-02-03 09:00:00,22.37,96,100.0,-7.5325,-46.0356
Balsas,2026-02-03 12:00:00,24.94,87,100.0,-7.5325,-46.0356
Balsas,2026-02-03 15:00:00,26.74,77,100.0,-7.5325,-46.0356
Balsas,2026-02-03 18:00:00,27.29,75,100.0,-7.5325,-46.0356
Balsas,2026-02-03 21:00:00,25.43,87,100.0,-7.5325,-46.0356
Balsas,2026-02-04 00:00:00,23.66,92,100.0,-7.5325,-46.0356
Balsas,2026-02-04 03:00:00,22.85,95,100.0,-7.5325,-46.0356
Balsas,2026-02-04 06:00:00,22.2,96,100.0,-7.5325,-46.0356
Balsas,2026-02-04 09:00:00,21.68,96,91.0,-7.5325,-46.0356
Balsas,2026-02-04 12:00:00,26.56,76,41.0,-7.5325,-46.0356
Balsas,2026-02-04 15:00:00,31.93,52,0.0,-7.5325,-46.0356
Balsas,2026-02-04 18:00:00,31.67,52,0.0,-7.5325,-46.0356
Balsas,2026-02-04 21:00:00,26.31,79,100.0,-7.5325,-46.0356
Balsas,2026-02-05 00:00:00,24.97,84,100.0,-7.5325,-46.0356
Balsas,2026-02-05 03:00:00,24.38,85,100.0,-7.5325,-46.0356
Balsas,2026-02-05 06:00:00,22.82,92,80.0,-7.5325,-46.0356
Balsas,2026-02-05 09:00:00,22.28,92,20.0,-7.5325,-46.0356
Gurupi,2026-01-31 12:00:00,25.37,75,34.0,-11.7292,-49.0686
Gurupi,2026-01-31 15:00:00,29.59,60,94.0,-11.7292,-49.0686
Gurupi,2026-01-31 18:00:00,33.46,46,77.0,-11.7292,-49.0686
Gurupi,2026-01-31 21:00:00,28.14,71,26.0,-11.7292,-49.0686
Gurupi,2026-02-01 00:00:00,24.98,82,97.0,-11.7292,-49.0686
Gurupi,2026-02-01 03:00:00,23.1,95,100.0,-11.7292,-49.0686
Gurupi,2026-02-01 06:00:00,22.99,91,80.0,-11.7292,-49.0686
Gurupi,2026-02-01 09:00:00,22.29,92,0.0,-11.7292,-49.0686
Gurupi,2026-02-01 12:00:00,26.67,77,0.0,-11.7292,-49.0686
Gurupi,2026-02-01 15:00:00,30.91,61,90.0,-11.7292,-49.0686
Gurupi,2026-02-01 18:00:00,32.66,52,100.0,-11.7292,-49.0686
Gurupi,2026-02-01 21:00:00,30.5,65,0.0,-11.7292,-49.0686
Gurupi,2026-02-02 00:00:00,24.04,93,100.0,-11.7292,-49.0686
Gurupi,2026-02-02 03:00:00,23.07,97,100.0,-11.7292,-49.0686
Gurupi,2026-02-02 06:00:00,22.9,94,80.0,-11.7292,-49.0686
Gurupi,2026-02-02 09:00:00,22.58,91,30.0,-11.7292,-49.0686
Gurupi,2026-02-02 12:00:00,23.99,84,15.0,-11.7292,-49.0686
Gurupi,2026-02-02 15:00:00,25.04,85,0.0,-11.7292,-49.0686
Gurupi,2026-02-02 18:00:00,27.66,76,77.0,-11.7292,-49.0686
Gurupi,2026-02-02 21:00:00,25.83,86,77.0,-11.7292,-49.0686
Gurupi,2026-02-03 00:00:00,23.91,91,52.0,-11.7292,-49.0686
Gurupi,2026-02-03 03:00:00,22.55,95,80.0,-11.7292,-49.0686
Gurupi,2026-02-03 06:00:00,21.92,97,100.0,-11.7292,-49.0686
Gurupi,2026-02-03 09:00:00,22.03,98,100.0,-11.7292,-49.0686
Gurupi,2026-02-03 12:00:00,22.31,97,100.0,-11.7292,-49.0686
Gurupi,2026-02-03 15:00:00,22.03,98,100.0,-11.7292,-49.0686
Gurupi,2026-02-03 18:00:00,22.83,96,100.0,-11.7292,-49.0686
Gurupi,2026-02-03 21:00:00,22.68,96,38.0,-11.7292,-49.0686
Gurupi,2026-02-04 00:00:00,21.66,98,0.0,-11.7292,-49.0686
Gurupi,2026-02-04 03:00:00,21.36,98,0.0,-11.7292,-49.0686
Gurupi,2026-02-04 06:00:00,20.93,98,0.0,-11.7292,-49.0686
Gurupi,2026-02-04 09:00:00,20.47,97,0.0,-11.7292,-49.0686
Gurupi,2026-02-04 12:00:00,24.51,84,0.0,-11.7292,-49.0686
Gurupi,2026-02-04 15:00:00,28.68,66,34.0,-11.7292,-49.0686
Gurupi,2026-02-04 18:00:00,29.22,66,100.0,-11.7292,-49.0686
Gurupi,2026-02-04 21:00:00,27.12,82,100.0,-11.7292,-49.0686
Gurupi,2026-02-05 00:00:00,24.07,87,80.0,-11.7292,-49.0686
Gurupi,2026-02-05 03:00:00,23.34,91,0.0,-11.7292,-49.0686
Gurupi,2026-02-05 06:00:00,22.89,93,0.0,-11.7292,-49.0686
Gurupi,2026-02-05 09:00:00,22.15,96,81.0,-11.7292,-49.0686
Uruçuí,2026-02-01 12:00:00,24.44,87,0.0,-7.2294,-44.5561
Uruçuí,2026-02-01 15:00:00,28.03,71,100.0,-7.2294,-44.5561
Uruçuí,2026-02-01 18:00:00,32.07,53,100.0,-7.2294,-44.5561
Uruçuí,2026-02-01 21:00:00,28.55,70,50.0,-7.2294,-44.5561
Uruçuí,2026-02-02 00:00:00,25.87,79,32.0,-7.2294,-44.5561
Uruçuí,2026-02-02 03:00:00,24.97,81,0.0,-7.2294,-44.5561
Uruçuí,2026-02-02 06:00:00,23.86,89,95.0,-7.2294,-44.5561
Uruçuí,2026-02-02 09:00:00,22.46,96,100.0,-7.2294,-44.5561
Uruçuí,2026-02-02 12:00:00,26.64,77,100.0,-7.2294,-44.5561
Uruçuí,2026-02-02 15:00:00,28.93,69,100.0,-7.2294,-44.5561
Uruçuí,2026-02-02 18:00:00,28.68,73,100.0,-7.2294,-44.5561
Uruçuí,2026-02-02 21:00:00,25.29,88,100.0,-7.2294,-44.5561
Uruçuí,2026-02-03 00:00:00,24.69,85,100.0,-7.2294,-44.5561
Uruçuí,2026-02-03 03:00:00,22.78,97,100.0,-7.2294,-44.5561
Uruçuí,2026-02-03 06:00:00,22.36,97,84.0,-7.2294,-44.5561
Uruçuí,2026-02-03 09:00:00,21.8,98,0.0,-7.2294,-44.5561
Uruçuí,2026-02-03 12:00:00,24.82,84,0.0,-7.2294,-44.5561
Uruçuí,2026-02-03 15:00:00,29.84,61,60.0,-7.2294,-44.5561
Uruçuí,2026-02-03 18:00:00,28.34,71,100.0,-7.2294,-44.5561
Uruçuí,2026-02-03 21:00:00,25.96,82,100.0,-7.2294,-44.5561
Uruçuí,2026-02-04 00:00:00,24.04,88,100.0,-7.2294,-44.5561
Uruçuí,2026-02-04 03:00:00,22.96,92,87.0,-7.2294,-44.5561
Uruçuí,2026-02-04 06:00:00,22.31,95,61.0,-7.2294,-44.5561
Uruçuí,2026-02-04 09:00:00,21.78,97,25.0,-7.2294,-44.5561
Uruçuí,2026-02-04 12:00:00,26.78,77,43.0,-7.2294,-44.5561
Uruçuí,2026-02-04 15:00:00,31.6,55,100.0,-7.2294,-44.5561
Uruçuí,2026-02-04 18:00:00,29.77,63,80.0,-7.2294,-44.5561
Uruçuí,2026-02-04 21:00:00,27.39,72,1.0,-7.2294,-44.5561
Uruçuí,2026-02-05 00:00:00,25.1,81,20.0,-7.2294,-44.5561
Uruçuí,2026-02-05 03:00:00,23.01,93,100.0,-7.2294,-44.5561
Uruçuí,2026-02-05 06:00:00,22.2,96,100.0,-7.2294,-44.5561
Uruçuí,2026-02-05 09:00:00,21.7,97,100.0,-7.2294,-44.5561
Uruçuí,2026-02-05 12:00:00,25.47,85,100.0,-7.2294,-44.5561
Uruçuí,2026-02-05 15:00:00,30.05,61,100.0,-7.2294,-44.5561
Uruçuí,2026-02-05 18:00:00,30.34,61,100.0,-7.2294,-44.5561
Uruçuí,2026-02-05 21:00:00,26.52,82,100.0,-7.2294,-44.5561
Uruçuí,2026-02-06 00:00:00,24.52,88,100.0,-7.2294,-44.5561
Uruçuí,2026-02-06 03:00:00,23.92,90,100.0,-7.2294,-44.5561
Uruçuí,2026-02-06 06:00:00,22.53,97,100.0,-7.2294,-44.5561
Uruçuí,2026-02-06 09:00:00,22.6,96,42.0,-7.2294,-44.5561
Barreiras,2026-02-01 12:00:00,23.99,82,0.0,-12.1528,-44.99
Barreiras,2026-02-01 15:00:00,29.98,58,72.0,-12.1528,-44.99
Barreiras,2026-02-01 18:00:00,29.88,59,50.0,-12.1528,-44.99
Barreiras,2026-02-01 21:00:00,22.7,97,100.0,-12.1528,-44.99
Barreiras,2026-02-02 00:00:00,21.95,98,100.0,-12.1528,-44.99
Barreiras,2026-02-02 03:00:00,21.79,96,100.0,-12.1528,-44.99
Barreiras,2026-02-02 06:00:00,21.32,98,100.0,-12.1528,-44.99
Barreiras,2026-02-02 09:00:00,21.65,97,8.0,-12.1528,-44.99
Barreiras,2026-02-02 12:00:00,24.29,86,30.0,-12.1528,-44.99
Barreiras,2026-02-02 15:00:00,30.88,56,100.0,-12.1528,-44.99
Barreiras,2026-02-02 18:00:00,29.01,70,100.0,-12.1528,-44.99
Barreiras,2026-02-02 21:00:00,24.28,89,100.0,-12.1528,-44.99
Barreiras,2026-02-03 00:00:00,22.44,95,100.0,-12.1528,-44.99
Barreiras,2026-02-03 03:00:00,21.98,96,49.0,-12.1528,-44.99
Barreiras,2026-02-03 06:00:00,21.56,96,0.0,-12.1528,-44.99
Barreiras,2026-02-03 09:00:00,20.91,97,0.0,-12.1528,-44.99
Barreiras,2026-02-03 12:00:00,24.83,85,72.0,-12.1528,-44.99
Barreiras,2026-02-03 15:00:00,29.74,63,100.0,-12.1528,-44.99
Barreiras,2026-02-03 18:00:00,28.93,69,100.0,-12.1528,-44.99
Barreiras,2026-02-03 21:00:00,24.09,90,100.0,-12.1528,-44.99
Barreiras,2026-02-04 00:00:00,22.9,93,100.0,-12.1528,-44.99
Barreiras,2026-02-04 03:00:00,21.83,95,76.0,-12.1528,-44.99
Barreiras,2026-02-04 06:00:00,22.12,95,53.0,-12.1528,-44.99
Barreiras,2026-02-04 09:00:00,21.04,97,0.0,-12.1528,-44.99
Barreiras,2026-02-04 12:00:00,23.91,86,0.0,-12.1528,-44.99
Barreiras,2026-02-04 15:00:00,29.62,57,0.0,-12.1528,-44.99
Barreiras,2026-02-04 18:00:00,31.77,48,4.0,-12.1528,-44.99
Barreiras,2026-02-04 21:00:00,27.43,72,53.0,-12.1528,-44.99
Barreiras,2026-02-05 00:00:00,22.94,91,100.0,-12.1528,-44.99
Barreiras,2026-02-05 03:00:00,21.78,95,100.0,-12.1528,-44.99
Barreiras,2026-02-05 06:00:00,21.57,96,100.0,-12.1528,-44.99
Barreiras,2026-02-05 09:00:00,21.17,97,100.0,-12.1528,-44.99
Barreiras,2026-02-05 12:00:00,25.72,81,100.0,-12.1528,-44.99
Barreiras,2026-02-05 15:00:00,28.61,69,100.0,-12.1528,-44.99
Barreiras,2026-02-05 18:00:00,30.72,54,100.0,-12.1528,-44.99
Barreiras,2026-02-05 21:00:00,24.89,84,100.0,-12.1528,-44.99
Barreiras,2026-02-06 00:00:00,22.73,92,100.0,-12.1528,-44.99
Barreiras,2026-02-06 03:00:00,21.46,95,72.0,-12.1528,-44.99
Barreiras,2026-02-06 06:00:00,20.76,96,100.0,-12.1528,-44.99
Barreiras,2026-02-06 09:00:00,20.26,98,100.0,-12.1528,-44.99
Balsas,2026-02-01 12:00:00,24.75,82,0.0,-7.5325,-46.0356
Balsas,2026-02-01 15:00:00,29.94,61,10.0,-7.5325,-46.0356
Balsas,2026-02-01 18:00:00,30.22,60,24.0,-7.5325,-46.0356
Balsas,2026-02-01 21:00:00,27.69,74,97.0,-7.5325,-46.0356
Balsas,2026-02-02 00:00:00,26.11,81,80.0,-7.5325,-46.0356
Balsas,2026-02-02 03:00:00,24.14,87,1.0,-7.5325,-46.0356
Balsas,2026-02-02 06:00:00,23.26,88,0.0,-7.5325,-46.0356
Balsas,2026-02-02 09:00:00,22.61,90,65.0,-7.5325,-46.0356
Balsas,2026-02-02 12:00:00,25.0,86,100.0,-7.5325,-46.0356
Balsas,2026-02-02 15:00:00,28.97,68,100.0,-7.5325,-46.0356
Balsas,2026-02-02 18:00:00,28.3,73,100.0,-7.5325,-46.0356
Balsas,2026-02-02 21:00:00,25.46,87,100.0,-7.5325,-46.0356
Balsas,2026-02-03 00:00:00,23.2,96,100.0,-7.5325,-46.0356
Balsas,2026-02-03 03:00:00,22.54,97,100.0,-7.5325,-46.0356
Balsas,2026-02-03 06:00:00,22.23,96,100.0,-7.5325,-46.0356
Balsas,2026-02-03 09:00:00,21.6,96,100.0,-7.5325,-46.0356
Balsas,2026-02-03 12:00:00,23.37,89,80.0,-7.5325,-46.0356
Balsas,2026-02-03 15:00:00,29.04,61,0.0,-7.5325,-46.0356
Balsas,2026-02-03 18:00:00,28.81,63,5.0,-7.5325,-46.0356
Balsas,2026-02-03 21:00:00,26.19,80,51.0,-7.5325,-46.0356
Balsas,2026-02-04 00:00:00,23.96,84,13.0,-7.5325,-46.0356
Balsas,2026-02-04 03:00:00,23.51,85,0.0,-7.5325,-46.0356
Balsas,2026-02-04 06:00:00,22.39,89,0.0,-7.5325,-46.0356
Balsas,2026-02-04 09:00:00,21.82,91,0.0,-7.5325,-46.0356
Balsas,2026-02-04 12:00:00,27.41,69,0.0,-7.5325,-46.0356
Balsas,2026-02-04 15:00:00,31.89,52,0.0,-7.5325,-46.0356
Balsas,2026-02-04 18:00:00,31.85,52,0.0,-7.5325,-46.0356
Balsas,2026-02-04 21:00:00,27.57,73,0.0,-7.5325,-46.0356
Balsas,2026-02-05 00:00:00,26.49,72,0.0,-7.5325,-46.0356
Balsas,2026-02-05 03:00:00,25.64,76,58.0,-7.5325,-46.0356
Balsas,2026-02-05 06:00:00,23.0,93,100.0,-7.5325,-46.0356
Balsas,2026-02-05 09:00:00,22.02,98,100.0,-7.5325,-46.0356
Balsas,2026-02-05 12:00:00,24.21,90,100.0,-7.5325,-46.0356
Balsas,2026-02-05 15:00:00,31.19,58,0.0,-7.5325,-46.0356
Balsas,2026-02-05 18:00:00,27.59,76,100.0,-7.5325,-46.0356
Balsas,2026-02-05 21:00:00,25.7,87,100.0,-7.5325,-46.0356
Balsas,2026-02-06 00:00:00,24.13,89,100.0,-7.5325,-46.0356
Balsas,2026-02-06 03:00:00,23.15,93,54.0,-7.5325,-46.0356
Balsas,2026-02-06 06:00:00,22.63,94,100.0,-7.5325,-46.0356
Balsas,2026-02-06 09:00:00,22.5,95,72.0,-7.5325,-46.0356
Gurupi,2026-02-01 12:00:00,24.76,85,21.0,-11.7292,-49.0686
Gurupi,2026-02-01 15:00:00,29.62,65,0.0,-11.7292,-49.0686
Gurupi,2026-02-01 18:00:00,30.34,65,29.0,-11.7292,-49.0686
Gurupi,2026-02-01 21:00:00,23.47,96,100.0,-11.7292,-49.0686
Gurupi,2026-02-02 00:00:00,23.61,96,100.0,-11.7292,-49.0686
Gurupi,2026-02-02 03:00:00,22.31,96,100.0,-11.7292,-49.0686
Gurupi,2026-02-02 06:00:00,21.68,95,100.0,-11.7292,-49.0686
Gurupi,2026-02-02 09:00:00,22.06,95,52.0,-11.7292,-49.0686
Gurupi,2026-02-02 12:00:00,22.7,93,36.0,-11.7292,-49.0686
Gurupi,2026-02-02 15:00:00,23.34,90,0.0,-11.7292,-49.0686
Gurupi,2026-02-02 18:00:00,23.6,88,0.0,-11.7292,-49.0686
Gurupi,2026-02-02 21:00:00,22.75,93,20.0,-11.7292,-49.0686
Gurupi,2026-02-03 00:00:00,22.26,95,0.0,-11.7292,-49.0686
Gurupi,2026-02-03 03:00:00,22.27,94,0.0,-11.7292,-49.0686
Gurupi,2026-02-03 06:00:00,22.18,92,0.0,-11.7292,-49.0686
Gurupi,2026-02-03 09:00:00,22.08,92,0.0,-11.7292,-49.0686
Gurupi,2026-02-03 12:00:00,24.7,81,0.0,-11.7292,-49.0686
Gurupi,2026-02-03 15:00:00,27.83,72,100.0,-11.7292,-49.0686
Gurupi,2026-02-03 18:00:00,27.12,77,100.0,-11.7292,-49.0686
Gurupi,2026-02-03 21:00:00,25.77,81,100.0,-11.7292,-49.0686
Gurupi,2026-02-04 00:00:00,24.36,83,96.0,-11.7292,-49.0686
Gurupi,2026-02-04 03:00:00,23.51,87,1.0,-11.7292,-49.0686
Gurupi,2026-02-04 06:00:00,22.46,94,81.0,-11.7292,-49.0686
Gurupi,2026-02-04 09:00:00,22.07,96,29.0,-11.7292,-49.0686
Gurupi,2026-02-04 12:00:00,25.17,85,100.0,-11.7292,-49.0686
Gurupi,2026-02-04 15:00:00,26.66,80,100.0,-11.7292,-49.0686
Gurupi,2026-02-04 18:00:00,27.98,75,100.0,-11.7292,-49.0686
Gurupi,2026-02-04 21:00:00,24.42,91,100.0,-11.7292,-49.0686
Gurupi,2026-02-05 00:00:00,23.56,92,80.0,-11.7292,-49.0686
Gurupi,2026-02-05 03:00:00,23.0,95,25.0,-11.7292,-49.0686
Gurupi,2026-02-05 06:00:00,22.23,96,0.0,-11.7292,-49.0686
Gurupi,2026-02-05 09:00:00,21.82,97,0.0,-11.7292,-49.0686
Gurupi,2026-02-05 12:00:00,25.67,83,0.0,-11.7292,-49.0686
Gurupi,2026-02-05 15:00:00,29.74,62,60.0,-11.7292,-49.0686
Gurupi,2026-02-05 18:00:00,31.89,52,50.0,-11.7292,-49.0686
Gurupi,2026-02-05 21:00:00,26.43,78,100.0,-11.7292,-49.0686
Gurupi,2026-02-06 00:00:00,23.91,87,76.0,-11.7292,-49.0686
Gurupi,2026-02-06 03:00:00,23.44,90,0.0,-11.7292,-49.0686
Gurupi,2026-02-06 06:00:00,23.0,92,0.0,-11.7292,-49.0686
Gurupi,2026-02-06 09:00:00,21.84,96,48.0,-11.7292,-49.0686
Uruçuí,2026-02-02 12:00:00,24.31,85,100.0,-7.2294,-44.5561
Uruçuí,2026-02-02 15:00:00,28.35,68,100.0,-7.2294,-44.5561
Uruçuí,2026-02-02 18:00:00,31.35,56,100.0,-7.2294,-44.5561
Uruçuí,2026-02-02 21:00:00,27.71,75,83.0,-7.2294,-44.5561
Uruçuí,2026-02-03 00:00:00,24.71,87,73.0,-7.2294,-44.5561
Uruçuí,2026-02-03 03:00:00,23.73,88,0.0,-7.2294,-44.5561
Uruçuí,2026-02-03 06:00:00,23.31,90,0.0,-7.2294,-44.5561
Uruçuí,2026-02-03 09:00:00,22.54,93,0.0,-7.2294,-44.5561
Uruçuí,2026-02-03 12:00:00,27.02,74,41.0,-7.2294,-44.5561
Uruçuí,2026-02-03 15:00:00,28.45,68,100.0,-7.2294,-44.5561
Uruçuí,2026-02-03 18:00:00,30.71,57,100.0,-7.2294,-44.5561
Uruçuí,2026-02-03 21:00:00,26.45,79,100.0,-7.2294,-44.5561
Uruçuí,2026-02-04 00:00:00,24.06,88,100.0,-7.2294,-44.5561
Uruçuí,2026-02-04 03:00:00,22.85,94,80.0,-7.2294,-44.5561
Uruçuí,2026-02-04 06:00:00,22.44,95,53.0,-7.2294,-44.5561
Uruçuí,2026-02-04 09:00:00,22.23,95,0.0,-7.2294,-44.5561
Uruçuí,2026-02-04 12:00:00,26.08,80,100.0,-7.2294,-44.5561
Uruçuí,2026-02-04 15:00:00,30.32,56,100.0,-7.2294,-44.5561
Uruçuí,2026-02-04 18:00:00,30.56,56,100.0,-7.2294,-44.5561
Uruçuí,2026-02-04 21:00:00,25.43,85,100.0,-7.2294,-44.5561
Uruçuí,2026-02-05 00:00:00,24.46,86,100.0,-7.2294,-44.5561
Uruçuí,2026-02-05 03:00:00,23.63,89,78.0,-7.2294,-44.5561
Uruçuí,2026-02-05 06:00:00,22.59,92,87.0,-7.2294,-44.5561
Uruçuí,2026-02-05 09:00:00,21.91,95,100.0,-7.2294,-44.5561
Uruçuí,2026-02-05 12:00:00,25.41,83,100.0,-7.2294,-44.5561
Uruçuí,2026-02-05 15:00:00,29.9,64,100.0,-7.2294,-44.5561
Uruçuí,2026-02-05 18:00:00,30.64,61,100.0,-7.2294,-44.5561
Uruçuí,2026-02-05 21:00:00,25.85,85,100.0,-7.2294,-44.5561
Uruçuí,2026-02-06 00:00:00,24.52,87,100.0,-7.2294,-44.5561
Uruçuí,2026-02-06 03:00:00,23.56,90,95.0,-7.2294,-44.5561
Uruçuí,2026-02-06 06:00:00,23.24,93,88.0,-7.2294,-44.5561
Uruçuí,2026-02-06 09:00:00,22.52,96,100.0,-7.2294,-44.5561
Uruçuí,2026-02-06 12:00:00,24.71,88,100.0,-7.2294,-44.5561
Uruçuí,2026-02-06 15:00:00,27.04,79,100.0,-7.2294,-44.5561
Uruçuí,2026-02-06 18:00:00,26.01,85,100.0,-7.2294,-44.5561
Uruçuí,2026-02-06 21:00:00,22.94,97,100.0,-7.2294,-44.5561
Uruçuí,2026-02-07 00:00:00,22.56,97,100.0,-7.2294,-44.5561
Uruçuí,2026-02-07 03:00:00,22.37,97,100.0,-7.2294,-44.5561
Uruçuí,2026-02-07 06:00:00,21.88,99,100.0,-7.2294,-44.5561
Uruçuí,2026-02-07 09:00:00,21.7,98,100.0,-7.2294,-44.5561
Barreiras,2026-02-02 12:00:00,22.81,91,0.0,-12.1528,-44.99
Barreiras,2026-02-02 15:00:00,29.58,62,0.0,-12.1528,-44.99
Barreiras,2026-02-02 18:00:00,33.48,43,0.0,-12.1528,-44.99
Barreiras,2026-02-02 21:00:00,27.21,70,1.0,-12.1528,-44.99
Barreiras,2026-02-03 00:00:00,23.3,85,83.0,-12.1528,-44.99
Barreiras,2026-02-03 03:00:00,22.08,90,100.0,-12.1528,-44.99
Barreiras,2026-02-03 06:00:00,21.16,95,100.0,-12.1528,-44.99
Barreiras,2026-02-03 09:00:00,20.81,97,100.0,-12.1528,-44.99
Barreiras,2026-02-03 12:00:00,26.67,75,80.0,-12.1528,-44.99
Barreiras,2026-02-03 15:00:00,32.98,48,100.0,-12.1528,-44.99
Barreiras,2026-02-03 18:00:00,27.04,74,100.0,-12.1528,-44.99
Barreiras,2026-02-03 21:00:00,23.67,88,82.0,-12.1528,-44.99
Barreiras,2026-02-04 00:00:00,20.85,95,99.0,-12.1528,-44.99
Barreiras,2026-02-04 03:00:00,20.7,95,97.0,-12.1528,-44.99
Barreiras,2026-02-04 06:00:00,20.61,98,100.0,-12.1528,-44.99
Barreiras,2026-02-04 09:00:00,20.24,97,20.0,-12.1528,-44.99
Barreiras,2026-02-04 12:00:00,24.44,83,0.0,-12.1528,-44.99
Barreiras,2026-02-04 15:00:00,31.92,50,0.0,-12.1528,-44.99
Barreiras,2026-02-04 18:00:00,29.5,59,0.0,-12.1528,-44.99
Barreiras,2026-02-04 21:00:00,25.96,72,56.0,-12.1528,-44.99
Barreiras,2026-02-05 00:00:00,22.17,97,100.0,-12.1528,-44.99
Barreiras,2026-02-05 03:00:00,22.11,96,78.0,-12.1528,-44.99
Barreiras,2026-02-05 06:00:00,21.81,96,0.0,-12.1528,-44.99
Barreiras,2026-02-05 09:00:00,20.92,97,0.0,-12.1528,-44.99
Barreiras,2026-02-05 12:00:00,25.66,80,35.0,-12.1528,-44.99
Barreiras,2026-02-05 15:00:00,31.91,50,100.0,-12.1528,-44.99
Barreiras,2026-02-05 18:00:00,32.84,44,80.0,-12.1528,-44.99
Barreiras,2026-02-05 21:00:00,27.42,68,0.0,-12.1528,-44.99
Barreiras,2026-02-06 00:00:00,23.32,87,79.0,-12.1528,-44.99
Barreiras,2026-02-06 03:00:00,22.5,92,96.0,-12.1528,-44.99
Barreiras,2026-02-06 06:00:00,20.97,97,100.0,-12.1528,-44.99
Barreiras,2026-02-06 09:00:00,20.49,99,100.0,-12.1528,-44.99
Barreiras,2026-02-06 12:00:00,25.06,86,100.0,-12.1528,-44.99
Barreiras,2026-02-06 15:00:00,29.04,65,100.0,-12.1528,-44.99
Barreiras,2026-02-06 18:00:00,32.03,47,100.0,-12.1528,-44.99
Barreiras,2026-02-06 21:00:00,27.27,73,0.0,-12.1528,-44.99
Barreiras,2026-02-07 00:00:00,23.96,83,29.0,-12.1528,-44.99
Barreiras,2026-02-07 03:00:00,22.46,88,0.0,-12.1528,-44.99
Barreiras,2026-02-07 06:00:00,20.48,97,94.0,-12.1528,-44.99
Barreiras,2026-02-07 09:00:00,19.93,99,100.0,-12.1528,-44.99
Balsas,2026-02-02 12:00:00,25.06,78,0.0,-7.5325,-46.0356
Balsas,2026-02-02 15:00:00,28.06,69,100.0,-7.5325,-46.0356
Balsas,2026-02-02 18:00:00,32.24,51,100.0,-7.5325,-46.0356
Balsas,2026-02-02 21:00:00,26.23,79,100.0,-7.5325,-46.0356
Balsas,2026-02-03 00:00:00,24.33,90,100.0,-7.5325,-46.0356
Balsas,2026-02-03 03:00:00,23.08,95,100.0,-7.5325,-46.0356
Balsas,2026-02-03 06:00:00,22.45,95,100.0,-7.5325,-46.0356
Balsas,2026-02-03 09:00:00,21.76,96,0.0,-7.5325,-46.0356
Balsas,2026-02-03 12:00:00,25.86,78,20.0,-7.5325,-46.0356
Balsas,2026-02-03 15:00:00,29.85,59,100.0,-7.5325,-46.0356
Balsas,2026-02-03 18:00:00,27.51,75,100.0,-7.5325,-46.0356
Balsas,2026-02-03 21:00:00,25.23,88,100.0,-7.5325,-46.0356
Balsas,2026-02-04 00:00:00,23.58,92,80.0,-7.5325,-46.0356
Balsas,2026-02-04 03:00:00,23.03,94,100.0,-7.5325,-46.0356
Balsas,2026-02-04 06:00:00,22.01,96,100.0,-7.5325,-46.0356
Balsas,2026-02-04 09:00:00,21.67,97,71.0,-7.5325,-46.0356
Balsas,2026-02-04 12:00:00,25.54,81,39.0,-7.5325,-46.0356
Balsas,2026-02-04 15:00:00,30.88,56,64.0,-7.5325,-46.0356
Balsas,2026-02-04 18:00:00,31.66,51,100.0,-7.5325,-46.0356
Balsas,2026-02-04 21:00:00,28.12,69,1.0,-7.5325,-46.0356
Balsas,2026-02-05 00:00:00,25.61,77,0.0,-7.5325,-46.0356
Balsas,2026-02-05 03:00:00,23.49,91,100.0,-7.5325,-46.0356
Balsas,2026-02-05 06:00:00,23.02,92,100.0,-7.5325,-46.0356
Balsas,2026-02-05 09:00:00,22.7,94,24.0,-7.5325,-46.0356
Balsas,2026-02-05 12:00:00,25.74,81,100.0,-7.5325,-46.0356
Balsas,2026-02-05 15:00:00,30.26,58,100.0,-7.5325,-46.0356
Balsas,2026-02-05 18:00:00,29.66,63,100.0,-7.5325,-46.0356
Balsas,2026-02-05 21:00:00,25.99,84,100.0,-7.5325,-46.0356
Balsas,2026-02-06 00:00:00,24.17,90,100.0,-7.5325,-46.0356
Balsas,2026-02-06 03:00:00,22.76,96,100.0,-7.5325,-46.0356
Balsas,2026-02-06 06:00:00,22.36,95,100.0,-7.5325,-46.0356
Balsas,2026-02-06 09:00:00,21.59,96,100.0,-7.5325,-46.0356
Balsas,2026-02-06 12:00:00,22.3,94,100.0,-7.5325,-46.0356
Balsas,2026-02-06 15:00:00,28.26,67,26.0,-7.5325,-46.0356
Balsas,2026-02-06 18:00:00,26.5,80,100.0,-7.5325,-46.0356
Balsas,2026-02-06 21:00:00,23.02,97,100.0,-7.5325,-46.0356
Balsas,2026-02-07 00:00:00,22.56,97,100.0,-7.5325,-46.0356
Balsas,2026-02-07 03:00:00,22.08,98,78.0,-7.5325,-46.0356
Balsas,2026-02-07 06:00:00,21.85,98,71.0,-7.5325,-46.0356
Balsas,2026-02-07 09:00:00,21.66,97,48.0,-7.5325,-46.0356
Gurupi,2026-02-02 12:00:00,24.05,89,68.0,-11.7292,-49.0686
Gurupi,2026-02-02 15:00:00,28.34,69,50.0,-11.7292,-49.0686
Gurupi,2026-02-02 18:00:00,32.38,54,51.0,-11.7292,-49.0686
Gurupi,2026-02-02 21:00:00,25.63,86,100.0,-11.7292,-49.0686
Gurupi,2026-02-03 00:00:00,22.37,94,100.0,-11.7292,-49.0686
Gurupi,2026-02-03 03:00:00,22.4,98,100.0,-11.7292,-49.0686
Gurupi,2026-02-03 06:00:00,22.3,98,100.0,-11.7292,-49.0686
Gurupi,2026-02-03 09:00:00,21.89,97,100.0,-11.7292,-49.0686
Gurupi,2026-02-03 12:00:00,22.38,96,100.0,-11.7292,-49.0686
Gurupi,2026-02-03 15:00:00,28.7,68,0.0,-11.7292,-49.0686
Gurupi,2026-02-03 18:00:00,27.58,78,100.0,-11.7292,-49.0686
Gurupi,2026-02-03 21:00:00,25.38,87,100.0,-11.7292,-49.0686
Gurupi,2026-02-04 00:00:00,23.25,92,100.0,-11.7292,-49.0686
Gurupi,2026-02-04 03:00:00,22.61,95,0.0,-11.7292,-49.0686
Gurupi,2026-02-04 06:00:00,22.02,97,0.0,-11.7292,-49.0686
Gurupi,2026-02-04 09:00:00,21.79,97,0.0,-11.7292,-49.0686
Gurupi,2026-02-04 12:00:00,24.47,87,0.0,-11.7292,-49.0686
Gurupi,2026-02-04 15:00:00,28.51,68,37.0,-11.7292,-49.0686
Gurupi,2026-02-04 18:00:00,29.09,65,100.0,-11.7292,-49.0686
Gurupi,2026-02-04 21:00:00,25.07,88,100.0,-11.7292,-49.0686
Gurupi,2026-02-05 00:00:00,23.29,94,80.0,-11.7292,-49.0686
Gurupi,2026-02-05 03:00:00,22.85,94,0.0,-11.7292,-49.0686
Gurupi,2026-02-05 06:00:00,22.2,95,0.0,-11.7292,-49.0686
Gurupi,2026-02-05 09:00:00,22.07,95,0.0,-11.7292,-49.0686
Gurupi,2026-02-05 12:00:00,26.7,76,0.0,-11.7292,-49.0686
Gurupi,2026-02-05 15:00:00,28.51,69,100.0,-11.7292,-49.0686
Gurupi,2026-02-05 18:00:00,29.9,63,100.0,-11.7292,-49.0686
Gurupi,2026-02-05 21:00:00,26.28,83,100.0,-11.7292,-49.0686
Gurupi,2026-02-06 00:00:00,23.55,94,100.0,-11.7292,-49.0686
Gurupi,2026-02-06 03:00:00,23.22,94,0.0,-11.7292,-49.0686
Gurupi,2026-02-06 06:00:00,22.25,97,0.0,-11.7292,-49.0686
Gurupi,2026-02-06 09:00:00,21.81,97,0.0,-11.7292,-49.0686
Gurupi,2026-02-06 12:00:00,25.87,81,0.0,-11.7292,-49.0686
Gurupi,2026-02-06 15:00:00,29.22,66,100.0,-11.7292,-49.0686
Gurupi,2026-02-06 18:00:00,28.52,71,100.0,-11.7292,-49.0686
Gurupi,2026-02-06 21:00:00,26.42,82,70.0,-11.7292,-49.0686
Gurupi,2026-02-07 00:00:00,23.3,90,87.0,-11.7292,-49.0686
Gurupi,2026-02-07 03:00:00,22.94,90,79.0,-11.7292,-49.0686
Gurupi,2026-02-07 06:00:00,22.41,94,95.0,-11.7292,-49.0686
Gurupi,2026-02-07 09:00:00,22.38,94,100.0,-11.7292,-49.0686
Uruçuí,2026-02-03 12:00:00,23.59,88,0.0,-7.2294,-44.5561
Uruçuí,2026-02-03 15:00:00,27.8,69,100.0,-7.2294,-44.5561
Uruçuí,2026-02-03 18:00:00,30.71,55,80.0,-7.2294,-44.5561
Uruçuí,2026-02-03 21:00:00,28.22,67,0.0,-7.2294,-44.5561
Uruçuí,2026-02-04 00:00:00,26.26,72,0.0,-7.2294,-44.5561
Uruçuí,2026-02-04 03:00:00,25.11,79,0.0,-7.2294,-44.5561
Uruçuí,2026-02-04 06:00:00,23.19,87,0.0,-7.2294,-44.5561
Uruçuí,2026-02-04 09:00:00,22.42,91,0.0,-7.2294,-44.5561
Uruçuí,2026-02-04 12:00:00,27.68,69,0.0,-7.2294,-44.5561
Uruçuí,2026-02-04 15:00:00,32.96,50,79.0,-7.2294,-44.5561
Uruçuí,2026-02-04 18:00:00,30.89,55,72.0,-7.2294,-44.5561
Uruçuí,2026-02-04 21:00:00,27.09,74,81.0,-7.2294,-44.5561
Uruçuí,2026-02-05 00:00:00,25.07,82,70.0,-7.2294,-44.5561
Uruçuí,2026-02-05 03:00:00,23.59,90,100.0,-7.2294,-44.5561
Uruçuí,2026-02-05 06:00:00,23.2,90,100.0,-7.2294,-44.5561
Uruçuí,2026-02-05 09:00:00,22.76,92,82.0,-7.2294,-44.5561
Uruçuí,2026-02-05 12:00:00,25.99,80,76.0,-7.2294,-44.5561
Uruçuí,2026-02-05 15:00:00,30.64,59,100.0,-7.2294,-44.5561
Uruçuí,2026-02-05 18:00:00,29.68,66,100.0,-7.2294,-44.5561
Uruçuí,2026-02-05 21:00:00,26.0,83,100.0,-7.2294,-44.5561
Uruçuí,2026-02-06 00:00:00,24.61,86,80.0,-7.2294,-44.5561
Uruçuí,2026-02-06 03:00:00,23.63,90,8.0,-7.2294,-44.5561
Uruçuí,2026-02-06 06:00:00,22.93,93,37.0,-7.2294,-44.5561
Uruçuí,2026-02-06 09:00:00,22.28,95,43.0,-7.2294,-44.5561
Uruçuí,2026-02-06 12:00:00,26.73,74,27.0,-7.2294,-44.5561
Uruçuí,2026-02-06 15:00:00,30.39,57,20.0,-7.2294,-44.5561
Uruçuí,2026-02-06 18:00:00,28.1,74,100.0,-7.2294,-44.5561
Uruçuí,2026-02-06 21:00:00,23.22,96,100.0,-7.2294,-44.5561
Uruçuí,2026-02-07 00:00:00,23.02,98,100.0,-7.2294,-44.5561
Uruçuí,2026-02-07 03:00:00,22.31,98,100.0,-7.2294,-44.5561
Uruçuí,2026-02-07 06:00:00,21.7,95,99.0,-7.2294,-44.5561
Uruçuí,2026-02-07 09:00:00,21.69,96,0.0,-7.2294,-44.5561
Uruçuí,2026-02-07 12:00:00,22.81,92,0.0,-7.2294,-44.5561
Uruçuí,2026-02-07 15:00:00,23.72,89,100.0,-7.2294,-44.5561
Uruçuí,2026-02-07 18:00:00,23.93,86,99.0,-7.2294,-44.5561
Uruçuí,2026-02-07 21:00:00,23.01,91,0.0,-7.2294,-44.5561
Uruçuí,2026-02-08 00:00:00,22.64,92,0.0,-7.2294,-44.5561
Uruçuí,2026-02-08 03:00:00,22.47,92,0.0,-7.2294,-44.5561
Uruçuí,2026-02-08 06:00:00,22.2,92,0.0,-7.2294,-44.5561
Uruçuí,2026-02-08 09:00:00,21.81,94,38.0,-7.2294,-44.5561
Barreiras,2026-02-03 12:00:00,22.68,90,100.0,-12.1528,-44.99
Barreiras,2026-02-03 15:00:00,25.59,82,100.0,-12.1528,-44.99
Barreiras,2026-02-03 18:00:00,29.86,60,100.0,-12.1528,-44.99
Barreiras,2026-02-03 21:00:00,24.07,91,100.0,-12.1528,-44.99
Barreiras,2026-02-04 00:00:00,23.18,91,100.0,-12.1528,-44.99
Barreiras,2026-02-04 03:00:00,22.76,93,1.0,-12.1528,-44.99
Barreiras,2026-02-04 06:00:00,21.35,97,69.0,-12.1528,-44.99
Barreiras,2026-02-04 09:00:00,20.87,97,28.0,-12.1528,-44.99
Barreiras,2026-02-04 12:00:00,26.4,75,10.0,-12.1528,-44.99
Barreiras,2026-02-04 15:00:00,32.38,50,0.0,-12.1528,-44.99
Barreiras,2026-02-04 18:00:00,31.86,48,0.0,-12.1528,-44.99
Barreiras,2026-02-04 21:00:00,28.19,66,20.0,-12.1528,-44.99
Barreiras,2026-02-05 00:00:00,22.08,95,100.0,-12.1528,-44.99
Barreiras,2026-02-05 03:00:00,22.25,95,46.0,-12.1528,-44.99
Barreiras,2026-02-05 06:00:00,22.04,94,22.0,-12.1528,-44.99
Barreiras,2026-02-05 09:00:00,21.83,93,0.0,-12.1528,-44.99
Barreiras,2026-02-05 12:00:00,25.4,81,99.0,-12.1528,-44.99
Barreiras,2026-02-05 15:00:00,30.22,59,92.0,-12.1528,-44.99
Barreiras,2026-02-05 18:00:00,32.23,46,83.0,-12.1528,-44.99
Barreiras,2026-02-05 21:00:00,28.15,65,2.0,-12.1528,-44.99
Barreiras,2026-02-06 00:00:00,23.28,83,32.0,-12.1528,-44.99
Barreiras,2026-02-06 03:00:00,21.8,92,69.0,-12.1528,-44.99
Barreiras,2026-02-06 06:00:00,20.54,98,100.0,-12.1528,-44.99
Barreiras,2026-02-06 09:00:00,20.28,98,100.0,-12.1528,-44.99
Barreiras,2026-02-06 12:00:00,25.33,83,100.0,-12.1528,-44.99
Barreiras,2026-02-06 15:00:00,30.67,52,100.0,-12.1528,-44.99
Barreiras,2026-02-06 18:00:00,32.27,45,80.0,-12.1528,-44.99
Barreiras,2026-02-06 21:00:00,28.39,64,0.0,-12.1528,-44.99
Barreiras,2026-02-07 00:00:00,24.11,76,52.0,-12.1528,-44.99
Barreiras,2026-02-07 03:00:00,22.2,91,100.0,-12.1528,-44.99
Barreiras,2026-02-07 06:00:00,20.56,99,100.0,-12.1528,-44.99
Barreiras,2026-02-07 09:00:00,20.27,98,100.0,-12.1528,-44.99
Barreiras,2026-02-07 12:00:00,24.6,82,91.0,-12.1528,-44.99
Barreiras,2026-02-07 15:00:00,27.89,69,100.0,-12.1528,-44.99
Barreiras,2026-02-07 18:00:00,30.17,56,100.0,-12.1528,-44.99
Barreiras,2026-02-07 21:00:00,25.65,79,85.0,-12.1528,-44.99
Barreiras,2026-02-08 00:00:00,22.21,90,49.0,-12.1528,-44.99
Barreiras,2026-02-08 03:00:00,21.28,94,51.0,-12.1528,-44.99
Barreiras,2026-02-08 06:00:00,20.14,98,88.0,-12.1528,-44.99
Barreiras,2026-02-08 09:00:00,19.85,98,0.0,-12.1528,-44.99
Balsas,2026-02-03 12:00:00,23.02,90,22.0,-7.5325,-46.0356
Balsas,2026-02-03 15:00:00,27.38,70,100.0,-7.5325,-46.0356
Balsas,2026-02-03 18:00:00,29.24,63,100.0,-7.5325,-46.0356
Balsas,2026-02-03 21:00:00,26.02,81,100.0,-7.5325,-46.0356
Balsas,2026-02-04 00:00:00,23.41,91,100.0,-7.5325,-46.0356
Balsas,2026-02-04 03:00:00,22.66,94,0.0,-7.5325,-46.0356
Balsas,2026-02-04 06:00:00,21.79,94,0.0,-7.5325,-46.0356
Balsas,2026-02-04 09:00:00,20.98,95,0.0,-7.5325,-46.0356
Balsas,2026-02-04 12:00:00,26.85,71,0.0,-7.5325,-46.0356
Balsas,2026-02-04 15:00:00,31.75,52,0.0,-7.5325,-46.0356
Balsas,2026-02-04 18:00:00,32.78,44,0.0,-7.5325,-46.0356
Balsas,2026-02-04 21:00:00,27.87,69,0.0,-7.5325,-46.0356
Balsas,2026-02-05 00:00:00,26.85,72,20.0,-7.5325,-46.0356
Balsas,2026-02-05 03:00:00,24.07,84,95.0,-7.5325,-46.0356
Balsas,2026-02-05 06:00:00,22.64,92,100.0,-7.5325,-46.0356
Balsas,2026-02-05 09:00:00,22.7,91,0.0,-7.5325,-46.0356
Balsas,2026-02-05 12:00:00,26.44,76,20.0,-7.5325,-46.0356
Balsas,2026-02-05 15:00:00,28.95,65,100.0,-7.5325,-46.0356
Balsas,2026-02-05 18:00:00,28.55,69,100.0,-7.5325,-46.0356
Balsas,2026-02-05 21:00:00,25.89,84,100.0,-7.5325,-46.0356
Balsas,2026-02-06 00:00:00,24.11,88,100.0,-7.5325,-46.0356
Balsas,2026-02-06 03:00:00,23.88,89,53.0,-7.5325,-46.0356
Balsas,2026-02-06 06:00:00,23.04,91,33.0,-7.5325,-46.0356
Balsas,2026-02-06 09:00:00,21.12,96,100.0,-7.5325,-46.0356
Balsas,2026-02-06 12:00:00,25.66,81,100.0,-7.5325,-46.0356
Balsas,2026-02-06 15:00:00,29.89,63,100.0,-7.5325,-46.0356
Balsas,2026-02-06 18:00:00,29.86,65,100.0,-7.5325,-46.0356
Balsas,2026-02-06 21:00:00,25.52,84,100.0,-7.5325,-46.0356
Balsas,2026-02-07 00:00:00,22.71,98,100.0,-7.5325,-46.0356
Balsas,2026-02-07 03:00:00,22.33,99,100.0,-7.5325,-46.0356
Balsas,2026-02-07 06:00:00,22.12,98,100.0,-7.5325,-46.0356
Balsas,2026-02-07 09:00:00,21.09,98,100.0,-7.5325,-46.0356
Balsas,2026-02-07 12:00:00,21.45,94,100.0,-7.5325,-46.0356
Balsas,2026-02-07 15:00:00,23.02,87,27.0,-7.5325,-46.0356
Balsas,2026-02-07 18:00:00,23.8,83,1.0,-7.5325,-46.0356
Balsas,2026-02-07 21:00:00,22.96,89,0.0,-7.5325,-46.0356
Balsas,2026-02-08 00:00:00,22.02,91,0.0,-7.5325,-46.0356
Balsas,2026-02-08 03:00:00,21.79,92,0.0,-7.5325,-46.0356
Balsas,2026-02-08 06:00:00,22.01,92,0.0,-7.5325,-46.0356
Balsas,2026-02-08 09:00:00,22.0,91,28.0,-7.5325,-46.0356
Gurupi,2026-02-03 12:00:00,22.38,96,100.0,-11.7292,-49.0686
Gurupi,2026-02-03 15:00:00,23.72,88,0.0,-11.7292,-49.0686
Gurupi,2026-02-03 18:00:00,27.59,69,0.0,-11.7292,-49.0686
Gurupi,2026-02-03 21:00:00,24.49,86,0.0,-11.7292,-49.0686
Gurupi,2026-02-04 00:00:00,22.88,89,0.0,-11.7292,-49.0686
Gurupi,2026-02-04 03:00:00,21.99,94,0.0,-11.7292,-49.0686
Gurupi,2026-02-04 06:00:00,21.43,96,0.0,-11.7292,-49.0686
Gurupi,2026-02-04 09:00:00,21.06,95,0.0,-11.7292,-49.0686
Gurupi,2026-02-04 12:00:00,25.84,79,0.0,-11.7292,-49.0686
Gurupi,2026-02-04 15:00:00,30.07,64,52.0,-11.7292,-49.0686
Gurupi,2026-02-04 18:00:00,30.1,62,81.0,-11.7292,-49.0686
Gurupi,2026-02-04 21:00:00,27.16,80,100.0,-11.7292,-49.0686
Gurupi,2026-02-05 00:00:00,24.05,88,99.0,-11.7292,-49.0686
Gurupi,2026-02-05 03:00:00,23.01,91,9.0,-11.7292,-49.0686
Gurupi,2026-02-05 06:00:00,22.45,92,38.0,-11.7292,-49.0686
Gurupi,2026-02-05 09:00:00,21.74,96,24.0,-11.7292,-49.0686
Gurupi,2026-02-05 12:00:00,24.06,88,5.0,-11.7292,-49.0686
Gurupi,2026-02-05 15:00:00,29.76,65,53.0,-11.7292,-49.0686
Gurupi,2026-02-05 18:00:00,29.38,67,100.0,-11.7292,-49.0686
Gurupi,2026-02-05 21:00:00,27.16,80,59.0,-11.7292,-49.0686
Gurupi,2026-02-06 00:00:00,23.45,92,100.0,-11.7292,-49.0686
Gurupi,2026-02-06 03:00:00,22.52,96,60.0,-11.7292,-49.0686
Gurupi,2026-02-06 06:00:00,21.84,94,100.0,-11.7292,-49.0686
Gurupi,2026-02-06 09:00:00,22.17,92,85.0,-11.7292,-49.0686
Gurupi,2026-02-06 12:00:00,25.9,79,65.0,-11.7292,-49.0686
Gurupi,2026-02-06 15:00:00,29.51,64,41.0,-11.7292,-49.0686
Gurupi,2026-02-06 18:00:00,29.89,64,79.0,-11.7292,-49.0686
Gurupi,2026-02-06 21:00:00,26.13,85,100.0,-11.7292,-49.0686
Gurupi,2026-02-07 00:00:00,23.43,92,100.0,-11.7292,-49.0686
Gurupi,2026-02-07 03:00:00,23.35,92,39.0,-11.7292,-49.0686
Gurupi,2026-02-07 06:00:00,22.61,94,0.0,-11.7292,-49.0686
Gurupi,2026-02-07 09:00:00,21.92,96,77.0,-11.7292,-49.0686
Gurupi,2026-02-07 12:00:00,25.28,85,100.0,-11.7292,-49.0686
Gurupi,2026-02-07 15:00:00,27.44,78,100.0,-11.7292,-49.0686
Gurupi,2026-02-07 18:00:00,27.04,81,100.0,-11.7292,-49.0686
Gurupi,2026-02-07 21:00:00,25.54,88,100.0,-11.7292,-49.0686
Gurupi,2026-02-08 00:00:00,23.66,92,80.0,-11.7292,-49.0686
Gurupi,2026-02-08 03:00:00,23.14,93,24.0,-11.7292,-49.0686
Gurupi,2026-02-08 06:00:00,22.6,93,35.0,-11.7292,-49.0686
Gurupi,2026-02-08 09:00:00,21.9,96,11.0,-11.7292,-49.0686
Uruçuí,2026-02-04 12:00:00,24.92,78,0.0,-7.2294,-44.5561
Uruçuí,2026-02-04 15:00:00,30.42,58,19.0,-7.2294,-44.5561
Uruçuí,2026-02-04 18:00:00,31.07,52,8.0,-7.2294,-44.5561
Uruçuí,2026-02-04 21:00:00,28.57,61,0.0,-7.2294,-44.5561
Uruçuí,2026-02-05 00:00:00,26.77,66,0.0,-7.2294,-44.5561
Uruçuí,2026-02-05 03:00:00,26.39,69,22.0,-7.2294,-44.5561
Uruçuí,2026-02-05 06:00:00,24.76,77,30.0,-7.2294,-44.5561
Uruçuí,2026-02-05 09:00:00,22.71,90,96.0,-7.2294,-44.5561
Uruçuí,2026-02-05 12:00:00,28.19,68,77.0,-7.2294,-44.5561
Uruçuí,2026-02-05 15:00:00,34.22,44,100.0,-7.2294,-44.5561
Uruçuí,2026-02-05 18:00:00,27.87,72,100.0,-7.2294,-44.5561
Uruçuí,2026-02-05 21:00:00,26.76,75,96.0,-7.2294,-44.5561
Uruçuí,2026-02-06 00:00:00,24.82,85,100.0,-7.2294,-44.5561
Uruçuí,2026-02-06 03:00:00,23.34,92,93.0,-7.2294,-44.5561
Uruçuí,2026-02-06 06:00:00,22.5,96,100.0,-7.2294,-44.5561
Uruçuí,2026-02-06 09:00:00,22.07,97,79.0,-7.2294,-44.5561
Uruçuí,2026-02-06 12:00:00,24.19,87,84.0,-7.2294,-44.5561
Uruçuí,2026-02-06 15:00:00,26.22,80,100.0,-7.2294,-44.5561
Uruçuí,2026-02-06 18:00:00,28.87,65,100.0,-7.2294,-44.5561
Uruçuí,2026-02-06 21:00:00,26.4,78,65.0,-7.2294,-44.5561
Uruçuí,2026-02-07 00:00:00,23.7,89,39.0,-7.2294,-44.5561
Uruçuí,2026-02-07 03:00:00,22.87,92,46.0,-7.2294,-44.5561
Uruçuí,2026-02-07 06:00:00,22.75,91,75.0,-7.2294,-44.5561
Uruçuí,2026-02-07 09:00:00,21.71,95,28.0,-7.2294,-44.5561
Uruçuí,2026-02-07 12:00:00,26.09,75,18.0,-7.2294,-44.5561
Uruçuí,2026-02-07 15:00:00,28.6,70,100.0,-7.2294,-44.5561
Uruçuí,2026-02-07 18:00:00,28.67,69,100.0,-7.2294,-44.5561
Uruçuí,2026-02-07 21:00:00,24.26,88,100.0,-7.2294,-44.5561
Uruçuí,2026-02-08 00:00:00,22.66,94,100.0,-7.2294,-44.5561
Uruçuí,2026-02-08 03:00:00,22.2,97,100.0,-7.2294,-44.5561
Uruçuí,2026-02-08 06:00:00,22.05,98,100.0,-7.2294,-44.5561
Uruçuí,2026-02-08 09:00:00,21.88,98,100.0,-7.2294,-44.5561
Uruçuí,2026-02-08 12:00:00,22.59,94,100.0,-7.2294,-44.5561
Uruçuí,2026-02-08 15:00:00,23.51,87,5.0,-7.2294,-44.5561
Uruçuí,2026-02-08 18:00:00,28.39,60,7.0,-7.2294,-44.5561
Uruçuí,2026-02-08 21:00:00,25.23,74,11.0,-7.2294,-44.5561
Uruçuí,2026-02-09 00:00:00,22.4,88,3.0,-7.2294,-44.5561
Uruçuí,2026-02-09 03:00:00,21.7,89,0.0,-7.2294,-44.5561
Uruçuí,2026-02-09 06:00:00,21.31,88,0.0,-7.2294,-44.5561
Uruçuí,2026-02-09 09:00:00,20.82,89,0.0,-7.2294,-44.5561
Barreiras,2026-02-04 12:00:00,21.65,89,0.0,-12.1528,-44.99
Barreiras,2026-02-04 15:00:00,27.11,67,0.0,-12.1528,-44.99
Barreiras,2026-02-04 18:00:00,32.75,44,0.0,-12.1528,-44.99
Barreiras,2026-02-04 21:00:00,27.29,71,0.0,-12.1528,-44.99
Barreiras,2026-02-05 00:00:00,25.15,74,0.0,-12.1528,-44.99
Barreiras,2026-02-05 03:00:00,23.51,80,0.0,-12.1528,-44.99
Barreiras,2026-02-05 06:00:00,23.0,82,0.0,-12.1528,-44.99
Barreiras,2026-02-05 09:00:00,22.63,83,0.0,-12.1528,-44.99
Barreiras,2026-02-05 12:00:00,28.28,64,0.0,-12.1528,-44.99
Barreiras,2026-02-05 15:00:00,33.92,46,86.0,-12.1528,-44.99
Barreiras,2026-02-05 18:00:00,31.07,53,30.0,-12.1528,-44.99
Barreiras,2026-02-05 21:00:00,28.37,67,0.0,-12.1528,-44.99
Barreiras,2026-02-06 00:00:00,25.46,73,0.0,-12.1528,-44.99
Barreiras,2026-02-06 03:00:00,24.36,76,0.0,-12.1528,-44.99
Barreiras,2026-02-06 06:00:00,21.56,92,100.0,-12.1528,-44.99
Barreiras,2026-02-06 09:00:00,20.8,96,100.0,-12.1528,-44.99
Barreiras,2026-02-06 12:00:00,26.63,77,100.0,-12.1528,-44.99
Barreiras,2026-02-06 15:00:00,31.05,49,100.0,-12.1528,-44.99
Barreiras,2026-02-06 18:00:00,31.9,47,80.0,-12.1528,-44.99
Barreiras,2026-02-06 21:00:00,27.88,70,23.0,-12.1528,-44.99
Barreiras,2026-02-07 00:00:00,23.37,90,100.0,-12.1528,-44.99
Barreiras,2026-02-07 03:00:00,22.27,95,100.0,-12.1528,-44.99
Barreiras,2026-02-07 06:00:00,21.34,96,100.0,-12.1528,-44.99
Barreiras,2026-02-07 09:00:00,20.44,98,100.0,-12.1528,-44.99
Barreiras,2026-02-07 12:00:00,25.06,84,100.0,-12.1528,-44.99
Barreiras,2026-02-07 15:00:00,29.33,58,100.0,-12.1528,-44.99
Barreiras,2026-02-07 18:00:00,30.72,51,100.0,-12.1528,-44.99
Barreiras,2026-02-07 21:00:00,27.06,74,0.0,-12.1528,-44.99
Barreiras,2026-02-08 00:00:00,23.46,81,0.0,-12.1528,-44.99
Barreiras,2026-02-08 03:00:00,21.95,88,63.0,-12.1528,-44.99
Barreiras,2026-02-08 06:00:00,20.57,95,74.0,-12.1528,-44.99
Barreiras,2026-02-08 09:00:00,20.03,97,78.0,-12.1528,-44.99
Barreiras,2026-02-08 12:00:00,24.42,83,94.0,-12.1528,-44.99
Barreiras,2026-02-08 15:00:00,28.42,68,100.0,-12.1528,-44.99
Barreiras,2026-02-08 18:00:00,26.35,82,100.0,-12.1528,-44.99
Barreiras,2026-02-08 21:00:00,24.19,89,100.0,-12.1528,-44.99
Barreiras,2026-02-09 00:00:00,21.93,92,100.0,-12.1528,-44.99
Barreiras,2026-02-09 03:00:00,21.26,95,4.0,-12.1528,-44.99
Barreiras,2026-02-09 06:00:00,20.31,98,97.0,-12.1528,-44.99
Barreiras,2026-02-09 09:00:00,20.22,99,100.0,-12.1528,-44.99
Balsas,2026-02-04 12:00:00,23.93,83,0.0,-7.5325,-46.0356
Balsas,2026-02-04 15:00:00,29.82,60,0.0,-7.5325,-46.0356
Balsas,2026-02-04 18:00:00,34.57,39,0.0,-7.5325,-46.0356
Balsas,2026-02-04 21:00:00,27.75,70,0.0,-7.5325,-46.0356
Balsas,2026-02-05 00:00:00,26.44,77,20.0,-7.5325,-46.0356
Balsas,2026-02-05 03:00:00,25.31,81,0.0,-7.5325,-46.0356
Balsas,2026-02-05 06:00:00,24.57,82,0.0,-7.5325,-46.0356
Balsas,2026-02-05 09:00:00,23.8,84,4.0,-7.5325,-46.0356
Balsas,2026-02-05 12:00:00,27.56,73,100.0,-7.5325,-46.0356
Balsas,2026-02-05 15:00:00,33.85,45,56.0,-7.5325,-46.0356
Balsas,2026-02-05 18:00:00,28.3,70,100.0,-7.5325,-46.0356
Balsas,2026-02-05 21:00:00,26.67,79,100.0,-7.5325,-46.0356
Balsas,2026-02-06 00:00:00,22.87,91,100.0,-7.5325,-46.0356
Balsas,2026-02-06 03:00:00,23.02,93,41.0,-7.5325,-46.0356
Balsas,2026-02-06 06:00:00,21.72,96,100.0,-7.5325,-46.0356
Balsas,2026-02-06 09:00:00,21.07,93,100.0,-7.5325,-46.0356
Balsas,2026-02-06 12:00:00,24.34,84,100.0,-7.5325,-46.0356
Balsas,2026-02-06 15:00:00,28.32,64,53.0,-7.5325,-46.0356
Balsas,2026-02-06 18:00:00,27.58,65,60.0,-7.5325,-46.0356
Balsas,2026-02-06 21:00:00,26.77,73,31.0,-7.5325,-46.0356
Balsas,2026-02-07 00:00:00,24.16,76,0.0,-7.5325,-46.0356
Balsas,2026-02-07 03:00:00,22.35,91,100.0,-7.5325,-46.0356
Balsas,2026-02-07 06:00:00,21.57,97,100.0,-7.5325,-46.0356
Balsas,2026-02-07 09:00:00,21.45,96,49.0,-7.5325,-46.0356
Balsas,2026-02-07 12:00:00,25.22,82,46.0,-7.5325,-46.0356
Balsas,2026-02-07 15:00:00,28.22,71,100.0,-7.5325,-46.0356
Balsas,2026-02-07 18:00:00,29.02,67,100.0,-7.5325,-46.0356
Balsas,2026-02-07 21:00:00,24.78,88,100.0,-7.5325,-46.0356
Balsas,2026-02-08 00:00:00,23.05,94,100.0,-7.5325,-46.0356
Balsas,2026-02-08 03:00:00,22.17,97,100.0,-7.5325,-46.0356
Balsas,2026-02-08 06:00:00,21.6,98,100.0,-7.5325,-46.0356
Balsas,2026-02-08 09:00:00,21.67,98,100.0,-7.5325,-46.0356
Balsas,2026-02-08 12:00:00,23.2,91,80.0,-7.5325,-46.0356
Balsas,2026-02-08 15:00:00,23.77,85,35.0,-7.5325,-46.0356
Balsas,2026-02-08 18:00:00,24.76,78,17.0,-7.5325,-46.0356
Balsas,2026-02-08 21:00:00,22.86,90,20.0,-7.5325,-46.0356
Balsas,2026-02-09 00:00:00,21.57,93,0.0,-7.5325,-46.0356
Balsas,2026-02-09 03:00:00,21.01,91,0.0,-7.5325,-46.0356
Balsas,2026-02-09 06:00:00,20.35,93,0.0,-7.5325,-46.0356
Balsas,2026-02-09 09:00:00,20.12,92,0.0,-7.5325,-46.0356
Gurupi,2026-02-04 12:00:00,22.81,88,0.0,-11.7292,-49.0686
Gurupi,2026-02-04 15:00:00,27.22,72,0.0,-11.7292,-49.0686
Gurupi,2026-02-04 18:00:00,30.14,59,0.0,-11.7292,-49.0686
Gurupi,2026-02-04 21:00:00,27.93,75,0.0,-11.7292,-49.0686
Gurupi,2026-02-05 00:00:00,25.51,71,0.0,-11.7292,-49.0686
Gurupi,2026-02-05 03:00:00,25.04,70,0.0,-11.7292,-49.0686
Gurupi,2026-02-05 06:00:00,23.84,76,0.0,-11.7292,-49.0686
Gurupi,2026-02-05 09:00:00,22.34,86,0.0,-11.7292,-49.0686
Gurupi,2026-02-05 12:00:00,26.72,75,0.0,-11.7292,-49.0686
Gurupi,2026-02-05 15:00:00,31.77,57,0.0,-11.7292,-49.0686
Gurupi,2026-02-05 18:00:00,32.68,49,0.0,-11.7292,-49.0686
Gurupi,2026-02-05 21:00:00,27.57,74,0.0,-11.7292,-49.0686
Gurupi,2026-02-06 00:00:00,24.45,88,68.0,-11.7292,-49.0686
Gurupi,2026-02-06 03:00:00,23.0,92,27.0,-11.7292,-49.0686
Gurupi,2026-02-06 06:00:00,22.64,91,20.0,-11.7292,-49.0686
Gurupi,2026-02-06 09:00:00,22.24,93,0.0,-11.7292,-49.0686
Gurupi,2026-02-06 12:00:00,26.68,76,20.0,-11.7292,-49.0686
Gurupi,2026-02-06 15:00:00,31.49,56,0.0,-11.7292,-49.0686
Gurupi,2026-02-06 18:00:00,30.33,63,24.0,-11.7292,-49.0686
Gurupi,2026-02-06 21:00:00,27.32,78,98.0,-11.7292,-49.0686
Gurupi,2026-02-07 00:00:00,23.19,93,100.0,-11.7292,-49.0686
Gurupi,2026-02-07 03:00:00,22.58,96,94.0,-11.7292,-49.0686
Gurupi,2026-02-07 06:00:00,22.44,96,100.0,-11.7292,-49.0686
Gurupi,2026-02-07 09:00:00,21.89,96,0.0,-11.7292,-49.0686
Gurupi,2026-02-07 12:00:00,24.85,82,23.0,-11.7292,-49.0686
Gurupi,2026-02-07 15:00:00,28.65,70,100.0,-11.7292,-49.0686
Gurupi,2026-02-07 18:00:00,29.08,68,100.0,-11.7292,-49.0686
Gurupi,2026-02-07 21:00:00,27.04,80,100.0,-11.7292,-49.0686
Gurupi,2026-02-08 00:00:00,23.11,92,100.0,-11.7292,-49.0686
Gurupi,2026-02-08 03:00:00,23.46,90,100.0,-11.7292,-49.0686
Gurupi,2026-02-08 06:00:00,23.31,90,100.0,-11.7292,-49.0686
Gurupi,2026-02-08 09:00:00,22.61,92,92.0,-11.7292,-49.0686
Gurupi,2026-02-08 12:00:00,26.2,82,100.0,-11.7292,-49.0686
Gurupi,2026-02-08 15:00:00,28.54,67,100.0,-11.7292,-49.0686
Gurupi,2026-02-08 18:00:00,27.48,77,100.0,-11.7292,-49.0686
Gurupi,2026-02-08 21:00:00,25.33,86,73.0,-11.7292,-49.0686
Gurupi,2026-02-09 00:00:00,22.88,93,90.0,-11.7292,-49.0686
Gurupi,2026-02-09 03:00:00,22.38,92,0.0,-11.7292,-49.0686
Gurupi,2026-02-09 06:00:00,21.47,96,83.0,-11.7292,-49.0686
Gurupi,2026-02-09 09:00:00,21.4,96,23.0,-11.7292,-49.0686
Uruçuí,2026-02-05 12:00:00,24.72,84,1.0,-7.2294,-44.5561
Uruçuí,2026-02-05 15:00:00,29.96,64,100.0,-7.2294,-44.5561
Uruçuí,2026-02-05 18:00:00,32.39,54,100.0,-7.2294,-44.5561
Uruçuí,2026-02-05 21:00:00,28.99,69,0.0,-7.2294,-44.5561
Uruçuí,2026-02-06 00:00:00,23.22,91,100.0,-7.2294,-44.5561
Uruçuí,2026-02-06 03:00:00,23.41,91,100.0,-7.2294,-44.5561
Uruçuí,2026-02-06 06:00:00,22.72,91,76.0,-7.2294,-44.5561
Uruçuí,2026-02-06 09:00:00,22.48,94,0.0,-7.2294,-44.5561
Uruçuí,2026-02-06 12:00:00,26.13,82,20.0,-7.2294,-44.5561
Uruçuí,2026-02-06 15:00:00,28.65,70,100.0,-7.2294,-44.5561
Uruçuí,2026-02-06 18:00:00,30.17,63,100.0,-7.2294,-44.5561
Uruçuí,2026-02-06 21:00:00,26.84,82,100.0,-7.2294,-44.5561
Uruçuí,2026-02-07 00:00:00,23.82,93,100.0,-7.2294,-44.5561
Uruçuí,2026-02-07 03:00:00,23.61,93,81.0,-7.2294,-44.5561
Uruçuí,2026-02-07 06:00:00,23.04,93,73.0,-7.2294,-44.5561
Uruçuí,2026-02-07 09:00:00,22.19,95,100.0,-7.2294,-44.5561
Uruçuí,2026-02-07 12:00:00,23.69,91,100.0,-7.2294,-44.5561
Uruçuí,2026-02-07 15:00:00,26.69,73,88.0,-7.2294,-44.5561
Uruçuí,2026-02-07 18:00:00,27.6,65,59.0,-7.2294,-44.5561
Uruçuí,2026-02-07 21:00:00,24.44,77,0.0,-7.2294,-44.5561
Uruçuí,2026-02-08 00:00:00,22.0,86,0.0,-7.2294,-44.5561
Uruçuí,2026-02-08 03:00:00,21.62,87,0.0,-7.2294,-44.5561
Uruçuí,2026-02-08 06:00:00,21.02,91,0.0,-7.2294,-44.5561
Uruçuí,2026-02-08 09:00:00,20.7,91,0.0,-7.2294,-44.5561
Uruçuí,2026-02-08 12:00:00,25.74,71,0.0,-7.2294,-44.5561
Uruçuí,2026-02-08 15:00:00,28.35,67,100.0,-7.2294,-44.5561
Uruçuí,2026-02-08 18:00:00,27.35,72,100.0,-7.2294,-44.5561
Uruçuí,2026-02-08 21:00:00,24.64,87,100.0,-7.2294,-44.5561
Uruçuí,2026-02-09 00:00:00,22.49,93,100.0,-7.2294,-44.5561
Uruçuí,2026-02-09 03:00:00,22.32,93,100.0,-7.2294,-44.5561
Uruçuí,2026-02-09 06:00:00,21.85,94,77.0,-7.2294,-44.5561
Uruçuí,2026-02-09 09:00:00,21.74,94,0.0,-7.2294,-44.5561
Uruçuí,2026-02-09 12:00:00,25.15,78,0.0,-7.2294,-44.5561
Uruçuí,2026-02-09 15:00:00,30.19,54,0.0,-7.2294,-44.5561
Uruçuí,2026-02-09 18:00:00,30.42,53,0.0,-7.2294,-44.5561
Uruçuí,2026-02-09 21:00:00,26.37,73,24.0,-7.2294,-44.5561
Uruçuí,2026-02-10 00:00:00,25.78,72,0.0,-7.2294,-44.5561
Uruçuí,2026-02-10 03:00:00,23.63,83,0.0,-7.2294,-44.5561
Uruçuí,2026-02-10 06:00:00,21.77,95,97.0,-7.2294,-44.5561
Uruçuí,2026-02-10 09:00:00,21.38,97,75.0,-7.2294,-44.5561
Barreiras,2026-02-05 12:00:00,23.08,84,0.0,-12.1528,-44.99
Barreiras,2026-02-05 15:00:00,29.76,59,0.0,-12.1528,-44.99
Barreiras,2026-02-05 18:00:00,35.14,33,0.0,-12.1528,-44.99
Barreiras,2026-02-05 21:00:00,27.5,67,4.0,-12.1528,-44.99
Barreiras,2026-02-06 00:00:00,23.77,79,92.0,-12.1528,-44.99
Barreiras,2026-02-06 03:00:00,22.9,89,100.0,-12.1528,-44.99
Barreiras,2026-02-06 06:00:00,21.71,93,71.0,-12.1528,-44.99
Barreiras,2026-02-06 09:00:00,21.36,94,0.0,-12.1528,-44.99
Barreiras,2026-02-06 12:00:00,27.76,70,37.0,-12.1528,-44.99
Barreiras,2026-02-06 15:00:00,29.12,65,100.0,-12.1528,-44.99
Barreiras,2026-02-06 18:00:00,32.13,47,80.0,-12.1528,-44.99
Barreiras,2026-02-06 21:00:00,28.58,64,0.0,-12.1528,-44.99
Barreiras,2026-02-07 00:00:00,24.71,78,73.0,-12.1528,-44.99
Barreiras,2026-02-07 03:00:00,21.35,97,100.0,-12.1528,-44.99
Barreiras,2026-02-07 06:00:00,20.88,97,100.0,-12.1528,-44.99
Barreiras,2026-02-07 09:00:00,20.25,98,55.0,-12.1528,-44.99
Barreiras,2026-02-07 12:00:00,25.53,74,40.0,-12.1528,-44.99
Barreiras,2026-02-07 15:00:00,29.1,63,100.0,-12.1528,-44.99
Barreiras,2026-02-07 18:00:00,28.95,63,92.0,-12.1528,-44.99
Barreiras,2026-02-07 21:00:00,25.97,79,92.0,-12.1528,-44.99
Barreiras,2026-02-08 00:00:00,22.92,90,100.0,-12.1528,-44.99
Barreiras,2026-02-08 03:00:00,21.46,95,4.0,-12.1528,-44.99
Barreiras,2026-02-08 06:00:00,20.76,97,45.0,-12.1528,-44.99
Barreiras,2026-02-08 09:00:00,20.32,98,0.0,-12.1528,-44.99
Barreiras,2026-02-08 12:00:00,25.8,73,0.0,-12.1528,-44.99
Barreiras,2026-02-08 15:00:00,27.58,70,100.0,-12.1528,-44.99
Barreiras,2026-02-08 18:00:00,26.67,78,100.0,-12.1528,-44.99
Barreiras,2026-02-08 21:00:00,23.25,90,100.0,-12.1528,-44.99
Barreiras,2026-02-09 00:00:00,21.45,95,100.0,-12.1528,-44.99
Barreiras,2026-02-09 03:00:00,20.77,97,100.0,-12.1528,-44.99
Barreiras,2026-02-09 06:00:00,20.52,97,80.0,-12.1528,-44.99
Barreiras,2026-02-09 09:00:00,19.81,98,100.0,-12.1528,-44.99
Barreiras,2026-02-09 12:00:00,23.4,88,100.0,-12.1528,-44.99
Barreiras,2026-02-09 15:00:00,21.57,92,99.0,-12.1528,-44.99
Barreiras,2026-02-09 18:00:00,22.26,88,80.0,-12.1528,-44.99
Barreiras,2026-02-09 21:00:00,21.82,92,2.0,-12.1528,-44.99
Barreiras,2026-02-10 00:00:00,21.32,95,0.0,-12.1528,-44.99
Barreiras,2026-02-10 03:00:00,21.48,94,0.0,-12.1528,-44.99
Barreiras,2026-02-10 06:00:00,19.94,99,100.0,-12.1528,-44.99
Barreiras,2026-02-10 09:00:00,20.02,98,100.0,-12.1528,-44.99
Balsas,2026-02-05 12:00:00,25.22,78,25.0,-7.5325,-46.0356
Balsas,2026-02-05 15:00:00,31.04,58,22.0,-7.5325,-46.0356
Balsas,2026-02-05 18:00:00,30.16,61,29.0,-7.5325,-46.0356
Balsas,2026-02-05 21:00:00,27.71,71,77.0,-7.5325,-46.0356
Balsas,2026-02-06 00:00:00,25.3,81,77.0,-7.5325,-46.0356
Balsas,2026-02-06 03:00:00,23.94,83,20.0,-7.5325,-46.0356
Balsas,2026-02-06 06:00:00,22.86,82,34.0,-7.5325,-46.0356
Balsas,2026-02-06 09:00:00,21.01,93,100.0,-7.5325,-46.0356
Balsas,2026-02-06 12:00:00,26.34,72,100.0,-7.5325,-46.0356
Balsas,2026-02-06 15:00:00,30.62,60,100.0,-7.5325,-46.0356
Balsas,2026-02-06 18:00:00,31.8,56,100.0,-7.5325,-46.0356
Balsas,2026-02-06 21:00:00,26.05,83,100.0,-7.5325,-46.0356
Balsas,2026-02-07 00:00:00,24.19,90,100.0,-7.5325,-46.0356
Balsas,2026-02-07 03:00:00,23.05,93,100.0,-7.5325,-46.0356
Balsas,2026-02-07 06:00:00,23.32,91,80.0,-7.5325,-46.0356
Balsas,2026-02-07 09:00:00,22.33,95,0.0,-7.5325,-46.0356
Balsas,2026-02-07 12:00:00,25.7,81,100.0,-7.5325,-46.0356
Balsas,2026-02-07 15:00:00,27.14,79,100.0,-7.5325,-46.0356
Balsas,2026-02-07 18:00:00,26.19,80,100.0,-7.5325,-46.0356
Balsas,2026-02-07 21:00:00,24.42,85,96.0,-7.5325,-46.0356
Balsas,2026-02-08 00:00:00,22.64,88,77.0,-7.5325,-46.0356
Balsas,2026-02-08 03:00:00,22.2,89,0.0,-7.5325,-46.0356
Balsas,2026-02-08 06:00:00,21.67,91,0.0,-7.5325,-46.0356
Balsas,2026-02-08 09:00:00,21.48,92,0.0,-7.5325,-46.0356
Balsas,2026-02-08 12:00:00,23.31,83,0.0,-7.5325,-46.0356
Balsas,2026-02-08 15:00:00,27.83,62,0.0,-7.5325,-46.0356
Balsas,2026-02-08 18:00:00,27.19,64,0.0,-7.5325,-46.0356
Balsas,2026-02-08 21:00:00,25.05,77,0.0,-7.5325,-46.0356
Balsas,2026-02-09 00:00:00,22.84,86,5.0,-7.5325,-46.0356
Balsas,2026-02-09 03:00:00,22.06,91,0.0,-7.5325,-46.0356
Balsas,2026-02-09 06:00:00,21.69,92,0.0,-7.5325,-46.0356
Balsas,2026-02-09 09:00:00,21.55,95,99.0,-7.5325,-46.0356
Balsas,2026-02-09 12:00:00,22.67,91,94.0,-7.5325,-46.0356
Balsas,2026-02-09 15:00:00,25.07,78,0.0,-7.5325,-46.0356
Balsas,2026-02-09 18:00:00,25.91,71,0.0,-7.5325,-46.0356
Balsas,2026-02-09 21:00:00,24.28,80,22.0,-7.5325,-46.0356
Balsas,2026-02-10 00:00:00,22.49,88,7.0,-7.5325,-46.0356
Balsas,2026-02-10 03:00:00,21.83,91,27.0,-7.5325,-46.0356
Balsas,2026-02-10 06:00:00,20.88,96,32.0,-7.5325,-46.0356
Balsas,2026-02-10 09:00:00,20.73,98,100.0,-7.5325,-46.0356
Gurupi,2026-02-05 12:00:00,24.46,80,0.0,-11.7292,-49.0686
Gurupi,2026-02-05 15:00:00,27.74,70,0.0,-11.7292,-49.0686
Gurupi,2026-02-05 18:00:00,28.72,73,58.0,-11.7292,-49.0686
Gurupi,2026-02-05 21:00:00,27.76,78,20.0,-11.7292,-49.0686
Gurupi,2026-02-06 00:00:00,24.98,86,81.0,-11.7292,-49.0686
Gurupi,2026-02-06 03:00:00,22.89,95,12.0,-11.7292,-49.0686
Gurupi,2026-02-06 06:00:00,22.77,95,0.0,-11.7292,-49.0686
Gurupi,2026-02-06 09:00:00,21.84,96,100.0,-11.7292,-49.0686
Gurupi,2026-02-06 12:00:00,26.39,81,76.0,-11.7292,-49.0686
Gurupi,2026-02-06 15:00:00,29.95,68,100.0,-11.7292,-49.0686
Gurupi,2026-02-06 18:00:00,30.8,59,100.0,-11.7292,-49.0686
Gurupi,2026-02-06 21:00:00,24.55,85,100.0,-11.7292,-49.0686
Gurupi,2026-02-07 00:00:00,21.93,91,100.0,-11.7292,-49.0686
Gurupi,2026-02-07 03:00:00,21.65,93,100.0,-11.7292,-49.0686
Gurupi,2026-02-07 06:00:00,21.5,92,80.0,-11.7292,-49.0686
Gurupi,2026-02-07 09:00:00,21.31,97,100.0,-11.7292,-49.0686
Gurupi,2026-02-07 12:00:00,25.17,84,80.0,-11.7292,-49.0686
Gurupi,2026-02-07 15:00:00,26.26,79,71.0,-11.7292,-49.0686
Gurupi,2026-02-07 18:00:00,29.11,70,100.0,-11.7292,-49.0686
Gurupi,2026-02-07 21:00:00,25.75,87,100.0,-11.7292,-49.0686
Gurupi,2026-02-08 00:00:00,23.6,92,100.0,-11.7292,-49.0686
Gurupi,2026-02-08 03:00:00,22.49,95,100.0,-11.7292,-49.0686
Gurupi,2026-02-08 06:00:00,22.07,98,100.0,-11.7292,-49.0686
Gurupi,2026-02-08 09:00:00,21.92,98,100.0,-11.7292,-49.0686
Gurupi,2026-02-08 12:00:00,21.77,97,100.0,-11.7292,-49.0686
Gurupi,2026-02-08 15:00:00,21.45,97,100.0,-11.7292,-49.0686
Gurupi,2026-02-08 18:00:00,22.68,92,100.0,-11.7292,-49.0686
Gurupi,2026-02-08 21:00:00,21.63,95,7.0,-11.7292,-49.0686
Gurupi,2026-02-09 00:00:00,21.42,96,0.0,-11.7292,-49.0686
Gurupi,2026-02-09 03:00:00,21.49,97,0.0,-11.7292,-49.0686
Gurupi,2026-02-09 06:00:00,21.42,96,0.0,-11.7292,-49.0686
Gurupi,2026-02-09 09:00:00,21.03,96,0.0,-11.7292,-49.0686
Gurupi,2026-02-09 12:00:00,22.18,93,20.0,-11.7292,-49.0686
Gurupi,2026-02-09 15:00:00,25.37,81,98.0,-11.7292,-49.0686
Gurupi,2026-02-09 18:00:00,25.64,80,100.0,-11.7292,-49.0686
Gurupi,2026-02-09 21:00:00,22.26,94,100.0,-11.7292,-49.0686
Gurupi,2026-02-10 00:00:00,22.09,92,78.0,-11.7292,-49.0686
Gurupi,2026-02-10 03:00:00,21.63,94,61.0,-11.7292,-49.0686
Gurupi,2026-02-10 06:00:00,21.03,94,23.0,-11.7292,-49.0686
Gurupi,2026-02-10 09:00:00,20.94,98,27.0,-11.7292,-49.0686
Uruçuí,2026-02-06 12:00:00,24.64,83,52.0,-7.2294,-44.5561
Uruçuí,2026-02-06 15:00:00,27.2,75,100.0,-7.2294,-44.5561
Uruçuí,2026-02-06 18:00:00,29.5,68,100.0,-7.2294,-44.5561
Uruçuí,2026-02-06 21:00:00,25.32,86,100.0,-7.2294,-44.5561
Uruçuí,2026-02-07 00:00:00,22.86,97,100.0,-7.2294,-44.5561
Uruçuí,2026-02-07 03:00:00,21.97,95,100.0,-7.2294,-44.5561
Uruçuí,2026-02-07 06:00:00,22.23,96,100.0,-7.2294,-44.5561
Uruçuí,2026-02-07 09:00:00,21.57,97,100.0,-7.2294,-44.5561
Uruçuí,2026-02-07 12:00:00,24.64,84,80.0,-7.2294,-44.5561
Uruçuí,2026-02-07 15:00:00,28.43,64,20.0,-7.2294,-44.5561
Uruçuí,2026-02-07 18:00:00,27.82,71,100.0,-7.2294,-44.5561
Uruçuí,2026-02-07 21:00:00,25.53,82,100.0,-7.2294,-44.5561
Uruçuí,2026-02-08 00:00:00,23.41,88,80.0,-7.2294,-44.5561
Uruçuí,2026-02-08 03:00:00,22.39,91,0.0,-7.2294,-44.5561
Uruçuí,2026-02-08 06:00:00,21.65,93,27.0,-7.2294,-44.5561
Uruçuí,2026-02-08 09:00:00,21.42,93,44.0,-7.2294,-44.5561
Uruçuí,2026-02-08 12:00:00,25.19,77,16.0,-7.2294,-44.5561
Uruçuí,2026-02-08 15:00:00,26.89,71,57.0,-7.2294,-44.5561
Uruçuí,2026-02-08 18:00:00,26.74,77,100.0,-7.2294,-44.5561
Uruçuí,2026-02-08 21:00:00,24.69,87,100.0,-7.2294,-44.5561
Uruçuí,2026-02-09 00:00:00,23.06,90,100.0,-7.2294,-44.5561
Uruçuí,2026-02-09 03:00:00,22.43,92,1.0,-7.2294,-44.5561
Uruçuí,2026-02-09 06:00:00,21.88,94,6.0,-7.2294,-44.5561
Uruçuí,2026-02-09 09:00:00,21.59,95,0.0,-7.2294,-44.5561
Uruçuí,2026-02-09 12:00:00,24.67,84,100.0,-7.2294,-44.5561
Uruçuí,2026-02-09 15:00:00,23.69,89,100.0,-7.2294,-44.5561
Uruçuí,2026-02-09 18:00:00,28.43,65,80.0,-7.2294,-44.5561
Uruçuí,2026-02-09 21:00:00,25.35,84,83.0,-7.2294,-44.5561
Uruçuí,2026-02-10 00:00:00,22.88,93,57.0,-7.2294,-44.5561
Uruçuí,2026-02-10 03:00:00,22.58,91,0.0,-7.2294,-44.5561
Uruçuí,2026-02-10 06:00:00,21.53,96,100.0,-7.2294,-44.5561
Uruçuí,2026-02-10 09:00:00,21.07,96,100.0,-7.2294,-44.5561
Uruçuí,2026-02-10 12:00:00,24.5,86,100.0,-7.2294,-44.5561
Uruçuí,2026-02-10 15:00:00,27.54,73,100.0,-7.2294,-44.5561
Uruçuí,2026-02-10 18:00:00,28.34,71,100.0,-7.2294,-44.5561
Uruçuí,2026-02-10 21:00:00,25.62,84,100.0,-7.2294,-44.5561
Uruçuí,2026-02-11 00:00:00,23.19,90,80.0,-7.2294,-44.5561
Uruçuí,2026-02-11 03:00:00,22.25,89,20.0,-7.2294,-44.5561
Uruçuí,2026-02-11 06:00:00,21.62,91,20.0,-7.2294,-44.5561
Uruçuí,2026-02-11 09:00:00,20.97,95,56.0,-7.2294,-44.5561
Barreiras,2026-02-06 12:00:00,22.86,90,100.0,-12.1528,-44.99
Barreiras,2026-02-06 15:00:00,25.8,81,100.0,-12.1528,-44.99
Barreiras,2026-02-06 18:00:00,31.22,53,100.0,-12.1528,-44.99
Barreiras,2026-02-06 21:00:00,28.15,71,0.0,-12.1528,-44.99
Barreiras,2026-02-07 00:00:00,24.12,82,37.0,-12.1528,-44.99
Barreiras,2026-02-07 03:00:00,22.43,93,100.0,-12.1528,-44.99
Barreiras,2026-02-07 06:00:00,21.59,95,100.0,-12.1528,-44.99
Barreiras,2026-02-07 09:00:00,21.4,95,100.0,-12.1528,-44.99
Barreiras,2026-02-07 12:00:00,25.93,82,100.0,-12.1528,-44.99
Barreiras,2026-02-07 15:00:00,29.32,59,100.0,-12.1528,-44.99
Barreiras,2026-02-07 18:00:00,30.71,54,100.0,-12.1528,-44.99
Barreiras,2026-02-07 21:00:00,26.94,76,80.0,-12.1528,-44.99
Barreiras,2026-02-08 00:00:00,23.1,86,82.0,-12.1528,-44.99
Barreiras,2026-02-08 03:00:00,20.88,95,94.0,-12.1528,-44.99
Barreiras,2026-02-08 06:00:00,20.12,98,100.0,-12.1528,-44.99
Barreiras,2026-02-08 09:00:00,20.28,98,100.0,-12.1528,-44.99
Barreiras,2026-02-08 12:00:00,25.49,78,100.0,-12.1528,-44.99
Barreiras,2026-02-08 15:00:00,29.58,57,100.0,-12.1528,-44.99
Barreiras,2026-02-08 18:00:00,26.11,81,100.0,-12.1528,-44.99
Barreiras,2026-02-08 21:00:00,23.55,89,100.0,-12.1528,-44.99
Barreiras,2026-02-09 00:00:00,21.55,94,100.0,-12.1528,-44.99
Barreiras,2026-02-09 03:00:00,20.93,96,58.0,-12.1528,-44.99
Barreiras,2026-02-09 06:00:00,20.19,98,100.0,-12.1528,-44.99
Barreiras,2026-02-09 09:00:00,20.7,98,100.0,-12.1528,-44.99
Barreiras,2026-02-09 12:00:00,21.73,93,100.0,-12.1528,-44.99
Barreiras,2026-02-09 15:00:00,27.49,68,80.0,-12.1528,-44.99
Barreiras,2026-02-09 18:00:00,23.59,92,100.0,-12.1528,-44.99
Barreiras,2026-02-09 21:00:00,21.73,96,100.0,-12.1528,-44.99
Barreiras,2026-02-10 00:00:00,21.04,96,86.0,-12.1528,-44.99
Barreiras,2026-02-10 03:00:00,20.81,96,0.0,-12.1528,-44.99
Barreiras,2026-02-10 06:00:00,19.88,98,0.0,-12.1528,-44.99
Barreiras,2026-02-10 09:00:00,20.18,96,0.0,-12.1528,-44.99
Barreiras,2026-02-10 12:00:00,24.94,76,0.0,-12.1528,-44.99
Barreiras,2026-02-10 15:00:00,28.74,59,100.0,-12.1528,-44.99
Barreiras,2026-02-10 18:00:00,27.42,70,100.0,-12.1528,-44.99
Barreiras,2026-02-10 21:00:00,24.35,87,100.0,-12.1528,-44.99
Barreiras,2026-02-11 00:00:00,21.89,95,100.0,-12.1528,-44.99
Barreiras,2026-02-11 03:00:00,21.12,99,100.0,-12.1528,-44.99
Barreiras,2026-02-11 06:00:00,20.9,99,100.0,-12.1528,-44.99
Barreiras,2026-02-11 09:00:00,20.43,98,100.0,-12.1528,-44.99
Balsas,2026-02-06 12:00:00,23.79,87,100.0,-7.5325,-46.0356
Balsas,2026-02-06 15:00:00,27.23,72,100.0,-7.5325,-46.0356
Balsas,2026-02-06 18:00:00,32.66,48,100.0,-7.5325,-46.0356
Balsas,2026-02-06 21:00:00,26.1,83,100.0,-7.5325,-46.0356
Balsas,2026-02-07 00:00:00,24.03,90,100.0,-7.5325,-46.0356
Balsas,2026-02-07 03:00:00,23.31,92,94.0,-7.5325,-46.0356
Balsas,2026-02-07 06:00:00,23.17,93,82.0,-7.5325,-46.0356
Balsas,2026-02-07 09:00:00,22.69,91,0.0,-7.5325,-46.0356
Balsas,2026-02-07 12:00:00,25.71,80,50.0,-7.5325,-46.0356
Balsas,2026-02-07 15:00:00,26.28,78,100.0,-7.5325,-46.0356
Balsas,2026-02-07 18:00:00,28.27,65,100.0,-7.5325,-46.0356
Balsas,2026-02-07 21:00:00,25.81,77,53.0,-7.5325,-46.0356
Balsas,2026-02-08 00:00:00,22.83,87,47.0,-7.5325,-46.0356
Balsas,2026-02-08 03:00:00,21.65,92,90.0,-7.5325,-46.0356
Balsas,2026-02-08 06:00:00,21.17,92,72.0,-7.5325,-46.0356
Balsas,2026-02-08 09:00:00,20.62,93,0.0,-7.5325,-46.0356
Balsas,2026-02-08 12:00:00,25.36,72,0.0,-7.5325,-46.0356
Balsas,2026-02-08 15:00:00,30.77,50,0.0,-7.5325,-46.0356
Balsas,2026-02-08 18:00:00,27.31,73,100.0,-7.5325,-46.0356
Balsas,2026-02-08 21:00:00,24.73,86,100.0,-7.5325,-46.0356
Balsas,2026-02-09 00:00:00,23.14,89,100.0,-7.5325,-46.0356
Balsas,2026-02-09 03:00:00,22.77,90,100.0,-7.5325,-46.0356
Balsas,2026-02-09 06:00:00,22.21,94,100.0,-7.5325,-46.0356
Balsas,2026-02-09 09:00:00,21.76,95,0.0,-7.5325,-46.0356
Balsas,2026-02-09 12:00:00,25.59,79,0.0,-7.5325,-46.0356
Balsas,2026-02-09 15:00:00,29.05,62,100.0,-7.5325,-46.0356
Balsas,2026-02-09 18:00:00,29.24,60,100.0,-7.5325,-46.0356
Balsas,2026-02-09 21:00:00,24.44,87,100.0,-7.5325,-46.0356
Balsas,2026-02-10 00:00:00,22.92,89,100.0,-7.5325,-46.0356
Balsas,2026-02-10 03:00:00,22.35,89,0.0,-7.5325,-46.0356
Balsas,2026-02-10 06:00:00,21.36,92,27.0,-7.5325,-46.0356
Balsas,2026-02-10 09:00:00,20.8,95,95.0,-7.5325,-46.0356
Balsas,2026-02-10 12:00:00,23.08,88,85.0,-7.5325,-46.0356
Balsas,2026-02-10 15:00:00,25.61,77,22.0,-7.5325,-46.0356
Balsas,2026-02-10 18:00:00,30.14,57,43.0,-7.5325,-46.0356
Balsas,2026-02-10 21:00:00,26.1,81,100.0,-7.5325,-46.0356
Balsas,2026-02-11 00:00:00,23.07,92,100.0,-7.5325,-46.0356
Balsas,2026-02-11 03:00:00,22.66,94,100.0,-7.5325,-46.0356
Balsas,2026-02-11 06:00:00,21.83,95,100.0,-7.5325,-46.0356
Balsas,2026-02-11 09:00:00,21.73,94,94.0,-7.5325,-46.0356
Gurupi,2026-02-06 12:00:00,23.91,91,20.0,-11.7292,-49.0686
Gurupi,2026-02-06 15:00:00,29.29,68,0.0,-11.7292,-49.0686
Gurupi,2026-02-06 18:00:00,30.63,62,51.0,-11.7292,-49.0686
Gurupi,2026-02-06 21:00:00,22.93,96,100.0,-11.7292,-49.0686
Gurupi,2026-02-07 00:00:00,22.3,93,100.0,-11.7292,-49.0686
Gurupi,2026-02-07 03:00:00,21.7,93,100.0,-11.7292,-49.0686
Gurupi,2026-02-07 06:00:00,20.67,94,100.0,-11.7292,-49.0686
Gurupi,2026-02-07 09:00:00,21.34,92,0.0,-11.7292,-49.0686
Gurupi,2026-02-07 12:00:00,25.18,81,2.0,-11.7292,-49.0686
Gurupi,2026-02-07 15:00:00,29.65,63,0.0,-11.7292,-49.0686
Gurupi,2026-02-07 18:00:00,29.1,70,100.0,-11.7292,-49.0686
Gurupi,2026-02-07 21:00:00,26.48,85,100.0,-11.7292,-49.0686
Gurupi,2026-02-08 00:00:00,23.65,91,100.0,-11.7292,-49.0686
Gurupi,2026-02-08 03:00:00,23.09,95,100.0,-11.7292,-49.0686
Gurupi,2026-02-08 06:00:00,22.48,95,100.0,-11.7292,-49.0686
Gurupi,2026-02-08 09:00:00,21.86,97,60.0,-11.7292,-49.0686
Gurupi,2026-02-08 12:00:00,22.13,96,40.0,-11.7292,-49.0686
Gurupi,2026-02-08 15:00:00,23.22,91,0.0,-11.7292,-49.0686
Gurupi,2026-02-08 18:00:00,24.97,81,20.0,-11.7292,-49.0686
Gurupi,2026-02-08 21:00:00,22.81,91,0.0,-11.7292,-49.0686
Gurupi,2026-02-09 00:00:00,22.75,91,0.0,-11.7292,-49.0686
Gurupi,2026-02-09 03:00:00,22.06,93,0.0,-11.7292,-49.0686
Gurupi,2026-02-09 06:00:00,21.66,95,0.0,-11.7292,-49.0686
Gurupi,2026-02-09 09:00:00,21.19,95,54.0,-11.7292,-49.0686
Gurupi,2026-02-09 12:00:00,23.86,86,64.0,-11.7292,-49.0686
Gurupi,2026-02-09 15:00:00,25.75,82,100.0,-11.7292,-49.0686
Gurupi,2026-02-09 18:00:00,25.23,86,100.0,-11.7292,-49.0686
Gurupi,2026-02-09 21:00:00,23.97,91,100.0,-11.7292,-49.0686
Gurupi,2026-02-10 00:00:00,22.86,93,100.0,-11.7292,-49.0686
Gurupi,2026-02-10 03:00:00,21.66,96,100.0,-11.7292,-49.0686
Gurupi,2026-02-10 06:00:00,21.27,97,100.0,-11.7292,-49.0686
Gurupi,2026-02-10 09:00:00,20.77,98,100.0,-11.7292,-49.0686
Gurupi,2026-02-10 12:00:00,22.01,95,84.0,-11.7292,-49.0686
Gurupi,2026-02-10 15:00:00,22.59,93,40.0,-11.7292,-49.0686
Gurupi,2026-02-10 18:00:00,23.12,92,48.0,-11.7292,-49.0686
Gurupi,2026-02-10 21:00:00,23.38,90,60.0,-11.7292,-49.0686
Gurupi,2026-02-11 00:00:00,22.05,91,61.0,-11.7292,-49.0686
Gurupi,2026-02-11 03:00:00,22.43,90,0.0,-11.7292,-49.0686
Gurupi,2026-02-11 06:00:00,21.89,93,0.0,-11.7292,-49.0686
Gurupi,2026-02-11 09:00:00,21.58,96,94.0,-11.7292,-49.0686
Uruçuí,2026-02-07 12:00:00,22.99,92,100.0,-7.2294,-44.5561
Uruçuí,2026-02-07 15:00:00,24.59,85,100.0,-7.2294,-44.5561
Uruçuí,2026-02-07 18:00:00,24.11,88,100.0,-7.2294,-44.5561
Uruçuí,2026-02-07 21:00:00,22.7,95,100.0,-7.2294,-44.5561
Uruçuí,2026-02-08 00:00:00,22.3,95,80.0,-7.2294,-44.5561
Uruçuí,2026-02-08 03:00:00,21.84,96,0.0,-7.2294,-44.5561
Uruçuí,2026-02-08 06:00:00,21.24,96,0.0,-7.2294,-44.5561
Uruçuí,2026-02-08 09:00:00,20.88,96,0.0,-7.2294,-44.5561
Uruçuí,2026-02-08 12:00:00,23.94,82,30.0,-7.2294,-44.5561
Uruçuí,2026-02-08 15:00:00,23.17,87,85.0,-7.2294,-44.5561
Uruçuí,2026-02-08 18:00:00,22.92,90,100.0,-7.2294,-44.5561
Uruçuí,2026-02-08 21:00:00,22.6,91,7.0,-7.2294,-44.5561
Uruçuí,2026-02-09 00:00:00,21.05,93,0.0,-7.2294,-44.5561
Uruçuí,2026-02-09 03:00:00,20.05,91,0.0,-7.2294,-44.5561
Uruçuí,2026-02-09 06:00:00,19.73,92,0.0,-7.2294,-44.5561
Uruçuí,2026-02-09 09:00:00,19.61,92,0.0,-7.2294,-44.5561
Uruçuí,2026-02-09 12:00:00,25.3,70,0.0,-7.2294,-44.5561
Uruçuí,2026-02-09 15:00:00,27.73,68,100.0,-7.2294,-44.5561
Uruçuí,2026-02-09 18:00:00,30.38,53,100.0,-7.2294,-44.5561
Uruçuí,2026-02-09 21:00:00,26.9,70,0.0,-7.2294,-44.5561
Uruçuí,2026-02-10 00:00:00,24.4,76,0.0,-7.2294,-44.5561
Uruçuí,2026-02-10 03:00:00,23.43,80,0.0,-7.2294,-44.5561
Uruçuí,2026-02-10 06:00:00,20.9,96,100.0,-7.2294,-44.5561
Uruçuí,2026-02-10 09:00:00,20.72,94,0.0,-7.2294,-44.5561
Uruçuí,2026-02-10 12:00:00,25.16,75,0.0,-7.2294,-44.5561
Uruçuí,2026-02-10 15:00:00,30.73,51,0.0,-7.2294,-44.5561
Uruçuí,2026-02-10 18:00:00,30.36,53,0.0,-7.2294,-44.5561
Uruçuí,2026-02-10 21:00:00,27.7,67,0.0,-7.2294,-44.5561
Uruçuí,2026-02-11 00:00:00,22.6,90,82.0,-7.2294,-44.5561
Uruçuí,2026-02-11 03:00:00,22.33,92,100.0,-7.2294,-44.5561
Uruçuí,2026-02-11 06:00:00,21.98,93,100.0,-7.2294,-44.5561
Uruçuí,2026-02-11 09:00:00,21.11,96,100.0,-7.2294,-44.5561
Uruçuí,2026-02-11 12:00:00,26.09,77,100.0,-7.2294,-44.5561
Uruçuí,2026-02-11 15:00:00,31.57,49,100.0,-7.2294,-44.5561
Uruçuí,2026-02-11 18:00:00,31.55,50,80.0,-7.2294,-44.5561
Uruçuí,2026-02-11 21:00:00,26.16,79,100.0,-7.2294,-44.5561
Uruçuí,2026-02-12 00:00:00,24.74,85,85.0,-7.2294,-44.5561
Uruçuí,2026-02-12 03:00:00,23.54,87,0.0,-7.2294,-44.5561
Uruçuí,2026-02-12 06:00:00,22.58,90,0.0,-7.2294,-44.5561
Uruçuí,2026-02-12 09:00:00,21.77,92,64.0,-7.2294,-44.5561
Barreiras,2026-02-07 12:00:00,23.57,77,0.0,-12.1528,-44.99
Barreiras,2026-02-07 15:00:00,27.92,61,46.0,-12.1528,-44.99
Barreiras,2026-02-07 18:00:00,31.66,47,20.0,-12.1528,-44.99
Barreiras,2026-02-07 21:00:00,26.24,69,9.0,-12.1528,-44.99
Barreiras,2026-02-08 00:00:00,22.56,82,31.0,-12.1528,-44.99
Barreiras,2026-02-08 03:00:00,21.07,92,100.0,-12.1528,-44.99
Barreiras,2026-02-08 06:00:00,20.5,95,100.0,-12.1528,-44.99
Barreiras,2026-02-08 09:00:00,19.76,97,72.0,-12.1528,-44.99
Barreiras,2026-02-08 12:00:00,24.69,83,100.0,-12.1528,-44.99
Barreiras,2026-02-08 15:00:00,30.18,53,100.0,-12.1528,-44.99
Barreiras,2026-02-08 18:00:00,27.42,76,100.0,-12.1528,-44.99
Barreiras,2026-02-08 21:00:00,23.42,87,100.0,-12.1528,-44.99
Barreiras,2026-02-09 00:00:00,21.62,93,100.0,-12.1528,-44.99
Barreiras,2026-02-09 03:00:00,21.77,94,38.0,-12.1528,-44.99
Barreiras,2026-02-09 06:00:00,19.98,99,100.0,-12.1528,-44.99
Barreiras,2026-02-09 09:00:00,19.75,98,33.0,-12.1528,-44.99
Barreiras,2026-02-09 12:00:00,24.76,80,48.0,-12.1528,-44.99
Barreiras,2026-02-09 15:00:00,25.74,73,100.0,-12.1528,-44.99
Barreiras,2026-02-09 18:00:00,25.91,68,100.0,-12.1528,-44.99
Barreiras,2026-02-09 21:00:00,24.13,79,31.0,-12.1528,-44.99
Barreiras,2026-02-10 00:00:00,21.85,88,11.0,-12.1528,-44.99
Barreiras,2026-02-10 03:00:00,20.69,95,58.0,-12.1528,-44.99
Barreiras,2026-02-10 06:00:00,20.27,96,57.0,-12.1528,-44.99
Barreiras,2026-02-10 09:00:00,20.06,99,100.0,-12.1528,-44.99
Barreiras,2026-02-10 12:00:00,22.32,90,80.0,-12.1528,-44.99
Barreiras,2026-02-10 15:00:00,30.02,49,1.0,-12.1528,-44.99
Barreiras,2026-02-10 18:00:00,31.32,43,0.0,-12.1528,-44.99
Barreiras,2026-02-10 21:00:00,26.19,69,0.0,-12.1528,-44.99
Barreiras,2026-02-11 00:00:00,25.15,67,0.0,-12.1528,-44.99
Barreiras,2026-02-11 03:00:00,20.91,91,92.0,-12.1528,-44.99
Barreiras,2026-02-11 06:00:00,20.12,98,100.0,-12.1528,-44.99
Barreiras,2026-02-11 09:00:00,19.9,97,0.0,-12.1528,-44.99
Barreiras,2026-02-11 12:00:00,25.48,77,0.0,-12.1528,-44.99
Barreiras,2026-02-11 15:00:00,29.99,56,100.0,-12.1528,-44.99
Barreiras,2026-02-11 18:00:00,28.68,64,100.0,-12.1528,-44.99
Barreiras,2026-02-11 21:00:00,26.18,78,76.0,-12.1528,-44.99
Barreiras,2026-02-12 00:00:00,21.21,96,100.0,-12.1528,-44.99
Barreiras,2026-02-12 03:00:00,21.04,94,99.0,-12.1528,-44.99
Barreiras,2026-02-12 06:00:00,20.29,95,100.0,-12.1528,-44.99
Barreiras,2026-02-12 09:00:00,19.66,95,0.0,-12.1528,-44.99
Balsas,2026-02-07 12:00:00,23.41,90,100.0,-7.5325,-46.0356
Balsas,2026-02-07 15:00:00,24.61,85,100.0,-7.5325,-46.0356
Balsas,2026-02-07 18:00:00,25.85,79,100.0,-7.5325,-46.0356
Balsas,2026-02-07 21:00:00,23.32,90,50.0,-7.5325,-46.0356
Balsas,2026-02-08 00:00:00,22.66,94,45.0,-7.5325,-46.0356
Balsas,2026-02-08 03:00:00,22.05,95,26.0,-7.5325,-46.0356
Balsas,2026-02-08 06:00:00,21.54,94,0.0,-7.5325,-46.0356
Balsas,2026-02-08 09:00:00,20.94,96,0.0,-7.5325,-46.0356
Balsas,2026-02-08 12:00:00,23.47,83,0.0,-7.5325,-46.0356
Balsas,2026-02-08 15:00:00,28.19,61,10.0,-7.5325,-46.0356
Balsas,2026-02-08 18:00:00,26.59,74,100.0,-7.5325,-46.0356
Balsas,2026-02-08 21:00:00,23.51,89,100.0,-7.5325,-46.0356
Balsas,2026-02-09 00:00:00,21.86,93,100.0,-7.5325,-46.0356
Balsas,2026-02-09 03:00:00,21.48,93,0.0,-7.5325,-46.0356
Balsas,2026-02-09 06:00:00,21.15,94,0.0,-7.5325,-46.0356
Balsas,2026-02-09 09:00:00,21.22,95,0.0,-7.5325,-46.0356
Balsas,2026-02-09 12:00:00,23.25,85,0.0,-7.5325,-46.0356
Balsas,2026-02-09 15:00:00,27.84,61,0.0,-7.5325,-46.0356
Balsas,2026-02-09 18:00:00,30.01,53,0.0,-7.5325,-46.0356
Balsas,2026-02-09 21:00:00,25.33,81,100.0,-7.5325,-46.0356
Balsas,2026-02-10 00:00:00,23.18,87,80.0,-7.5325,-46.0356
Balsas,2026-02-10 03:00:00,22.47,88,0.0,-7.5325,-46.0356
Balsas,2026-02-10 06:00:00,21.48,92,58.0,-7.5325,-46.0356
Balsas,2026-02-10 09:00:00,20.65,97,100.0,-7.5325,-46.0356
Balsas,2026-02-10 12:00:00,25.21,81,80.0,-7.5325,-46.0356
Balsas,2026-02-10 15:00:00,29.72,58,60.0,-7.5325,-46.0356
Balsas,2026-02-10 18:00:00,30.45,55,35.0,-7.5325,-46.0356
Balsas,2026-02-10 21:00:00,26.08,80,99.0,-7.5325,-46.0356
Balsas,2026-02-11 00:00:00,23.41,89,100.0,-7.5325,-46.0356
Balsas,2026-02-11 03:00:00,22.32,93,78.0,-7.5325,-46.0356
Balsas,2026-02-11 06:00:00,21.8,94,78.0,-7.5325,-46.0356
Balsas,2026-02-11 09:00:00,21.42,96,68.0,-7.5325,-46.0356
Balsas,2026-02-11 12:00:00,25.78,80,100.0,-7.5325,-46.0356
Balsas,2026-02-11 15:00:00,28.48,69,100.0,-7.5325,-46.0356
Balsas,2026-02-11 18:00:00,28.64,68,100.0,-7.5325,-46.0356
Balsas,2026-02-11 21:00:00,25.59,85,100.0,-7.5325,-46.0356
Balsas,2026-02-12 00:00:00,23.65,89,100.0,-7.5325,-46.0356
Balsas,2026-02-12 03:00:00,22.13,96,100.0,-7.5325,-46.0356
Balsas,2026-02-12 06:00:00,21.57,95,100.0,-7.5325,-46.0356
Balsas,2026-02-12 09:00:00,21.27,96,67.0,-7.5325,-46.0356
Gurupi,2026-02-07 12:00:00,22.14,95,100.0,-11.7292,-49.0686
Gurupi,2026-02-07 15:00:00,25.27,82,5.0,-11.7292,-49.0686
Gurupi,2026-02-07 18:00:00,29.23,67,100.0,-11.7292,-49.0686
Gurupi,2026-02-07 21:00:00,25.34,89,100.0,-11.7292,-49.0686
Gurupi,2026-02-08 00:00:00,22.82,94,100.0,-11.7292,-49.0686
Gurupi,2026-02-08 03:00:00,21.96,96,100.0,-11.7292,-49.0686
Gurupi,2026-02-08 06:00:00,21.37,97,100.0,-11.7292,-49.0686
Gurupi,2026-02-08 09:00:00,21.48,97,100.0,-11.7292,-49.0686
Gurupi,2026-02-08 12:00:00,22.76,95,100.0,-11.7292,-49.0686
Gurupi,2026-02-08 15:00:00,24.42,85,100.0,-11.7292,-49.0686
Gurupi,2026-02-08 18:00:00,25.18,73,42.0,-11.7292,-49.0686
Gurupi,2026-02-08 21:00:00,23.49,83,0.0,-11.7292,-49.0686
Gurupi,2026-02-09 00:00:00,21.1,93,0.0,-11.7292,-49.0686
Gurupi,2026-02-09 03:00:00,20.57,95,0.0,-11.7292,-49.0686
Gurupi,2026-02-09 06:00:00,20.33,95,0.0,-11.7292,-49.0686
Gurupi,2026-02-09 09:00:00,20.98,92,0.0,-11.7292,-49.0686
Gurupi,2026-02-09 12:00:00,23.74,83,0.0,-11.7292,-49.0686
Gurupi,2026-02-09 15:00:00,28.19,64,28.0,-11.7292,-49.0686
Gurupi,2026-02-09 18:00:00,27.22,73,100.0,-11.7292,-49.0686
Gurupi,2026-02-09 21:00:00,25.4,83,100.0,-11.7292,-49.0686
Gurupi,2026-02-10 00:00:00,21.99,89,100.0,-11.7292,-49.0686
Gurupi,2026-02-10 03:00:00,21.19,90,2.0,-11.7292,-49.0686
Gurupi,2026-02-10 06:00:00,21.16,89,0.0,-11.7292,-49.0686
Gurupi,2026-02-10 09:00:00,20.99,89,0.0,-11.7292,-49.0686
Gurupi,2026-02-10 12:00:00,22.87,87,0.0,-11.7292,-49.0686
Gurupi,2026-02-10 15:00:00,25.31,79,53.0,-11.7292,-49.0686
Gurupi,2026-02-10 18:00:00,29.11,65,81.0,-11.7292,-49.0686
Gurupi,2026-02-10 21:00:00,25.85,85,100.0,-11.7292,-49.0686
Gurupi,2026-02-11 00:00:00,23.18,87,100.0,-11.7292,-49.0686
Gurupi,2026-02-11 03:00:00,22.13,95,100.0,-11.7292,-49.0686
Gurupi,2026-02-11 06:00:00,21.5,95,100.0,-11.7292,-49.0686
Gurupi,2026-02-11 09:00:00,21.59,93,84.0,-11.7292,-49.0686
Gurupi,2026-02-11 12:00:00,23.58,87,61.0,-11.7292,-49.0686
Gurupi,2026-02-11 15:00:00,29.43,66,30.0,-11.7292,-49.0686
Gurupi,2026-02-11 18:00:00,28.67,71,100.0,-11.7292,-49.0686
Gurupi,2026-02-11 21:00:00,25.43,84,100.0,-11.7292,-49.0686
Gurupi,2026-02-12 00:00:00,23.33,93,100.0,-11.7292,-49.0686
Gurupi,2026-02-12 03:00:00,22.63,95,47.0,-11.7292,-49.0686
Gurupi,2026-02-12 06:00:00,22.23,96,49.0,-11.7292,-49.0686
Gurupi,2026-02-12 09:00:00,22.15,95,20.0,-11.7292,-49.0686
Uruçuí,2026-02-08 12:00:00,22.66,91,100.0,-7.2294,-44.5561
Uruçuí,2026-02-08 15:00:00,22.69,91,100.0,-7.2294,-44.5561
Uruçuí,2026-02-08 18:00:00,22.11,89,100.0,-7.2294,-44.5561
Uruçuí,2026-02-08 21:00:00,21.81,89,6.0,-7.2294,-44.5561
Uruçuí,2026-02-09 00:00:00,21.59,88,0.0,-7.2294,-44.5561
Uruçuí,2026-02-09 03:00:00,20.54,90,0.0,-7.2294,-44.5561
Uruçuí,2026-02-09 06:00:00,20.19,89,0.0,-7.2294,-44.5561
Uruçuí,2026-02-09 09:00:00,19.12,93,0.0,-7.2294,-44.5561
Uruçuí,2026-02-09 12:00:00,25.3,73,0.0,-7.2294,-44.5561
Uruçuí,2026-02-09 15:00:00,28.34,60,0.0,-7.2294,-44.5561
Uruçuí,2026-02-09 18:00:00,29.37,56,0.0,-7.2294,-44.5561
Uruçuí,2026-02-09 21:00:00,27.65,63,0.0,-7.2294,-44.5561
Uruçuí,2026-02-10 00:00:00,23.01,78,11.0,-7.2294,-44.5561
Uruçuí,2026-02-10 03:00:00,21.8,87,0.0,-7.2294,-44.5561
Uruçuí,2026-02-10 06:00:00,21.3,85,0.0,-7.2294,-44.5561
Uruçuí,2026-02-10 09:00:00,20.87,85,0.0,-7.2294,-44.5561
Uruçuí,2026-02-10 12:00:00,26.66,65,0.0,-7.2294,-44.5561
Uruçuí,2026-02-10 15:00:00,31.5,49,0.0,-7.2294,-44.5561
Uruçuí,2026-02-10 18:00:00,29.24,61,20.0,-7.2294,-44.5561
Uruçuí,2026-02-10 21:00:00,27.67,65,2.0,-7.2294,-44.5561
Uruçuí,2026-02-11 00:00:00,26.18,67,0.0,-7.2294,-44.5561
Uruçuí,2026-02-11 03:00:00,22.65,91,100.0,-7.2294,-44.5561
Uruçuí,2026-02-11 06:00:00,22.11,93,100.0,-7.2294,-44.5561
Uruçuí,2026-02-11 09:00:00,21.38,97,100.0,-7.2294,-44.5561
Uruçuí,2026-02-11 12:00:00,25.33,81,80.0,-7.2294,-44.5561
Uruçuí,2026-02-11 15:00:00,31.53,51,100.0,-7.2294,-44.5561
Uruçuí,2026-02-11 18:00:00,30.19,58,76.0,-7.2294,-44.5561
Uruçuí,2026-02-11 21:00:00,27.53,68,0.0,-7.2294,-44.5561
Uruçuí,2026-02-12 00:00:00,24.69,75,0.0,-7.2294,-44.5561
Uruçuí,2026-02-12 03:00:00,23.32,84,0.0,-7.2294,-44.5561
Uruçuí,2026-02-12 06:00:00,22.48,90,34.0,-7.2294,-44.5561
Uruçuí,2026-02-12 09:00:00,21.9,92,34.0,-7.2294,-44.5561
Uruçuí,2026-02-12 12:00:00,26.02,78,76.0,-7.2294,-44.5561
Uruçuí,2026-02-12 15:00:00,28.5,69,100.0,-7.2294,-44.5561
Uruçuí,2026-02-12 18:00:00,29.85,61,100.0,-7.2294,-44.5561
Uruçuí,2026-02-12 21:00:00,27.31,72,83.0,-7.2294,-44.5561
Uruçuí,2026-02-13 00:00:00,24.08,87,95.0,-7.2294,-44.5561
Uruçuí,2026-02-13 03:00:00,22.82,92,100.0,-7.2294,-44.5561
Uruçuí,2026-02-13 06:00:00,21.49,96,100.0,-7.2294,-44.5561
Uruçuí,2026-02-13 09:00:00,20.98,97,9.0,-7.2294,-44.5561
Barreiras,2026-02-08 12:00:00,22.72,80,0.0,-12.1528,-44.99
Barreiras,2026-02-08 15:00:00,27.97,61,34.0,-12.1528,-44.99
Barreiras,2026-02-08 18:00:00,27.73,62,20.0,-12.1528,-44.99
Barreiras,2026-02-08 21:00:00,25.64,70,38.0,-12.1528,-44.99
Barreiras,2026-02-09 00:00:00,22.7,79,40.0,-12.1528,-44.99
Barreiras,2026-02-09 03:00:00,21.24,91,85.0,-12.1528,-44.99
Barreiras,2026-02-09 06:00:00,20.17,97,75.0,-12.1528,-44.99
Barreiras,2026-02-09 09:00:00,19.66,98,0.0,-12.1528,-44.99
Barreiras,2026-02-09 12:00:00,24.94,75,0.0,-12.1528,-44.99
Barreiras,2026-02-09 15:00:00,27.28,68,100.0,-12.1528,-44.99
Barreiras,2026-02-09 18:00:00,28.92,59,100.0,-12.1528,-44.99
Barreiras,2026-02-09 21:00:00,25.92,70,13.0,-12.1528,-44.99
Barreiras,2026-02-10 00:00:00,22.03,83,24.0,-12.1528,-44.99
Barreiras,2026-02-10 03:00:00,21.01,92,67.0,-12.1528,-44.99
Barreiras,2026-02-10 06:00:00,20.3,95,40.0,-12.1528,-44.99
Barreiras,2026-02-10 09:00:00,20.65,95,36.0,-12.1528,-44.99
Barreiras,2026-02-10 12:00:00,24.87,77,43.0,-12.1528,-44.99
Barreiras,2026-02-10 15:00:00,29.75,52,94.0,-12.1528,-44.99
Barreiras,2026-02-10 18:00:00,29.91,51,81.0,-12.1528,-44.99
Barreiras,2026-02-10 21:00:00,27.01,63,0.0,-12.1528,-44.99
Barreiras,2026-02-11 00:00:00,25.04,65,0.0,-12.1528,-44.99
Barreiras,2026-02-11 03:00:00,20.39,97,100.0,-12.1528,-44.99
Barreiras,2026-02-11 06:00:00,20.5,98,100.0,-12.1528,-44.99
Barreiras,2026-02-11 09:00:00,20.69,98,98.0,-12.1528,-44.99
Barreiras,2026-02-11 12:00:00,24.7,81,87.0,-12.1528,-44.99
Barreiras,2026-02-11 15:00:00,27.49,70,93.0,-12.1528,-44.99
Barreiras,2026-02-11 18:00:00,29.21,59,100.0,-12.1528,-44.99
Barreiras,2026-02-11 21:00:00,25.17,82,100.0,-12.1528,-44.99
Barreiras,2026-02-12 00:00:00,22.94,85,57.0,-12.1528,-44.99
Barreiras,2026-02-12 03:00:00,22.21,88,0.0,-12.1528,-44.99
Barreiras,2026-02-12 06:00:00,21.0,91,0.0,-12.1528,-44.99
Barreiras,2026-02-12 09:00:00,20.56,92,0.0,-12.1528,-44.99
Barreiras,2026-02-12 12:00:00,26.45,67,0.0,-12.1528,-44.99
Barreiras,2026-02-12 15:00:00,30.99,47,0.0,-12.1528,-44.99
Barreiras,2026-02-12 18:00:00,31.78,44,0.0,-12.1528,-44.99
Barreiras,2026-02-12 21:00:00,27.33,65,0.0,-12.1528,-44.99
Barreiras,2026-02-13 00:00:00,24.07,71,0.0,-12.1528,-44.99
Barreiras,2026-02-13 03:00:00,24.67,68,0.0,-12.1528,-44.99
Barreiras,2026-02-13 06:00:00,24.18,68,0.0,-12.1528,-44.99
Barreiras,2026-02-13 09:00:00,21.2,79,0.0,-12.1528,-44.99
Balsas,2026-02-08 12:00:00,22.58,92,100.0,-7.5325,-46.0356
Balsas,2026-02-08 15:00:00,24.68,85,100.0,-7.5325,-46.0356
Balsas,2026-02-08 18:00:00,25.17,85,100.0,-7.5325,-46.0356
Balsas,2026-02-08 21:00:00,23.35,91,100.0,-7.5325,-46.0356
Balsas,2026-02-09 00:00:00,22.49,93,100.0,-7.5325,-46.0356
Balsas,2026-02-09 03:00:00,21.45,96,0.0,-7.5325,-46.0356
Balsas,2026-02-09 06:00:00,20.84,96,0.0,-7.5325,-46.0356
Balsas,2026-02-09 09:00:00,20.54,95,0.0,-7.5325,-46.0356
Balsas,2026-02-09 12:00:00,24.43,77,0.0,-7.5325,-46.0356
Balsas,2026-02-09 15:00:00,29.26,53,0.0,-7.5325,-46.0356
Balsas,2026-02-09 18:00:00,29.47,57,0.0,-7.5325,-46.0356
Balsas,2026-02-09 21:00:00,25.62,78,100.0,-7.5325,-46.0356
Balsas,2026-02-10 00:00:00,23.43,86,100.0,-7.5325,-46.0356
Balsas,2026-02-10 03:00:00,22.43,90,25.0,-7.5325,-46.0356
Balsas,2026-02-10 06:00:00,21.34,95,57.0,-7.5325,-46.0356
Balsas,2026-02-10 09:00:00,20.85,95,0.0,-7.5325,-46.0356
Balsas,2026-02-10 12:00:00,25.76,70,0.0,-7.5325,-46.0356
Balsas,2026-02-10 15:00:00,30.53,52,0.0,-7.5325,-46.0356
Balsas,2026-02-10 18:00:00,29.6,62,1.0,-7.5325,-46.0356
Balsas,2026-02-10 21:00:00,25.51,81,100.0,-7.5325,-46.0356
Balsas,2026-02-11 00:00:00,24.2,86,80.0,-7.5325,-46.0356
Balsas,2026-02-11 03:00:00,21.99,95,100.0,-7.5325,-46.0356
Balsas,2026-02-11 06:00:00,21.56,96,100.0,-7.5325,-46.0356
Balsas,2026-02-11 09:00:00,21.34,95,30.0,-7.5325,-46.0356
Balsas,2026-02-11 12:00:00,25.93,81,100.0,-7.5325,-46.0356
Balsas,2026-02-11 15:00:00,28.47,69,100.0,-7.5325,-46.0356
Balsas,2026-02-11 18:00:00,28.43,71,100.0,-7.5325,-46.0356
Balsas,2026-02-11 21:00:00,27.17,78,93.0,-7.5325,-46.0356
Balsas,2026-02-12 00:00:00,24.38,84,83.0,-7.5325,-46.0356
Balsas,2026-02-12 03:00:00,22.85,90,100.0,-7.5325,-46.0356
Balsas,2026-02-12 06:00:00,22.14,92,79.0,-7.5325,-46.0356
Balsas,2026-02-12 09:00:00,21.45,95,20.0,-7.5325,-46.0356
Balsas,2026-02-12 12:00:00,25.31,80,64.0,-7.5325,-46.0356
Balsas,2026-02-12 15:00:00,29.31,65,100.0,-7.5325,-46.0356
Balsas,2026-02-12 18:00:00,28.42,71,100.0,-7.5325,-46.0356
Balsas,2026-02-12 21:00:00,27.03,79,42.0,-7.5325,-46.0356
Balsas,2026-02-13 00:00:00,23.91,89,70.0,-7.5325,-46.0356
Balsas,2026-02-13 03:00:00,22.96,91,48.0,-7.5325,-46.0356
Balsas,2026-02-13 06:00:00,22.1,94,100.0,-7.5325,-46.0356
Balsas,2026-02-13 09:00:00,20.69,97,98.0,-7.5325,-46.0356
Gurupi,2026-02-08 12:00:00,22.41,93,82.0,-11.7292,-49.0686
Gurupi,2026-02-08 15:00:00,25.65,82,100.0,-11.7292,-49.0686
Gurupi,2026-02-08 18:00:00,28.58,70,100.0,-11.7292,-49.0686
Gurupi,2026-02-08 21:00:00,24.9,87,100.0,-11.7292,-49.0686
Gurupi,2026-02-09 00:00:00,22.67,94,100.0,-11.7292,-49.0686
Gurupi,2026-02-09 03:00:00,21.89,95,78.0,-11.7292,-49.0686
Gurupi,2026-02-09 06:00:00,21.2,96,51.0,-11.7292,-49.0686
Gurupi,2026-02-09 09:00:00,20.41,97,0.0,-11.7292,-49.0686
Gurupi,2026-02-09 12:00:00,24.15,83,0.0,-11.7292,-49.0686
Gurupi,2026-02-09 15:00:00,28.83,62,0.0,-11.7292,-49.0686
Gurupi,2026-02-09 18:00:00,28.39,68,100.0,-11.7292,-49.0686
Gurupi,2026-02-09 21:00:00,25.44,84,100.0,-11.7292,-49.0686
Gurupi,2026-02-10 00:00:00,22.78,91,100.0,-11.7292,-49.0686
Gurupi,2026-02-10 03:00:00,22.17,90,0.0,-11.7292,-49.0686
Gurupi,2026-02-10 06:00:00,21.71,92,0.0,-11.7292,-49.0686
Gurupi,2026-02-10 09:00:00,21.15,93,0.0,-11.7292,-49.0686
Gurupi,2026-02-10 12:00:00,25.2,79,0.0,-11.7292,-49.0686
Gurupi,2026-02-10 15:00:00,28.28,67,100.0,-11.7292,-49.0686
Gurupi,2026-02-10 18:00:00,29.5,60,100.0,-11.7292,-49.0686
Gurupi,2026-02-10 21:00:00,26.02,82,100.0,-11.7292,-49.0686
Gurupi,2026-02-11 00:00:00,21.97,94,100.0,-11.7292,-49.0686
Gurupi,2026-02-11 03:00:00,21.93,94,100.0,-11.7292,-49.0686
Gurupi,2026-02-11 06:00:00,21.71,96,100.0,-11.7292,-49.0686
Gurupi,2026-02-11 09:00:00,21.22,97,0.0,-11.7292,-49.0686
Gurupi,2026-02-11 12:00:00,24.25,86,0.0,-11.7292,-49.0686
Gurupi,2026-02-11 15:00:00,29.39,63,0.0,-11.7292,-49.0686
Gurupi,2026-02-11 18:00:00,29.99,62,100.0,-11.7292,-49.0686
Gurupi,2026-02-11 21:00:00,26.0,83,100.0,-11.7292,-49.0686
Gurupi,2026-02-12 00:00:00,24.01,90,100.0,-11.7292,-49.0686
Gurupi,2026-02-12 03:00:00,23.39,91,0.0,-11.7292,-49.0686
Gurupi,2026-02-12 06:00:00,22.93,92,20.0,-11.7292,-49.0686
Gurupi,2026-02-12 09:00:00,22.59,92,22.0,-11.7292,-49.0686
Gurupi,2026-02-12 12:00:00,24.11,85,9.0,-11.7292,-49.0686
Gurupi,2026-02-12 15:00:00,29.26,67,100.0,-11.7292,-49.0686
Gurupi,2026-02-12 18:00:00,30.04,62,100.0,-11.7292,-49.0686
Gurupi,2026-02-12 21:00:00,26.58,82,100.0,-11.7292,-49.0686
Gurupi,2026-02-13 00:00:00,22.58,95,100.0,-11.7292,-49.0686
Gurupi,2026-02-13 03:00:00,22.11,95,100.0,-11.7292,-49.0686
Gurupi,2026-02-13 06:00:00,21.74,95,80.0,-11.7292,-49.0686
Gurupi,2026-02-13 09:00:00,21.19,97,56.0,-11.7292,-49.0686
Uruçuí,2026-02-09 12:00:00,21.58,90,0.0,-7.2294,-44.5561
Uruçuí,2026-02-09 15:00:00,27.09,67,0.0,-7.2294,-44.5561
Uruçuí,2026-02-09 18:00:00,32.27,44,0.0,-7.2294,-44.5561
Uruçuí,2026-02-09 21:00:00,26.97,66,0.0,-7.2294,-44.5561
Uruçuí,2026-02-10 00:00:00,23.78,79,0.0,-7.2294,-44.5561
Uruçuí,2026-02-10 03:00:00,22.84,81,0.0,-7.2294,-44.5561
Uruçuí,2026-02-10 06:00:00,21.83,84,0.0,-7.2294,-44.5561
Uruçuí,2026-02-10 09:00:00,21.01,90,44.0,-7.2294,-44.5561
Uruçuí,2026-02-10 12:00:00,22.88,84,29.0,-7.2294,-44.5561
Uruçuí,2026-02-10 15:00:00,30.73,55,5.0,-7.2294,-44.5561
Uruçuí,2026-02-10 18:00:00,29.51,59,27.0,-7.2294,-44.5561
Uruçuí,2026-02-10 21:00:00,27.58,69,0.0,-7.2294,-44.5561
Uruçuí,2026-02-11 00:00:00,25.1,76,0.0,-7.2294,-44.5561
Uruçuí,2026-02-11 03:00:00,23.89,80,0.0,-7.2294,-44.5561
Uruçuí,2026-02-11 06:00:00,23.42,84,48.0,-7.2294,-44.5561
Uruçuí,2026-02-11 09:00:00,22.07,94,100.0,-7.2294,-44.5561
Uruçuí,2026-02-11 12:00:00,25.96,78,100.0,-7.2294,-44.5561
Uruçuí,2026-02-11 15:00:00,30.12,62,100.0,-7.2294,-44.5561
Uruçuí,2026-02-11 18:00:00,28.68,69,100.0,-7.2294,-44.5561
Uruçuí,2026-02-11 21:00:00,26.1,81,100.0,-7.2294,-44.5561
Uruçuí,2026-02-12 00:00:00,23.98,89,80.0,-7.2294,-44.5561
Uruçuí,2026-02-12 03:00:00,23.95,90,92.0,-7.2294,-44.5561
Uruçuí,2026-02-12 06:00:00,23.06,91,70.0,-7.2294,-44.5561
Uruçuí,2026-02-12 09:00:00,21.89,95,100.0,-7.2294,-44.5561
Uruçuí,2026-02-12 12:00:00,25.93,80,100.0,-7.2294,-44.5561
Uruçuí,2026-02-12 15:00:00,28.05,71,100.0,-7.2294,-44.5561
Uruçuí,2026-02-12 18:00:00,28.55,69,100.0,-7.2294,-44.5561
Uruçuí,2026-02-12 21:00:00,26.14,81,60.0,-7.2294,-44.5561
Uruçuí,2026-02-13 00:00:00,24.33,91,100.0,-7.2294,-44.5561
Uruçuí,2026-02-13 03:00:00,22.57,94,100.0,-7.2294,-44.5561
Uruçuí,2026-02-13 06:00:00,22.25,94,80.0,-7.2294,-44.5561
Uruçuí,2026-02-13 09:00:00,21.28,97,60.0,-7.2294,-44.5561
Uruçuí,2026-02-13 12:00:00,24.14,86,49.0,-7.2294,-44.5561
Uruçuí,2026-02-13 15:00:00,27.54,72,100.0,-7.2294,-44.5561
Uruçuí,2026-02-13 18:00:00,27.89,68,100.0,-7.2294,-44.5561
Uruçuí,2026-02-13 21:00:00,25.66,82,80.0,-7.2294,-44.5561
Uruçuí,2026-02-14 00:00:00,23.59,87,58.0,-7.2294,-44.5561
Uruçuí,2026-02-14 03:00:00,22.96,89,0.0,-7.2294,-44.5561
Uruçuí,2026-02-14 06:00:00,22.21,91,0.0,-7.2294,-44.5561
Uruçuí,2026-02-14 09:00:00,21.7,96,100.0,-7.2294,-44.5561
Barreiras,2026-02-09 12:00:00,21.85,90,100.0,-12.1528,-44.99
Barreiras,2026-02-09 15:00:00,27.32,64,0.0,-12.1528,-44.99
Barreiras,2026-02-09 18:00:00,31.45,47,0.0,-12.1528,-44.99
Barreiras,2026-02-09 21:00:00,27.16,65,0.0,-12.1528,-44.99
Barreiras,2026-02-10 00:00:00,20.88,96,100.0,-12.1528,-44.99
Barreiras,2026-02-10 03:00:00,20.72,94,32.0,-12.1528,-44.99
Barreiras,2026-02-10 06:00:00,20.32,95,45.0,-12.1528,-44.99
Barreiras,2026-02-10 09:00:00,19.85,96,73.0,-12.1528,-44.99
Barreiras,2026-02-10 12:00:00,26.18,71,69.0,-12.1528,-44.99
Barreiras,2026-02-10 15:00:00,31.39,48,90.0,-12.1528,-44.99
Barreiras,2026-02-10 18:00:00,32.27,41,75.0,-12.1528,-44.99
Barreiras,2026-02-10 21:00:00,27.57,64,0.0,-12.1528,-44.99
Barreiras,2026-02-11 00:00:00,24.96,70,15.0,-12.1528,-44.99
Barreiras,2026-02-11 03:00:00,21.28,93,100.0,-12.1528,-44.99
Barreiras,2026-02-11 06:00:00,20.35,97,100.0,-12.1528,-44.99
Barreiras,2026-02-11 09:00:00,20.23,97,100.0,-12.1528,-44.99
Barreiras,2026-02-11 12:00:00,24.19,82,100.0,-12.1528,-44.99
Barreiras,2026-02-11 15:00:00,31.46,46,7.0,-12.1528,-44.99
Barreiras,2026-02-11 18:00:00,26.06,74,81.0,-12.1528,-44.99
Barreiras,2026-02-11 21:00:00,23.82,90,100.0,-12.1528,-44.99
Barreiras,2026-02-12 00:00:00,21.08,96,100.0,-12.1528,-44.99
Barreiras,2026-02-12 03:00:00,20.95,97,55.0,-12.1528,-44.99
Barreiras,2026-02-12 06:00:00,21.04,95,5.0,-12.1528,-44.99
Barreiras,2026-02-12 09:00:00,20.16,96,0.0,-12.1528,-44.99
Barreiras,2026-02-12 12:00:00,26.36,69,0.0,-12.1528,-44.99
Barreiras,2026-02-12 15:00:00,31.15,49,97.0,-12.1528,-44.99
Barreiras,2026-02-12 18:00:00,30.24,53,83.0,-12.1528,-44.99
Barreiras,2026-02-12 21:00:00,26.41,63,0.0,-12.1528,-44.99
Barreiras,2026-02-13 00:00:00,23.33,73,0.0,-12.1528,-44.99
Barreiras,2026-02-13 03:00:00,23.79,72,9.0,-12.1528,-44.99
Barreiras,2026-02-13 06:00:00,21.19,77,0.0,-12.1528,-44.99
Barreiras,2026-02-13 09:00:00,18.81,71,0.0,-12.1528,-44.99
Barreiras,2026-02-13 12:00:00,26.96,53,0.0,-12.1528,-44.99
Barreiras,2026-02-13 15:00:00,32.14,42,0.0,-12.1528,-44.99
Barreiras,2026-02-13 18:00:00,29.63,56,0.0,-12.1528,-44.99
Barreiras,2026-02-13 21:00:00,27.85,62,0.0,-12.1528,-44.99
Barreiras,2026-02-14 00:00:00,23.67,69,0.0,-12.1528,-44.99
Barreiras,2026-02-14 03:00:00,22.53,67,0.0,-12.1528,-44.99
Barreiras,2026-02-14 06:00:00,21.3,72,0.0,-12.1528,-44.99
Barreiras,2026-02-14 09:00:00,22.44,64,0.0,-12.1528,-44.99
Balsas,2026-02-09 12:00:00,22.22,91,0.0,-7.5325,-46.0356
Balsas,2026-02-09 15:00:00,27.08,68,0.0,-7.5325,-46.0356
Balsas,2026-02-09 18:00:00,29.84,58,42.0,-7.5325,-46.0356
Balsas,2026-02-09 21:00:00,25.71,82,100.0,-7.5325,-46.0356
Balsas,2026-02-10 00:00:00,22.99,89,99.0,-7.5325,-46.0356
Balsas,2026-02-10 03:00:00,22.18,89,6.0,-7.5325,-46.0356
Balsas,2026-02-10 06:00:00,20.97,88,1.0,-7.5325,-46.0356
Balsas,2026-02-10 09:00:00,20.15,88,0.0,-7.5325,-46.0356
Balsas,2026-02-10 12:00:00,25.69,68,0.0,-7.5325,-46.0356
Balsas,2026-02-10 15:00:00,30.76,50,0.0,-7.5325,-46.0356
Balsas,2026-02-10 18:00:00,31.72,48,0.0,-7.5325,-46.0356
Balsas,2026-02-10 21:00:00,25.65,78,100.0,-7.5325,-46.0356
Balsas,2026-02-11 00:00:00,23.65,88,100.0,-7.5325,-46.0356
Balsas,2026-02-11 03:00:00,22.45,91,3.0,-7.5325,-46.0356
Balsas,2026-02-11 06:00:00,21.68,93,35.0,-7.5325,-46.0356
Balsas,2026-02-11 09:00:00,21.36,94,0.0,-7.5325,-46.0356
Balsas,2026-02-11 12:00:00,26.49,75,35.0,-7.5325,-46.0356
Balsas,2026-02-11 15:00:00,29.36,66,100.0,-7.5325,-46.0356
Balsas,2026-02-11 18:00:00,30.04,60,100.0,-7.5325,-46.0356
Balsas,2026-02-11 21:00:00,24.98,85,100.0,-7.5325,-46.0356
Balsas,2026-02-12 00:00:00,24.07,88,100.0,-7.5325,-46.0356
Balsas,2026-02-12 03:00:00,23.01,93,100.0,-7.5325,-46.0356
Balsas,2026-02-12 06:00:00,22.1,96,80.0,-7.5325,-46.0356
Balsas,2026-02-12 09:00:00,21.57,97,29.0,-7.5325,-46.0356
Balsas,2026-02-12 12:00:00,25.01,83,91.0,-7.5325,-46.0356
Balsas,2026-02-12 15:00:00,29.59,66,100.0,-7.5325,-46.0356
Balsas,2026-02-12 18:00:00,28.98,67,100.0,-7.5325,-46.0356
Balsas,2026-02-12 21:00:00,26.77,81,100.0,-7.5325,-46.0356
Balsas,2026-02-13 00:00:00,23.42,92,100.0,-7.5325,-46.0356
Balsas,2026-02-13 03:00:00,22.62,94,100.0,-7.5325,-46.0356
Balsas,2026-02-13 06:00:00,21.92,94,75.0,-7.5325,-46.0356
Balsas,2026-02-13 09:00:00,21.51,96,47.0,-7.5325,-46.0356
Balsas,2026-02-13 12:00:00,25.07,81,33.0,-7.5325,-46.0356
Balsas,2026-02-13 15:00:00,27.68,72,100.0,-7.5325,-46.0356
Balsas,2026-02-13 18:00:00,27.78,72,100.0,-7.5325,-46.0356
Balsas,2026-02-13 21:00:00,24.45,88,100.0,-7.5325,-46.0356
Balsas,2026-02-14 00:00:00,22.94,92,100.0,-7.5325,-46.0356
Balsas,2026-02-14 03:00:00,22.27,94,100.0,-7.5325,-46.0356
Balsas,2026-02-14 06:00:00,21.66,97,99.0,-7.5325,-46.0356
Balsas,2026-02-14 09:00:00,21.38,97,100.0,-7.5325,-46.0356
Gurupi,2026-02-09 12:00:00,22.4,90,0.0,-11.7292,-49.0686
Gurupi,2026-02-09 15:00:00,26.56,71,0.0,-11.7292,-49.0686
Gurupi,2026-02-09 18:00:00,29.72,59,0.0,-11.7292,-49.0686
Gurupi,2026-02-09 21:00:00,26.56,78,98.0,-11.7292,-49.0686
Gurupi,2026-02-10 00:00:00,23.17,84,89.0,-11.7292,-49.0686
Gurupi,2026-02-10 03:00:00,22.45,89,36.0,-11.7292,-49.0686
Gurupi,2026-02-10 06:00:00,22.47,86,8.0,-11.7292,-49.0686
Gurupi,2026-02-10 09:00:00,21.58,90,65.0,-11.7292,-49.0686
Gurupi,2026-02-10 12:00:00,25.66,76,25.0,-11.7292,-49.0686
Gurupi,2026-02-10 15:00:00,29.85,59,33.0,-11.7292,-49.0686
Gurupi,2026-02-10 18:00:00,30.98,54,94.0,-11.7292,-49.0686
Gurupi,2026-02-10 21:00:00,26.56,73,51.0,-11.7292,-49.0686
Gurupi,2026-02-11 00:00:00,23.0,91,100.0,-11.7292,-49.0686
Gurupi,2026-02-11 03:00:00,21.92,96,86.0,-11.7292,-49.0686
Gurupi,2026-02-11 06:00:00,21.29,97,80.0,-11.7292,-49.0686
Gurupi,2026-02-11 09:00:00,21.18,97,100.0,-11.7292,-49.0686
Gurupi,2026-02-11 12:00:00,21.88,96,100.0,-11.7292,-49.0686
Gurupi,2026-02-11 15:00:00,22.61,94,0.0,-11.7292,-49.0686
Gurupi,2026-02-11 18:00:00,24.64,83,0.0,-11.7292,-49.0686
Gurupi,2026-02-11 21:00:00,25.43,82,0.0,-11.7292,-49.0686
Gurupi,2026-02-12 00:00:00,22.88,89,0.0,-11.7292,-49.0686
Gurupi,2026-02-12 03:00:00,21.38,95,80.0,-11.7292,-49.0686
Gurupi,2026-02-12 06:00:00,21.99,94,81.0,-11.7292,-49.0686
Gurupi,2026-02-12 09:00:00,21.99,93,2.0,-11.7292,-49.0686
Gurupi,2026-02-12 12:00:00,24.73,82,0.0,-11.7292,-49.0686
Gurupi,2026-02-12 15:00:00,29.7,60,39.0,-11.7292,-49.0686
Gurupi,2026-02-12 18:00:00,28.68,69,100.0,-11.7292,-49.0686
Gurupi,2026-02-12 21:00:00,26.38,84,100.0,-11.7292,-49.0686
Gurupi,2026-02-13 00:00:00,23.08,91,100.0,-11.7292,-49.0686
Gurupi,2026-02-13 03:00:00,22.94,91,100.0,-11.7292,-49.0686
Gurupi,2026-02-13 06:00:00,22.24,94,80.0,-11.7292,-49.0686
Gurupi,2026-02-13 09:00:00,21.28,96,0.0,-11.7292,-49.0686
Gurupi,2026-02-13 12:00:00,25.41,82,0.0,-11.7292,-49.0686
Gurupi,2026-02-13 15:00:00,29.26,66,100.0,-11.7292,-49.0686
Gurupi,2026-02-13 18:00:00,30.05,62,100.0,-11.7292,-49.0686
Gurupi,2026-02-13 21:00:00,27.34,77,100.0,-11.7292,-49.0686
Gurupi,2026-02-14 00:00:00,24.81,82,94.0,-11.7292,-49.0686
Gurupi,2026-02-14 03:00:00,22.9,89,32.0,-11.7292,-49.0686
Gurupi,2026-02-14 06:00:00,21.85,94,66.0,-11.7292,-49.0686
Gurupi,2026-02-14 09:00:00,21.32,95,67.0,-11.7292,-49.0686
Uruçuí,2026-02-10 12:00:00,23.58,81,0.0,-7.2294,-44.5561
Uruçuí,2026-02-10 15:00:00,28.53,62,39.0,-7.2294,-44.5561
Uruçuí,2026-02-10 18:00:00,29.95,57,0.0,-7.2294,-44.5561
Uruçuí,2026-02-10 21:00:00,27.43,68,0.0,-7.2294,-44.5561
Uruçuí,2026-02-11 00:00:00,24.58,75,0.0,-7.2294,-44.5561
Uruçuí,2026-02-11 03:00:00,24.66,75,0.0,-7.2294,-44.5561
Uruçuí,2026-02-11 06:00:00,23.87,82,39.0,-7.2294,-44.5561
Uruçuí,2026-02-11 09:00:00,21.87,95,100.0,-7.2294,-44.5561
Uruçuí,2026-02-11 12:00:00,25.71,81,100.0,-7.2294,-44.5561
Uruçuí,2026-02-11 15:00:00,29.54,65,100.0,-7.2294,-44.5561
Uruçuí,2026-02-11 18:00:00,29.37,65,100.0,-7.2294,-44.5561
Uruçuí,2026-02-11 21:00:00,25.9,85,100.0,-7.2294,-44.5561
Uruçuí,2026-02-12 00:00:00,23.67,90,100.0,-7.2294,-44.5561
Uruçuí,2026-02-12 03:00:00,22.9,94,35.0,-7.2294,-44.5561
Uruçuí,2026-02-12 06:00:00,22.13,96,17.0,-7.2294,-44.5561
Uruçuí,2026-02-12 09:00:00,22.5,95,13.0,-7.2294,-44.5561
Uruçuí,2026-02-12 12:00:00,24.31,89,100.0,-7.2294,-44.5561
Uruçuí,2026-02-12 15:00:00,27.4,75,100.0,-7.2294,-44.5561
Uruçuí,2026-02-12 18:00:00,28.38,71,100.0,-7.2294,-44.5561
Uruçuí,2026-02-12 21:00:00,25.49,86,100.0,-7.2294,-44.5561
Uruçuí,2026-02-13 00:00:00,22.91,95,100.0,-7.2294,-44.5561
Uruçuí,2026-02-13 03:00:00,22.29,95,100.0,-7.2294,-44.5561
Uruçuí,2026-02-13 06:00:00,21.88,97,80.0,-7.2294,-44.5561
Uruçuí,2026-02-13 09:00:00,21.53,97,0.0,-7.2294,-44.5561
Uruçuí,2026-02-13 12:00:00,25.83,73,0.0,-7.2294,-44.5561
Uruçuí,2026-02-13 15:00:00,30.41,54,40.0,-7.2294,-44.5561
Uruçuí,2026-02-13 18:00:00,27.58,74,100.0,-7.2294,-44.5561
Uruçuí,2026-02-13 21:00:00,24.92,86,100.0,-7.2294,-44.5561
Uruçuí,2026-02-14 00:00:00,23.04,94,100.0,-7.2294,-44.5561
Uruçuí,2026-02-14 03:00:00,22.18,95,51.0,-7.2294,-44.5561
Uruçuí,2026-02-14 06:00:00,22.06,94,20.0,-7.2294,-44.5561
Uruçuí,2026-02-14 09:00:00,21.97,93,0.0,-7.2294,-44.5561
Uruçuí,2026-02-14 12:00:00,24.08,85,0.0,-7.2294,-44.5561
Uruçuí,2026-02-14 15:00:00,27.8,71,100.0,-7.2294,-44.5561
Uruçuí,2026-02-14 18:00:00,29.72,60,100.0,-7.2294,-44.5561
Uruçuí,2026-02-14 21:00:00,25.6,85,100.0,-7.2294,-44.5561
Uruçuí,2026-02-15 00:00:00,23.94,88,80.0,-7.2294,-44.5561
Uruçuí,2026-02-15 03:00:00,23.1,92,100.0,-7.2294,-44.5561
Uruçuí,2026-02-15 06:00:00,22.54,96,100.0,-7.2294,-44.5561
Uruçuí,2026-02-15 09:00:00,22.21,95,0.0,-7.2294,-44.5561
Barreiras,2026-02-10 12:00:00,21.8,90,91.0,-12.1528,-44.99
Barreiras,2026-02-10 15:00:00,27.65,62,38.0,-12.1528,-44.99
Barreiras,2026-02-10 18:00:00,31.75,43,4.0,-12.1528,-44.99
Barreiras,2026-02-10 21:00:00,27.5,65,0.0,-12.1528,-44.99
Barreiras,2026-02-11 00:00:00,24.31,69,0.0,-12.1528,-44.99
Barreiras,2026-02-11 03:00:00,21.51,86,86.0,-12.1528,-44.99
Barreiras,2026-02-11 06:00:00,20.15,95,100.0,-12.1528,-44.99
Barreiras,2026-02-11 09:00:00,19.92,97,100.0,-12.1528,-44.99
Barreiras,2026-02-11 12:00:00,22.89,89,100.0,-12.1528,-44.99
Barreiras,2026-02-11 15:00:00,30.26,57,59.0,-12.1528,-44.99
Barreiras,2026-02-11 18:00:00,30.08,56,100.0,-12.1528,-44.99
Barreiras,2026-02-11 21:00:00,23.67,92,100.0,-12.1528,-44.99
Barreiras,2026-02-12 00:00:00,21.81,93,80.0,-12.1528,-44.99
Barreiras,2026-02-12 03:00:00,21.0,97,100.0,-12.1528,-44.99
Barreiras,2026-02-12 06:00:00,20.47,97,100.0,-12.1528,-44.99
Barreiras,2026-02-12 09:00:00,20.53,97,0.0,-12.1528,-44.99
Barreiras,2026-02-12 12:00:00,25.21,77,0.0,-12.1528,-44.99
Barreiras,2026-02-12 15:00:00,31.51,47,0.0,-12.1528,-44.99
Barreiras,2026-02-12 18:00:00,27.28,65,0.0,-12.1528,-44.99
Barreiras,2026-02-12 21:00:00,25.95,69,0.0,-12.1528,-44.99
Barreiras,2026-02-13 00:00:00,23.69,73,0.0,-12.1528,-44.99
Barreiras,2026-02-13 03:00:00,22.25,82,0.0,-12.1528,-44.99
Barreiras,2026-02-13 06:00:00,20.64,83,0.0,-12.1528,-44.99
Barreiras,2026-02-13 09:00:00,18.83,79,0.0,-12.1528,-44.99
Barreiras,2026-02-13 12:00:00,26.14,62,0.0,-12.1528,-44.99
Barreiras,2026-02-13 15:00:00,30.99,47,0.0,-12.1528,-44.99
Barreiras,2026-02-13 18:00:00,30.62,49,0.0,-12.1528,-44.99
Barreiras,2026-02-13 21:00:00,26.78,70,0.0,-12.1528,-44.99
Barreiras,2026-02-14 00:00:00,22.93,81,20.0,-12.1528,-44.99
Barreiras,2026-02-14 03:00:00,22.27,83,0.0,-12.1528,-44.99
Barreiras,2026-02-14 06:00:00,21.35,88,35.0,-12.1528,-44.99
Barreiras,2026-02-14 09:00:00,20.97,90,0.0,-12.1528,-44.99
Barreiras,2026-02-14 12:00:00,27.4,60,8.0,-12.1528,-44.99
Barreiras,2026-02-14 15:00:00,31.54,46,0.0,-12.1528,-44.99
Barreiras,2026-02-14 18:00:00,29.64,56,0.0,-12.1528,-44.99
Barreiras,2026-02-14 21:00:00,26.24,62,0.0,-12.1528,-44.99
Barreiras,2026-02-15 00:00:00,22.86,76,24.0,-12.1528,-44.99
Barreiras,2026-02-15 03:00:00,21.81,81,0.0,-12.1528,-44.99
Barreiras,2026-02-15 06:00:00,23.1,76,0.0,-12.1528,-44.99
Barreiras,2026-02-15 09:00:00,20.68,86,0.0,-12.1528,-44.99
Balsas,2026-02-10 12:00:00,22.8,85,0.0,-7.5325,-46.0356
Balsas,2026-02-10 15:00:00,28.25,62,0.0,-7.5325,-46.0356
Balsas,2026-02-10 18:00:00,28.18,70,34.0,-7.5325,-46.0356
Balsas,2026-02-10 21:00:00,27.3,72,86.0,-7.5325,-46.0356
Balsas,2026-02-11 00:00:00,23.25,89,88.0,-7.5325,-46.0356
Balsas,2026-02-11 03:00:00,22.18,94,100.0,-7.5325,-46.0356
Balsas,2026-02-11 06:00:00,22.38,92,78.0,-7.5325,-46.0356
Balsas,2026-02-11 09:00:00,22.18,92,0.0,-7.5325,-46.0356
Balsas,2026-02-11 12:00:00,26.42,75,39.0,-7.5325,-46.0356
Balsas,2026-02-11 15:00:00,29.2,68,100.0,-7.5325,-46.0356
Balsas,2026-02-11 18:00:00,29.49,66,100.0,-7.5325,-46.0356
Balsas,2026-02-11 21:00:00,25.37,85,100.0,-7.5325,-46.0356
Balsas,2026-02-12 00:00:00,23.34,93,100.0,-7.5325,-46.0356
Balsas,2026-02-12 03:00:00,23.02,93,100.0,-7.5325,-46.0356
Balsas,2026-02-12 06:00:00,22.11,95,100.0,-7.5325,-46.0356
Balsas,2026-02-12 09:00:00,21.43,98,0.0,-7.5325,-46.0356
Balsas,2026-02-12 12:00:00,24.69,84,20.0,-7.5325,-46.0356
Balsas,2026-02-12 15:00:00,27.27,75,100.0,-7.5325,-46.0356
Balsas,2026-02-12 18:00:00,27.97,71,100.0,-7.5325,-46.0356
Balsas,2026-02-12 21:00:00,24.3,89,100.0,-7.5325,-46.0356
Balsas,2026-02-13 00:00:00,22.93,93,100.0,-7.5325,-46.0356
Balsas,2026-02-13 03:00:00,22.74,94,83.0,-7.5325,-46.0356
Balsas,2026-02-13 06:00:00,22.21,95,97.0,-7.5325,-46.0356
Balsas,2026-02-13 09:00:00,21.4,97,0.0,-7.5325,-46.0356
Balsas,2026-02-13 12:00:00,24.4,86,97.0,-7.5325,-46.0356
Balsas,2026-02-13 15:00:00,29.85,63,86.0,-7.5325,-46.0356
Balsas,2026-02-13 18:00:00,28.7,67,100.0,-7.5325,-46.0356
Balsas,2026-02-13 21:00:00,25.15,85,100.0,-7.5325,-46.0356
Balsas,2026-02-14 00:00:00,23.56,90,100.0,-7.5325,-46.0356
Balsas,2026-02-14 03:00:00,22.21,95,100.0,-7.5325,-46.0356
Balsas,2026-02-14 06:00:00,22.19,95,100.0,-7.5325,-46.0356
Balsas,2026-02-14 09:00:00,21.69,96,0.0,-7.5325,-46.0356
Balsas,2026-02-14 12:00:00,24.24,87,92.0,-7.5325,-46.0356
Balsas,2026-02-14 15:00:00,28.02,69,100.0,-7.5325,-46.0356
Balsas,2026-02-14 18:00:00,28.91,63,100.0,-7.5325,-46.0356
Balsas,2026-02-14 21:00:00,24.69,83,70.0,-7.5325,-46.0356
Balsas,2026-02-15 00:00:00,23.79,85,64.0,-7.5325,-46.0356
Balsas,2026-02-15 03:00:00,22.75,92,25.0,-7.5325,-46.0356
Balsas,2026-02-15 06:00:00,22.47,93,13.0,-7.5325,-46.0356
Balsas,2026-02-15 09:00:00,22.34,93,0.0,-7.5325,-46.0356
Gurupi,2026-02-10 12:00:00,22.31,92,100.0,-11.7292,-49.0686
Gurupi,2026-02-10 15:00:00,26.1,78,100.0,-11.7292,-49.0686
Gurupi,2026-02-10 18:00:00,28.92,68,100.0,-11.7292,-49.0686
Gurupi,2026-02-10 21:00:00,25.09,88,100.0,-11.7292,-49.0686
Gurupi,2026-02-11 00:00:00,22.24,96,100.0,-11.7292,-49.0686
Gurupi,2026-02-11 03:00:00,21.55,96,53.0,-11.7292,-49.0686
Gurupi,2026-02-11 06:00:00,21.42,97,42.0,-11.7292,-49.0686
Gurupi,2026-02-11 09:00:00,20.9,98,0.0,-11.7292,-49.0686
Gurupi,2026-02-11 12:00:00,24.09,86,0.0,-11.7292,-49.0686
Gurupi,2026-02-11 15:00:00,28.63,64,0.0,-11.7292,-49.0686
Gurupi,2026-02-11 18:00:00,28.79,66,44.0,-11.7292,-49.0686
Gurupi,2026-02-11 21:00:00,26.14,85,100.0,-11.7292,-49.0686
Gurupi,2026-02-12 00:00:00,23.41,90,100.0,-11.7292,-49.0686
Gurupi,2026-02-12 03:00:00,21.75,98,100.0,-11.7292,-49.0686
Gurupi,2026-02-12 06:00:00,21.57,98,100.0,-11.7292,-49.0686
Gurupi,2026-02-12 09:00:00,21.23,98,95.0,-11.7292,-49.0686
Gurupi,2026-02-12 12:00:00,21.88,95,92.0,-11.7292,-49.0686
Gurupi,2026-02-12 15:00:00,24.68,82,0.0,-11.7292,-49.0686
Gurupi,2026-02-12 18:00:00,28.82,65,38.0,-11.7292,-49.0686
Gurupi,2026-02-12 21:00:00,26.03,84,100.0,-11.7292,-49.0686
Gurupi,2026-02-13 00:00:00,23.19,93,94.0,-11.7292,-49.0686
Gurupi,2026-02-13 03:00:00,21.64,97,100.0,-11.7292,-49.0686
Gurupi,2026-02-13 06:00:00,21.08,97,80.0,-11.7292,-49.0686
Gurupi,2026-02-13 09:00:00,20.68,97,0.0,-11.7292,-49.0686
Gurupi,2026-02-13 12:00:00,25.12,82,0.0,-11.7292,-49.0686
Gurupi,2026-02-13 15:00:00,29.15,67,100.0,-11.7292,-49.0686
Gurupi,2026-02-13 18:00:00,30.93,54,100.0,-11.7292,-49.0686
Gurupi,2026-02-13 21:00:00,25.96,79,69.0,-11.7292,-49.0686
Gurupi,2026-02-14 00:00:00,24.82,85,58.0,-11.7292,-49.0686
Gurupi,2026-02-14 03:00:00,22.94,91,0.0,-11.7292,-49.0686
Gurupi,2026-02-14 06:00:00,21.98,94,49.0,-11.7292,-49.0686
Gurupi,2026-02-14 09:00:00,21.49,95,20.0,-11.7292,-49.0686
Gurupi,2026-02-14 12:00:00,25.99,79,0.0,-11.7292,-49.0686
Gurupi,2026-02-14 15:00:00,30.15,61,68.0,-11.7292,-49.0686
Gurupi,2026-02-14 18:00:00,30.94,57,100.0,-11.7292,-49.0686
Gurupi,2026-02-14 21:00:00,26.86,78,100.0,-11.7292,-49.0686
Gurupi,2026-02-15 00:00:00,24.58,80,90.0,-11.7292,-49.0686
Gurupi,2026-02-15 03:00:00,23.49,85,87.0,-11.7292,-49.0686
Gurupi,2026-02-15 06:00:00,22.86,88,66.0,-11.7292,-49.0686
Gurupi,2026-02-15 09:00:00,22.54,90,0.0,-11.7292,-49.0686
Uruçuí,2026-02-11 12:00:00,23.9,85,100.0,-7.2294,-44.5561
Uruçuí,2026-02-11 15:00:00,28.87,63,100.0,-7.2294,-44.5561
Uruçuí,2026-02-11 18:00:00,28.6,69,100.0,-7.2294,-44.5561
Uruçuí,2026-02-11 21:00:00,27.58,74,74.0,-7.2294,-44.5561
Uruçuí,2026-02-12 00:00:00,24.82,83,23.0,-7.2294,-44.5561
Uruçuí,2026-02-12 03:00:00,23.75,88,23.0,-7.2294,-44.5561
Uruçuí,2026-02-12 06:00:00,22.77,89,10.0,-7.2294,-44.5561
Uruçuí,2026-02-12 09:00:00,21.67,94,97.0,-7.2294,-44.5561
Uruçuí,2026-02-12 12:00:00,24.52,87,100.0,-7.2294,-44.5561
Uruçuí,2026-02-12 15:00:00,29.1,68,100.0,-7.2294,-44.5561
Uruçuí,2026-02-12 18:00:00,28.96,64,100.0,-7.2294,-44.5561
Uruçuí,2026-02-12 21:00:00,26.67,78,100.0,-7.2294,-44.5561
Uruçuí,2026-02-13 00:00:00,24.28,86,100.0,-7.2294,-44.5561
Uruçuí,2026-02-13 03:00:00,22.87,93,100.0,-7.2294,-44.5561
Uruçuí,2026-02-13 06:00:00,23.1,92,80.0,-7.2294,-44.5561
Uruçuí,2026-02-13 09:00:00,21.87,97,41.0,-7.2294,-44.5561
Uruçuí,2026-02-13 12:00:00,24.92,81,41.0,-7.2294,-44.5561
Uruçuí,2026-02-13 15:00:00,28.59,63,60.0,-7.2294,-44.5561
Uruçuí,2026-02-13 18:00:00,27.35,75,100.0,-7.2294,-44.5561
Uruçuí,2026-02-13 21:00:00,25.02,87,100.0,-7.2294,-44.5561
Uruçuí,2026-02-14 00:00:00,23.45,91,100.0,-7.2294,-44.5561
Uruçuí,2026-02-14 03:00:00,22.68,95,93.0,-7.2294,-44.5561
Uruçuí,2026-02-14 06:00:00,22.49,93,72.0,-7.2294,-44.5561
Uruçuí,2026-02-14 09:00:00,21.64,95,89.0,-7.2294,-44.5561
Uruçuí,2026-02-14 12:00:00,25.74,81,100.0,-7.2294,-44.5561
Uruçuí,2026-02-14 15:00:00,28.51,68,100.0,-7.2294,-44.5561
Uruçuí,2026-02-14 18:00:00,29.09,67,100.0,-7.2294,-44.5561
Uruçuí,2026-02-14 21:00:00,26.76,77,100.0,-7.2294,-44.5561
Uruçuí,2026-02-15 00:00:00,24.1,90,100.0,-7.2294,-44.5561
Uruçuí,2026-02-15 03:00:00,22.71,96,100.0,-7.2294,-44.5561
Uruçuí,2026-02-15 06:00:00,21.88,95,100.0,-7.2294,-44.5561
Uruçuí,2026-02-15 09:00:00,21.06,97,100.0,-7.2294,-44.5561
Uruçuí,2026-02-15 12:00:00,22.31,92,100.0,-7.2294,-44.5561
Uruçuí,2026-02-15 15:00:00,25.25,81,38.0,-7.2294,-44.5561
Uruçuí,2026-02-15 18:00:00,28.05,68,24.0,-7.2294,-44.5561
Uruçuí,2026-02-15 21:00:00,26.15,80,0.0,-7.2294,-44.5561
Uruçuí,2026-02-16 00:00:00,24.44,83,29.0,-7.2294,-44.5561
Uruçuí,2026-02-16 03:00:00,23.57,90,100.0,-7.2294,-44.5561
Uruçuí,2026-02-16 06:00:00,22.07,95,100.0,-7.2294,-44.5561
Uruçuí,2026-02-16 09:00:00,21.27,96,96.0,-7.2294,-44.5561
Barreiras,2026-02-11 12:00:00,21.94,94,100.0,-12.1528,-44.99
Barreiras,2026-02-11 15:00:00,26.07,76,100.0,-12.1528,-44.99
Barreiras,2026-02-11 18:00:00,28.34,69,100.0,-12.1528,-44.99
Barreiras,2026-02-11 21:00:00,25.43,84,100.0,-12.1528,-44.99
Barreiras,2026-02-12 00:00:00,21.86,96,100.0,-12.1528,-44.99
Barreiras,2026-02-12 03:00:00,21.42,96,100.0,-12.1528,-44.99
Barreiras,2026-02-12 06:00:00,21.68,95,100.0,-12.1528,-44.99
Barreiras,2026-02-12 09:00:00,20.82,93,0.0,-12.1528,-44.99
Barreiras,2026-02-12 12:00:00,24.35,79,0.0,-12.1528,-44.99
Barreiras,2026-02-12 15:00:00,30.61,48,0.0,-12.1528,-44.99
Barreiras,2026-02-12 18:00:00,32.75,39,0.0,-12.1528,-44.99
Barreiras,2026-02-12 21:00:00,26.91,64,0.0,-12.1528,-44.99
Barreiras,2026-02-13 00:00:00,23.2,72,0.0,-12.1528,-44.99
Barreiras,2026-02-13 03:00:00,22.18,69,0.0,-12.1528,-44.99
Barreiras,2026-02-13 06:00:00,20.66,69,0.0,-12.1528,-44.99
Barreiras,2026-02-13 09:00:00,19.62,79,0.0,-12.1528,-44.99
Barreiras,2026-02-13 12:00:00,26.55,58,0.0,-12.1528,-44.99
Barreiras,2026-02-13 15:00:00,31.08,46,0.0,-12.1528,-44.99
Barreiras,2026-02-13 18:00:00,26.79,68,25.0,-12.1528,-44.99
Barreiras,2026-02-13 21:00:00,25.61,77,0.0,-12.1528,-44.99
Barreiras,2026-02-14 00:00:00,23.43,79,25.0,-12.1528,-44.99
Barreiras,2026-02-14 03:00:00,22.24,83,0.0,-12.1528,-44.99
Barreiras,2026-02-14 06:00:00,21.28,86,20.0,-12.1528,-44.99
Barreiras,2026-02-14 09:00:00,20.42,88,0.0,-12.1528,-44.99
Barreiras,2026-02-14 12:00:00,27.28,61,0.0,-12.1528,-44.99
Barreiras,2026-02-14 15:00:00,31.55,47,2.0,-12.1528,-44.99
Barreiras,2026-02-14 18:00:00,28.89,63,0.0,-12.1528,-44.99
Barreiras,2026-02-14 21:00:00,24.85,78,24.0,-12.1528,-44.99
Barreiras,2026-02-15 00:00:00,22.25,90,87.0,-12.1528,-44.99
Barreiras,2026-02-15 03:00:00,21.76,91,63.0,-12.1528,-44.99
Barreiras,2026-02-15 06:00:00,21.13,93,34.0,-12.1528,-44.99
Barreiras,2026-02-15 09:00:00,20.98,93,0.0,-12.1528,-44.99
Barreiras,2026-02-15 12:00:00,27.06,67,0.0,-12.1528,-44.99
Barreiras,2026-02-15 15:00:00,31.6,46,0.0,-12.1528,-44.99
Barreiras,2026-02-15 18:00:00,33.8,34,0.0,-12.1528,-44.99
Barreiras,2026-02-15 21:00:00,27.43,61,0.0,-12.1528,-44.99
Barreiras,2026-02-16 00:00:00,24.2,67,0.0,-12.1528,-44.99
Barreiras,2026-02-16 03:00:00,22.18,68,0.0,-12.1528,-44.99
Barreiras,2026-02-16 06:00:00,20.82,69,0.0,-12.1528,-44.99
Barreiras,2026-02-16 09:00:00,19.69,74,0.0,-12.1528,-44.99
Balsas,2026-02-11 12:00:00,23.61,87,100.0,-7.5325,-46.0356
Balsas,2026-02-11 15:00:00,28.28,67,100.0,-7.5325,-46.0356
Balsas,2026-02-11 18:00:00,27.34,73,100.0,-7.5325,-46.0356
Balsas,2026-02-11 21:00:00,25.94,82,100.0,-7.5325,-46.0356
Balsas,2026-02-12 00:00:00,23.55,90,80.0,-7.5325,-46.0356
Balsas,2026-02-12 03:00:00,22.96,91,0.0,-7.5325,-46.0356
Balsas,2026-02-12 06:00:00,21.56,96,57.0,-7.5325,-46.0356
Balsas,2026-02-12 09:00:00,21.36,96,75.0,-7.5325,-46.0356
Balsas,2026-02-12 12:00:00,25.18,82,90.0,-7.5325,-46.0356
Balsas,2026-02-12 15:00:00,29.14,65,100.0,-7.5325,-46.0356
Balsas,2026-02-12 18:00:00,29.6,63,100.0,-7.5325,-46.0356
Balsas,2026-02-12 21:00:00,26.13,80,100.0,-7.5325,-46.0356
Balsas,2026-02-13 00:00:00,23.38,91,100.0,-7.5325,-46.0356
Balsas,2026-02-13 03:00:00,22.26,94,100.0,-7.5325,-46.0356
Balsas,2026-02-13 06:00:00,21.58,95,100.0,-7.5325,-46.0356
Balsas,2026-02-13 09:00:00,21.9,94,11.0,-7.5325,-46.0356
Balsas,2026-02-13 12:00:00,23.97,88,100.0,-7.5325,-46.0356
Balsas,2026-02-13 15:00:00,25.27,86,100.0,-7.5325,-46.0356
Balsas,2026-02-13 18:00:00,28.03,69,100.0,-7.5325,-46.0356
Balsas,2026-02-13 21:00:00,26.0,80,69.0,-7.5325,-46.0356
Balsas,2026-02-14 00:00:00,23.18,92,100.0,-7.5325,-46.0356
Balsas,2026-02-14 03:00:00,22.72,94,99.0,-7.5325,-46.0356
Balsas,2026-02-14 06:00:00,22.25,95,72.0,-7.5325,-46.0356
Balsas,2026-02-14 09:00:00,21.74,95,0.0,-7.5325,-46.0356
Balsas,2026-02-14 12:00:00,25.67,79,33.0,-7.5325,-46.0356
Balsas,2026-02-14 15:00:00,28.52,68,100.0,-7.5325,-46.0356
Balsas,2026-02-14 18:00:00,29.31,65,100.0,-7.5325,-46.0356
Balsas,2026-02-14 21:00:00,25.37,83,100.0,-7.5325,-46.0356
Balsas,2026-02-15 00:00:00,23.95,87,100.0,-7.5325,-46.0356
Balsas,2026-02-15 03:00:00,22.16,97,100.0,-7.5325,-46.0356
Balsas,2026-02-15 06:00:00,21.45,95,100.0,-7.5325,-46.0356
Balsas,2026-02-15 09:00:00,21.51,97,17.0,-7.5325,-46.0356
Balsas,2026-02-15 12:00:00,21.81,98,100.0,-7.5325,-46.0356
Balsas,2026-02-15 15:00:00,23.82,89,100.0,-7.5325,-46.0356
Balsas,2026-02-15 18:00:00,25.95,78,77.0,-7.5325,-46.0356
Balsas,2026-02-15 21:00:00,24.86,86,0.0,-7.5325,-46.0356
Balsas,2026-02-16 00:00:00,23.69,87,0.0,-7.5325,-46.0356
Balsas,2026-02-16 03:00:00,22.75,92,76.0,-7.5325,-46.0356
Balsas,2026-02-16 06:00:00,22.49,94,94.0,-7.5325,-46.0356
Balsas,2026-02-16 09:00:00,22.49,94,0.0,-7.5325,-46.0356
Gurupi,2026-02-11 12:00:00,22.07,92,0.0,-11.7292,-49.0686
Gurupi,2026-02-11 15:00:00,25.1,78,0.0,-11.7292,-49.0686
Gurupi,2026-02-11 18:00:00,29.78,61,67.0,-11.7292,-49.0686
Gurupi,2026-02-11 21:00:00,26.18,84,100.0,-11.7292,-49.0686
Gurupi,2026-02-12 00:00:00,23.66,91,100.0,-11.7292,-49.0686
Gurupi,2026-02-12 03:00:00,22.7,96,100.0,-11.7292,-49.0686
Gurupi,2026-02-12 06:00:00,22.48,95,100.0,-11.7292,-49.0686
Gurupi,2026-02-12 09:00:00,22.42,92,0.0,-11.7292,-49.0686
Gurupi,2026-02-12 12:00:00,24.08,88,0.0,-11.7292,-49.0686
Gurupi,2026-02-12 15:00:00,30.16,61,43.0,-11.7292,-49.0686
Gurupi,2026-02-12 18:00:00,27.74,75,100.0,-11.7292,-49.0686
Gurupi,2026-02-12 21:00:00,26.87,81,100.0,-11.7292,-49.0686
Gurupi,2026-02-13 00:00:00,22.84,93,100.0,-11.7292,-49.0686
Gurupi,2026-02-13 03:00:00,22.06,95,100.0,-11.7292,-49.0686
Gurupi,2026-02-13 06:00:00,21.06,96,100.0,-11.7292,-49.0686
Gurupi,2026-02-13 09:00:00,20.78,97,99.0,-11.7292,-49.0686
Gurupi,2026-02-13 12:00:00,25.34,83,46.0,-11.7292,-49.0686
Gurupi,2026-02-13 15:00:00,29.17,69,100.0,-11.7292,-49.0686
Gurupi,2026-02-13 18:00:00,30.8,58,100.0,-11.7292,-49.0686
Gurupi,2026-02-13 21:00:00,28.36,73,23.0,-11.7292,-49.0686
Gurupi,2026-02-14 00:00:00,24.18,86,100.0,-11.7292,-49.0686
Gurupi,2026-02-14 03:00:00,23.2,88,0.0,-11.7292,-49.0686
Gurupi,2026-02-14 06:00:00,22.28,95,100.0,-11.7292,-49.0686
Gurupi,2026-02-14 09:00:00,21.95,93,5.0,-11.7292,-49.0686
Gurupi,2026-02-14 12:00:00,25.56,84,100.0,-11.7292,-49.0686
Gurupi,2026-02-14 15:00:00,30.31,61,100.0,-11.7292,-49.0686
Gurupi,2026-02-14 18:00:00,31.58,55,80.0,-11.7292,-49.0686
Gurupi,2026-02-14 21:00:00,28.02,76,22.0,-11.7292,-49.0686
Gurupi,2026-02-15 00:00:00,24.75,82,81.0,-11.7292,-49.0686
Gurupi,2026-02-15 03:00:00,21.88,97,100.0,-11.7292,-49.0686
Gurupi,2026-02-15 06:00:00,22.0,93,80.0,-11.7292,-49.0686
Gurupi,2026-02-15 09:00:00,22.4,93,0.0,-11.7292,-49.0686
Gurupi,2026-02-15 12:00:00,23.27,94,0.0,-11.7292,-49.0686
Gurupi,2026-02-15 15:00:00,29.5,68,100.0,-11.7292,-49.0686
Gurupi,2026-02-15 18:00:00,26.64,80,100.0,-11.7292,-49.0686
Gurupi,2026-02-15 21:00:00,25.66,87,74.0,-11.7292,-49.0686
Gurupi,2026-02-16 00:00:00,24.61,84,44.0,-11.7292,-49.0686
Gurupi,2026-02-16 03:00:00,23.51,86,0.0,-11.7292,-49.0686
Gurupi,2026-02-16 06:00:00,22.74,88,0.0,-11.7292,-49.0686
Gurupi,2026-02-16 09:00:00,22.26,89,0.0,-11.7292,-49.0686
Uruçuí,2026-02-12 12:00:00,23.37,83,0.0,-7.2294,-44.5561
Uruçuí,2026-02-12 15:00:00,28.68,61,0.0,-7.2294,-44.5561
Uruçuí,2026-02-12 18:00:00,31.14,47,0.0,-7.2294,-44.5561
Uruçuí,2026-02-12 21:00:00,28.08,60,0.0,-7.2294,-44.5561
Uruçuí,2026-02-13 00:00:00,24.5,80,0.0,-7.2294,-44.5561
Uruçuí,2026-02-13 03:00:00,25.15,76,0.0,-7.2294,-44.5561
Uruçuí,2026-02-13 06:00:00,24.82,74,0.0,-7.2294,-44.5561
Uruçuí,2026-02-13 09:00:00,22.35,87,37.0,-7.2294,-44.5561
Uruçuí,2026-02-13 12:00:00,25.1,83,100.0,-7.2294,-44.5561
Uruçuí,2026-02-13 15:00:00,29.07,65,100.0,-7.2294,-44.5561
Uruçuí,2026-02-13 18:00:00,28.55,65,100.0,-7.2294,-44.5561
Uruçuí,2026-02-13 21:00:00,25.97,77,61.0,-7.2294,-44.5561
Uruçuí,2026-02-14 00:00:00,24.48,84,53.0,-7.2294,-44.5561
Uruçuí,2026-02-14 03:00:00,23.45,88,0.0,-7.2294,-44.5561
Uruçuí,2026-02-14 06:00:00,22.52,91,25.0,-7.2294,-44.5561
Uruçuí,2026-02-14 09:00:00,21.46,97,100.0,-7.2294,-44.5561
Uruçuí,2026-02-14 12:00:00,25.57,79,100.0,-7.2294,-44.5561
Uruçuí,2026-02-14 15:00:00,29.65,60,100.0,-7.2294,-44.5561
Uruçuí,2026-02-14 18:00:00,28.24,72,100.0,-7.2294,-44.5561
Uruçuí,2026-02-14 21:00:00,25.04,86,100.0,-7.2294,-44.5561
Uruçuí,2026-02-15 00:00:00,22.29,96,100.0,-7.2294,-44.5561
Uruçuí,2026-02-15 03:00:00,22.82,95,100.0,-7.2294,-44.5561
Uruçuí,2026-02-15 06:00:00,21.65,97,98.0,-7.2294,-44.5561
Uruçuí,2026-02-15 09:00:00,21.53,96,100.0,-7.2294,-44.5561
Uruçuí,2026-02-15 12:00:00,25.07,79,78.0,-7.2294,-44.5561
Uruçuí,2026-02-15 15:00:00,30.97,54,15.0,-7.2294,-44.5561
Uruçuí,2026-02-15 18:00:00,31.45,52,25.0,-7.2294,-44.5561
Uruçuí,2026-02-15 21:00:00,25.41,84,100.0,-7.2294,-44.5561
Uruçuí,2026-02-16 00:00:00,24.15,88,100.0,-7.2294,-44.5561
Uruçuí,2026-02-16 03:00:00,23.78,91,0.0,-7.2294,-44.5561
Uruçuí,2026-02-16 06:00:00,22.99,93,22.0,-7.2294,-44.5561
Uruçuí,2026-02-16 09:00:00,21.98,95,0.0,-7.2294,-44.5561
Uruçuí,2026-02-16 12:00:00,26.19,72,0.0,-7.2294,-44.5561
Uruçuí,2026-02-16 15:00:00,30.09,56,0.0,-7.2294,-44.5561
Uruçuí,2026-02-16 18:00:00,30.64,55,24.0,-7.2294,-44.5561
Uruçuí,2026-02-16 21:00:00,25.73,85,100.0,-7.2294,-44.5561
Uruçuí,2026-02-17 00:00:00,23.47,91,80.0,-7.2294,-44.5561
Uruçuí,2026-02-17 03:00:00,22.91,93,0.0,-7.2294,-44.5561
Uruçuí,2026-02-17 06:00:00,22.83,93,0.0,-7.2294,-44.5561
Uruçuí,2026-02-17 09:00:00,21.68,96,0.0,-7.2294,-44.5561
Barreiras,2026-02-12 12:00:00,22.41,84,0.0,-12.1528,-44.99
Barreiras,2026-02-12 15:00:00,26.21,64,0.0,-12.1528,-44.99
Barreiras,2026-02-12 18:00:00,31.86,40,0.0,-12.1528,-44.99
Barreiras,2026-02-12 21:00:00,27.22,63,0.0,-12.1528,-44.99
Barreiras,2026-02-13 00:00:00,23.6,70,0.0,-12.1528,-44.99
Barreiras,2026-02-13 03:00:00,23.47,69,0.0,-12.1528,-44.99
Barreiras,2026-02-13 06:00:00,20.48,78,0.0,-12.1528,-44.99
Barreiras,2026-02-13 09:00:00,19.71,79,0.0,-12.1528,-44.99
Barreiras,2026-02-13 12:00:00,27.1,56,0.0,-12.1528,-44.99
Barreiras,2026-02-13 15:00:00,31.4,45,0.0,-12.1528,-44.99
Barreiras,2026-02-13 18:00:00,25.53,75,25.0,-12.1528,-44.99
Barreiras,2026-02-13 21:00:00,24.91,80,20.0,-12.1528,-44.99
Barreiras,2026-02-14 00:00:00,22.54,79,0.0,-12.1528,-44.99
Barreiras,2026-02-14 03:00:00,22.03,81,0.0,-12.1528,-44.99
Barreiras,2026-02-14 06:00:00,21.8,82,0.0,-12.1528,-44.99
Barreiras,2026-02-14 09:00:00,21.36,82,0.0,-12.1528,-44.99
Barreiras,2026-02-14 12:00:00,26.04,66,0.0,-12.1528,-44.99
Barreiras,2026-02-14 15:00:00,30.97,49,69.0,-12.1528,-44.99
Barreiras,2026-02-14 18:00:00,32.02,43,51.0,-12.1528,-44.99
Barreiras,2026-02-14 21:00:00,27.47,69,0.0,-12.1528,-44.99
Barreiras,2026-02-15 00:00:00,23.51,83,20.0,-12.1528,-44.99
Barreiras,2026-02-15 03:00:00,22.76,90,92.0,-12.1528,-44.99
Barreiras,2026-02-15 06:00:00,22.39,89,82.0,-12.1528,-44.99
Barreiras,2026-02-15 09:00:00,20.64,94,0.0,-12.1528,-44.99
Barreiras,2026-02-15 12:00:00,27.09,63,0.0,-12.1528,-44.99
Barreiras,2026-02-15 15:00:00,32.06,44,0.0,-12.1528,-44.99
Barreiras,2026-02-15 18:00:00,34.06,33,0.0,-12.1528,-44.99
Barreiras,2026-02-15 21:00:00,27.93,50,0.0,-12.1528,-44.99
Barreiras,2026-02-16 00:00:00,24.78,47,0.0,-12.1528,-44.99
Barreiras,2026-02-16 03:00:00,22.26,62,0.0,-12.1528,-44.99
Barreiras,2026-02-16 06:00:00,21.3,69,0.0,-12.1528,-44.99
Barreiras,2026-02-16 09:00:00,20.17,78,0.0,-12.1528,-44.99
Barreiras,2026-02-16 12:00:00,26.81,61,0.0,-12.1528,-44.99
Barreiras,2026-02-16 15:00:00,32.2,42,0.0,-12.1528,-44.99
Barreiras,2026-02-16 18:00:00,33.76,34,0.0,-12.1528,-44.99
Barreiras,2026-02-16 21:00:00,27.53,62,0.0,-12.1528,-44.99
Barreiras,2026-02-17 00:00:00,25.44,63,0.0,-12.1528,-44.99
Barreiras,2026-02-17 03:00:00,24.77,65,5.0,-12.1528,-44.99
Barreiras,2026-02-17 06:00:00,22.17,77,32.0,-12.1528,-44.99
Barreiras,2026-02-17 09:00:00,22.8,75,20.0,-12.1528,-44.99
Balsas,2026-02-12 12:00:00,23.05,88,0.0,-7.5325,-46.0356
Balsas,2026-02-12 15:00:00,27.22,69,33.0,-7.5325,-46.0356
Balsas,2026-02-12 18:00:00,30.51,55,20.0,-7.5325,-46.0356
Balsas,2026-02-12 21:00:00,28.32,64,0.0,-7.5325,-46.0356
Balsas,2026-02-13 00:00:00,25.07,75,0.0,-7.5325,-46.0356
Balsas,2026-02-13 03:00:00,23.73,81,0.0,-7.5325,-46.0356
Balsas,2026-02-13 06:00:00,23.6,81,0.0,-7.5325,-46.0356
Balsas,2026-02-13 09:00:00,22.21,88,5.0,-7.5325,-46.0356
Balsas,2026-02-13 12:00:00,26.47,75,100.0,-7.5325,-46.0356
Balsas,2026-02-13 15:00:00,28.1,69,100.0,-7.5325,-46.0356
Balsas,2026-02-13 18:00:00,29.64,62,100.0,-7.5325,-46.0356
Balsas,2026-02-13 21:00:00,25.36,87,100.0,-7.5325,-46.0356
Balsas,2026-02-14 00:00:00,23.44,93,100.0,-7.5325,-46.0356
Balsas,2026-02-14 03:00:00,23.45,91,0.0,-7.5325,-46.0356
Balsas,2026-02-14 06:00:00,23.04,92,0.0,-7.5325,-46.0356
Balsas,2026-02-14 09:00:00,21.95,95,100.0,-7.5325,-46.0356
Balsas,2026-02-14 12:00:00,25.36,83,100.0,-7.5325,-46.0356
Balsas,2026-02-14 15:00:00,26.92,76,100.0,-7.5325,-46.0356
Balsas,2026-02-14 18:00:00,29.28,62,100.0,-7.5325,-46.0356
Balsas,2026-02-14 21:00:00,25.79,83,100.0,-7.5325,-46.0356
Balsas,2026-02-15 00:00:00,23.13,93,100.0,-7.5325,-46.0356
Balsas,2026-02-15 03:00:00,22.06,94,69.0,-7.5325,-46.0356
Balsas,2026-02-15 06:00:00,21.81,95,89.0,-7.5325,-46.0356
Balsas,2026-02-15 09:00:00,21.6,97,100.0,-7.5325,-46.0356
Balsas,2026-02-15 12:00:00,22.78,93,100.0,-7.5325,-46.0356
Balsas,2026-02-15 15:00:00,26.51,73,0.0,-7.5325,-46.0356
Balsas,2026-02-15 18:00:00,29.24,64,22.0,-7.5325,-46.0356
Balsas,2026-02-15 21:00:00,25.46,86,100.0,-7.5325,-46.0356
Balsas,2026-02-16 00:00:00,23.62,91,100.0,-7.5325,-46.0356
Balsas,2026-02-16 03:00:00,22.95,92,0.0,-7.5325,-46.0356
Balsas,2026-02-16 06:00:00,22.38,94,0.0,-7.5325,-46.0356
Balsas,2026-02-16 09:00:00,21.57,97,86.0,-7.5325,-46.0356
Balsas,2026-02-16 12:00:00,26.18,78,71.0,-7.5325,-46.0356
Balsas,2026-02-16 15:00:00,28.26,72,100.0,-7.5325,-46.0356
Balsas,2026-02-16 18:00:00,27.78,73,100.0,-7.5325,-46.0356
Balsas,2026-02-16 21:00:00,24.71,89,100.0,-7.5325,-46.0356
Balsas,2026-02-17 00:00:00,23.8,90,100.0,-7.5325,-46.0356
Balsas,2026-02-17 03:00:00,22.47,94,0.0,-7.5325,-46.0356
Balsas,2026-02-17 06:00:00,21.85,95,0.0,-7.5325,-46.0356
Balsas,2026-02-17 09:00:00,21.58,95,23.0,-7.5325,-46.0356
Gurupi,2026-02-12 12:00:00,21.8,93,47.0,-11.7292,-49.0686
Gurupi,2026-02-12 15:00:00,27.03,72,76.0,-11.7292,-49.0686
Gurupi,2026-02-12 18:00:00,30.71,58,100.0,-11.7292,-49.0686
Gurupi,2026-02-12 21:00:00,26.25,83,100.0,-11.7292,-49.0686
Gurupi,2026-02-13 00:00:00,23.24,92,100.0,-11.7292,-49.0686
Gurupi,2026-02-13 03:00:00,22.04,96,100.0,-11.7292,-49.0686
Gurupi,2026-02-13 06:00:00,21.21,99,80.0,-11.7292,-49.0686
Gurupi,2026-02-13 09:00:00,20.27,99,0.0,-11.7292,-49.0686
Gurupi,2026-02-13 12:00:00,24.44,85,0.0,-11.7292,-49.0686
Gurupi,2026-02-13 15:00:00,30.04,61,0.0,-11.7292,-49.0686
Gurupi,2026-02-13 18:00:00,31.98,52,28.0,-11.7292,-49.0686
Gurupi,2026-02-13 21:00:00,27.51,72,0.0,-11.7292,-49.0686
Gurupi,2026-02-14 00:00:00,24.83,80,0.0,-11.7292,-49.0686
Gurupi,2026-02-14 03:00:00,23.08,90,90.0,-11.7292,-49.0686
Gurupi,2026-02-14 06:00:00,22.25,91,75.0,-11.7292,-49.0686
Gurupi,2026-02-14 09:00:00,21.6,93,51.0,-11.7292,-49.0686
Gurupi,2026-02-14 12:00:00,26.57,75,17.0,-11.7292,-49.0686
Gurupi,2026-02-14 15:00:00,31.33,54,82.0,-11.7292,-49.0686
Gurupi,2026-02-14 18:00:00,32.4,52,76.0,-11.7292,-49.0686
Gurupi,2026-02-14 21:00:00,24.68,87,94.0,-11.7292,-49.0686
Gurupi,2026-02-15 00:00:00,21.74,94,100.0,-11.7292,-49.0686
Gurupi,2026-02-15 03:00:00,22.13,95,100.0,-11.7292,-49.0686
Gurupi,2026-02-15 06:00:00,22.08,91,80.0,-11.7292,-49.0686
Gurupi,2026-02-15 09:00:00,21.3,93,0.0,-11.7292,-49.0686
Gurupi,2026-02-15 12:00:00,24.98,78,32.0,-11.7292,-49.0686
Gurupi,2026-02-15 15:00:00,29.85,58,0.0,-11.7292,-49.0686
Gurupi,2026-02-15 18:00:00,31.43,53,0.0,-11.7292,-49.0686
Gurupi,2026-02-15 21:00:00,28.19,72,0.0,-11.7292,-49.0686
Gurupi,2026-02-16 00:00:00,25.16,76,36.0,-11.7292,-49.0686
Gurupi,2026-02-16 03:00:00,23.23,89,91.0,-11.7292,-49.0686
Gurupi,2026-02-16 06:00:00,22.85,90,63.0,-11.7292,-49.0686
Gurupi,2026-02-16 09:00:00,21.8,95,100.0,-11.7292,-49.0686
Gurupi,2026-02-16 12:00:00,26.47,80,100.0,-11.7292,-49.0686
Gurupi,2026-02-16 15:00:00,29.9,63,100.0,-11.7292,-49.0686
Gurupi,2026-02-16 18:00:00,31.65,54,80.0,-11.7292,-49.0686
Gurupi,2026-02-16 21:00:00,28.42,77,22.0,-11.7292,-49.0686
Gurupi,2026-02-17 00:00:00,24.17,87,29.0,-11.7292,-49.0686
Gurupi,2026-02-17 03:00:00,23.87,87,25.0,-11.7292,-49.0686
Gurupi,2026-02-17 06:00:00,22.48,94,100.0,-11.7292,-49.0686
Gurupi,2026-02-17 09:00:00,21.46,96,100.0,-11.7292,-49.0686
Uruçuí,2026-02-13 12:00:00,23.7,85,22.0,-7.2294,-44.5561
Uruçuí,2026-02-13 15:00:00,28.61,63,4.0,-7.2294,-44.5561
Uruçuí,2026-02-13 18:00:00,29.01,62,32.0,-7.2294,-44.5561
Uruçuí,2026-02-13 21:00:00,26.72,75,0.0,-7.2294,-44.5561
Uruçuí,2026-02-14 00:00:00,25.02,78,0.0,-7.2294,-44.5561
Uruçuí,2026-02-14 03:00:00,24.58,78,0.0,-7.2294,-44.5561
Uruçuí,2026-02-14 06:00:00,23.22,85,0.0,-7.2294,-44.5561
Uruçuí,2026-02-14 09:00:00,22.15,93,87.0,-7.2294,-44.5561
Uruçuí,2026-02-14 12:00:00,25.21,83,100.0,-7.2294,-44.5561
Uruçuí,2026-02-14 15:00:00,28.33,70,100.0,-7.2294,-44.5561
Uruçuí,2026-02-14 18:00:00,28.71,67,100.0,-7.2294,-44.5561
Uruçuí,2026-02-14 21:00:00,24.06,90,100.0,-7.2294,-44.5561
Uruçuí,2026-02-15 00:00:00,23.91,90,100.0,-7.2294,-44.5561
Uruçuí,2026-02-15 03:00:00,22.96,95,100.0,-7.2294,-44.5561
Uruçuí,2026-02-15 06:00:00,21.96,97,100.0,-7.2294,-44.5561
Uruçuí,2026-02-15 09:00:00,22.05,95,77.0,-7.2294,-44.5561
Uruçuí,2026-02-15 12:00:00,24.16,84,60.0,-7.2294,-44.5561
Uruçuí,2026-02-15 15:00:00,26.74,72,48.0,-7.2294,-44.5561
Uruçuí,2026-02-15 18:00:00,27.89,66,0.0,-7.2294,-44.5561
Uruçuí,2026-02-15 21:00:00,26.13,79,0.0,-7.2294,-44.5561
Uruçuí,2026-02-16 00:00:00,24.18,86,33.0,-7.2294,-44.5561
Uruçuí,2026-02-16 03:00:00,23.22,88,0.0,-7.2294,-44.5561
Uruçuí,2026-02-16 06:00:00,22.56,85,0.0,-7.2294,-44.5561
Uruçuí,2026-02-16 09:00:00,22.0,90,0.0,-7.2294,-44.5561
Uruçuí,2026-02-16 12:00:00,25.69,74,0.0,-7.2294,-44.5561
Uruçuí,2026-02-16 15:00:00,29.13,62,60.0,-7.2294,-44.5561
Uruçuí,2026-02-16 18:00:00,30.47,55,47.0,-7.2294,-44.5561
Uruçuí,2026-02-16 21:00:00,25.23,85,100.0,-7.2294,-44.5561
Uruçuí,2026-02-17 00:00:00,23.82,89,80.0,-7.2294,-44.5561
Uruçuí,2026-02-17 03:00:00,22.84,92,0.0,-7.2294,-44.5561
Uruçuí,2026-02-17 06:00:00,21.94,93,0.0,-7.2294,-44.5561
Uruçuí,2026-02-17 09:00:00,21.55,94,0.0,-7.2294,-44.5561
Uruçuí,2026-02-17 12:00:00,25.39,80,0.0,-7.2294,-44.5561
Uruçuí,2026-02-17 15:00:00,28.02,70,100.0,-7.2294,-44.5561
Uruçuí,2026-02-17 18:00:00,29.1,65,100.0,-7.2294,-44.5561
Uruçuí,2026-02-17 21:00:00,25.13,85,100.0,-7.2294,-44.5561
Uruçuí,2026-02-18 00:00:00,23.97,88,80.0,-7.2294,-44.5561
Uruçuí,2026-02-18 03:00:00,23.05,92,17.0,-7.2294,-44.5561
Uruçuí,2026-02-18 06:00:00,22.31,94,0.0,-7.2294,-44.5561
Uruçuí,2026-02-18 09:00:00,21.85,94,0.0,-7.2294,-44.5561
Barreiras,2026-02-13 12:00:00,21.68,72,0.0,-12.1528,-44.99
Barreiras,2026-02-13 15:00:00,27.75,54,0.0,-12.1528,-44.99
Barreiras,2026-02-13 18:00:00,28.25,59,0.0,-12.1528,-44.99
Barreiras,2026-02-13 21:00:00,27.81,58,0.0,-12.1528,-44.99
Barreiras,2026-02-14 00:00:00,24.7,61,0.0,-12.1528,-44.99
Barreiras,2026-02-14 03:00:00,22.44,68,0.0,-12.1528,-44.99
Barreiras,2026-02-14 06:00:00,22.44,70,0.0,-12.1528,-44.99
Barreiras,2026-02-14 09:00:00,23.22,68,0.0,-12.1528,-44.99
Barreiras,2026-02-14 12:00:00,27.08,56,0.0,-12.1528,-44.99
Barreiras,2026-02-14 15:00:00,31.64,45,40.0,-12.1528,-44.99
Barreiras,2026-02-14 18:00:00,31.34,47,88.0,-12.1528,-44.99
Barreiras,2026-02-14 21:00:00,28.09,63,0.0,-12.1528,-44.99
Barreiras,2026-02-15 00:00:00,23.4,85,90.0,-12.1528,-44.99
Barreiras,2026-02-15 03:00:00,22.6,89,0.0,-12.1528,-44.99
Barreiras,2026-02-15 06:00:00,21.32,92,0.0,-12.1528,-44.99
Barreiras,2026-02-15 09:00:00,20.77,91,0.0,-12.1528,-44.99
Barreiras,2026-02-15 12:00:00,27.15,64,0.0,-12.1528,-44.99
Barreiras,2026-02-15 15:00:00,32.63,39,0.0,-12.1528,-44.99
Barreiras,2026-02-15 18:00:00,33.29,37,0.0,-12.1528,-44.99
Barreiras,2026-02-15 21:00:00,28.18,53,0.0,-12.1528,-44.99
Barreiras,2026-02-16 00:00:00,24.84,59,0.0,-12.1528,-44.99
Barreiras,2026-02-16 03:00:00,24.98,56,0.0,-12.1528,-44.99
Barreiras,2026-02-16 06:00:00,22.5,64,0.0,-12.1528,-44.99
Barreiras,2026-02-16 09:00:00,21.37,67,0.0,-12.1528,-44.99
Barreiras,2026-02-16 12:00:00,28.01,56,0.0,-12.1528,-44.99
Barreiras,2026-02-16 15:00:00,32.83,42,0.0,-12.1528,-44.99
Barreiras,2026-02-16 18:00:00,33.06,40,0.0,-12.1528,-44.99
Barreiras,2026-02-16 21:00:00,29.01,55,0.0,-12.1528,-44.99
Barreiras,2026-02-17 00:00:00,24.96,63,0.0,-12.1528,-44.99
Barreiras,2026-02-17 03:00:00,25.42,60,0.0,-12.1528,-44.99
Barreiras,2026-02-17 06:00:00,24.58,59,0.0,-12.1528,-44.99
Barreiras,2026-02-17 09:00:00,21.72,67,0.0,-12.1528,-44.99
Barreiras,2026-02-17 12:00:00,28.29,54,0.0,-12.1528,-44.99
Barreiras,2026-02-17 15:00:00,32.13,42,0.0,-12.1528,-44.99
Barreiras,2026-02-17 18:00:00,32.87,38,0.0,-12.1528,-44.99
Barreiras,2026-02-17 21:00:00,24.61,76,59.0,-12.1528,-44.99
Barreiras,2026-02-18 00:00:00,22.32,88,99.0,-12.1528,-44.99
Barreiras,2026-02-18 03:00:00,21.1,91,0.0,-12.1528,-44.99
Barreiras,2026-02-18 06:00:00,20.51,92,0.0,-12.1528,-44.99
Barreiras,2026-02-18 09:00:00,21.65,88,29.0,-12.1528,-44.99
Balsas,2026-02-13 12:00:00,23.24,87,100.0,-7.5325,-46.0356
Balsas,2026-02-13 15:00:00,27.93,66,98.0,-7.5325,-46.0356
Balsas,2026-02-13 18:00:00,26.91,74,85.0,-7.5325,-46.0356
Balsas,2026-02-13 21:00:00,26.62,79,24.0,-7.5325,-46.0356
Balsas,2026-02-14 00:00:00,23.87,85,9.0,-7.5325,-46.0356
Balsas,2026-02-14 03:00:00,24.05,83,0.0,-7.5325,-46.0356
Balsas,2026-02-14 06:00:00,23.09,87,0.0,-7.5325,-46.0356
Balsas,2026-02-14 09:00:00,22.6,90,0.0,-7.5325,-46.0356
Balsas,2026-02-14 12:00:00,24.25,86,100.0,-7.5325,-46.0356
Balsas,2026-02-14 15:00:00,25.19,84,100.0,-7.5325,-46.0356
Balsas,2026-02-14 18:00:00,28.55,62,80.0,-7.5325,-46.0356
Balsas,2026-02-14 21:00:00,26.09,76,0.0,-7.5325,-46.0356
Balsas,2026-02-15 00:00:00,24.08,82,20.0,-7.5325,-46.0356
Balsas,2026-02-15 03:00:00,22.76,94,100.0,-7.5325,-46.0356
Balsas,2026-02-15 06:00:00,22.77,93,100.0,-7.5325,-46.0356
Balsas,2026-02-15 09:00:00,22.22,95,48.0,-7.5325,-46.0356
Balsas,2026-02-15 12:00:00,22.53,94,11.0,-7.5325,-46.0356
Balsas,2026-02-15 15:00:00,26.46,75,0.0,-7.5325,-46.0356
Balsas,2026-02-15 18:00:00,30.66,56,0.0,-7.5325,-46.0356
Balsas,2026-02-15 21:00:00,27.0,72,0.0,-7.5325,-46.0356
Balsas,2026-02-16 00:00:00,23.74,82,0.0,-7.5325,-46.0356
Balsas,2026-02-16 03:00:00,21.9,94,100.0,-7.5325,-46.0356
Balsas,2026-02-16 06:00:00,21.96,96,78.0,-7.5325,-46.0356
Balsas,2026-02-16 09:00:00,21.48,97,3.0,-7.5325,-46.0356
Balsas,2026-02-16 12:00:00,25.98,76,0.0,-7.5325,-46.0356
Balsas,2026-02-16 15:00:00,30.14,57,100.0,-7.5325,-46.0356
Balsas,2026-02-16 18:00:00,27.88,71,100.0,-7.5325,-46.0356
Balsas,2026-02-16 21:00:00,26.07,82,100.0,-7.5325,-46.0356
Balsas,2026-02-17 00:00:00,23.65,89,100.0,-7.5325,-46.0356
Balsas,2026-02-17 03:00:00,23.37,90,0.0,-7.5325,-46.0356
Balsas,2026-02-17 06:00:00,22.43,92,0.0,-7.5325,-46.0356
Balsas,2026-02-17 09:00:00,21.89,94,0.0,-7.5325,-46.0356
Balsas,2026-02-17 12:00:00,25.95,75,0.0,-7.5325,-46.0356
Balsas,2026-02-17 15:00:00,29.5,61,92.0,-7.5325,-46.0356
Balsas,2026-02-17 18:00:00,28.88,66,100.0,-7.5325,-46.0356
Balsas,2026-02-17 21:00:00,24.91,86,100.0,-7.5325,-46.0356
Balsas,2026-02-18 00:00:00,23.26,94,100.0,-7.5325,-46.0356
Balsas,2026-02-18 03:00:00,23.06,92,95.0,-7.5325,-46.0356
Balsas,2026-02-18 06:00:00,22.18,95,97.0,-7.5325,-46.0356
Balsas,2026-02-18 09:00:00,21.8,96,29.0,-7.5325,-46.0356
Gurupi,2026-02-13 12:00:00,22.78,86,0.0,-11.7292,-49.0686
Gurupi,2026-02-13 15:00:00,27.44,66,0.0,-11.7292,-49.0686
Gurupi,2026-02-13 18:00:00,32.12,46,0.0,-11.7292,-49.0686
Gurupi,2026-02-13 21:00:00,29.0,63,0.0,-11.7292,-49.0686
Gurupi,2026-02-14 00:00:00,25.49,64,0.0,-11.7292,-49.0686
Gurupi,2026-02-14 03:00:00,25.28,67,0.0,-11.7292,-49.0686
Gurupi,2026-02-14 06:00:00,22.79,78,0.0,-11.7292,-49.0686
Gurupi,2026-02-14 09:00:00,22.52,80,0.0,-11.7292,-49.0686
Gurupi,2026-02-14 12:00:00,24.11,79,0.0,-11.7292,-49.0686
Gurupi,2026-02-14 15:00:00,29.09,61,57.0,-11.7292,-49.0686
Gurupi,2026-02-14 18:00:00,32.47,49,47.0,-11.7292,-49.0686
Gurupi,2026-02-14 21:00:00,28.77,66,0.0,-11.7292,-49.0686
Gurupi,2026-02-15 00:00:00,25.7,73,0.0,-11.7292,-49.0686
Gurupi,2026-02-15 03:00:00,23.58,86,68.0,-11.7292,-49.0686
Gurupi,2026-02-15 06:00:00,22.34,93,100.0,-11.7292,-49.0686
Gurupi,2026-02-15 09:00:00,21.77,95,0.0,-11.7292,-49.0686
Gurupi,2026-02-15 12:00:00,26.18,77,0.0,-11.7292,-49.0686
Gurupi,2026-02-15 15:00:00,28.93,69,100.0,-11.7292,-49.0686
Gurupi,2026-02-15 18:00:00,32.17,51,100.0,-11.7292,-49.0686
Gurupi,2026-02-15 21:00:00,26.8,79,40.0,-11.7292,-49.0686
Gurupi,2026-02-16 00:00:00,23.41,81,88.0,-11.7292,-49.0686
Gurupi,2026-02-16 03:00:00,23.09,79,0.0,-11.7292,-49.0686
Gurupi,2026-02-16 06:00:00,21.85,86,37.0,-11.7292,-49.0686
Gurupi,2026-02-16 09:00:00,21.22,89,85.0,-11.7292,-49.0686
Gurupi,2026-02-16 12:00:00,26.09,77,98.0,-11.7292,-49.0686
Gurupi,2026-02-16 15:00:00,30.89,58,100.0,-11.7292,-49.0686
Gurupi,2026-02-16 18:00:00,29.74,65,100.0,-11.7292,-49.0686
Gurupi,2026-02-16 21:00:00,28.1,73,20.0,-11.7292,-49.0686
Gurupi,2026-02-17 00:00:00,25.2,79,0.0,-11.7292,-49.0686
Gurupi,2026-02-17 03:00:00,24.05,85,28.0,-11.7292,-49.0686
Gurupi,2026-02-17 06:00:00,23.64,86,0.0,-11.7292,-49.0686
Gurupi,2026-02-17 09:00:00,22.16,93,90.0,-11.7292,-49.0686
Gurupi,2026-02-17 12:00:00,27.02,75,75.0,-11.7292,-49.0686
Gurupi,2026-02-17 15:00:00,30.41,62,100.0,-11.7292,-49.0686
Gurupi,2026-02-17 18:00:00,32.22,51,80.0,-11.7292,-49.0686
Gurupi,2026-02-17 21:00:00,29.16,66,0.0,-11.7292,-49.0686
Gurupi,2026-02-18 00:00:00,25.37,76,0.0,-11.7292,-49.0686
Gurupi,2026-02-18 03:00:00,23.43,87,0.0,-11.7292,-49.0686
Gurupi,2026-02-18 06:00:00,21.77,95,100.0,-11.7292,-49.0686
Gurupi,2026-02-18 09:00:00,21.72,93,0.0,-11.7292,-49.0686
